model,seed,classifier_strategy,level,scope,n_units,n_roi_evaluable,roi_coverage,dice,dice.n_nonmissing,iou,iou.n_nonmissing,pixel_sensitivity,pixel_sensitivity.n_nonmissing,pixel_specificity,pixel_specificity.n_nonmissing,pixel_precision,pixel_precision.n_nonmissing,hausdorff95,hausdorff95.n_nonmissing,average_symmetric_surface_distance,average_symmetric_surface_distance.n_nonmissing,surface_dice,surface_dice.n_nonmissing,absolute_area_error,absolute_area_error.n_nonmissing,relative_area_error,relative_area_error.n_nonmissing,centroid_distance,centroid_distance.n_nonmissing,raw_dice,raw_dice.n_nonmissing,raw_iou,raw_iou.n_nonmissing,raw_pixel_sensitivity,raw_pixel_sensitivity.n_nonmissing,raw_pixel_specificity,raw_pixel_specificity.n_nonmissing,raw_pixel_precision,raw_pixel_precision.n_nonmissing,raw_hausdorff95,raw_hausdorff95.n_nonmissing,raw_average_symmetric_surface_distance,raw_average_symmetric_surface_distance.n_nonmissing,raw_surface_dice,raw_surface_dice.n_nonmissing,raw_absolute_area_error,raw_absolute_area_error.n_nonmissing,raw_relative_area_error,raw_relative_area_error.n_nonmissing,raw_centroid_distance,raw_centroid_distance.n_nonmissing
yolo26,17,model_specific,frame,ALL,252,238,0.9444444444444444,0.8087706164519581,252,0.7114154767866467,252,0.8751982842027501,252,0.9963484427031709,252,0.8107403109204723,238,20.78673482265744,238,7.3854658788557845,238,0.239230505647133,252,2397.0396825396824,252,0.27288150580552556,252,8.326309056267318,238,0.8088900973617444,252,0.7115711915312217,252,0.875359912044564,252,0.9963484358771829,252,0.8107538294057086,238,20.727882467114743,238,7.369086355721159,238,0.2392217719189696,252,2395.1666666666665,252,0.27272034597337896,252,8.308338233889923,238
yolo26,17,model_specific,eye,ALL,36,35,0.9722222222222222,0.8087706164519581,36,0.7114154767866466,36,0.8751982842027499,36,0.9963484427031708,36,0.8039538857148352,36,21.45785177663649,36,7.623786155011375,36,0.2392305056471329,36,2397.039682539683,36,0.2728815058055256,36,8.880791055770036,36,0.8088900973617443,36,0.7115711915312216,36,0.8753599120445639,36,0.996348435877183,36,0.8039666531731138,36,21.402268996401716,36,7.60831660538423,36,0.2392217719189695,36,2395.1666666666665,36,0.27272034597337896,36,8.863818612413608,36
yolo26,17,model_specific,patient,ALL,18,17,0.9444444444444444,0.808770616451958,18,0.7114154767866466,18,0.87519828420275,18,0.9963484427031708,18,0.8039538857148351,18,21.457851776636485,18,7.623786155011375,18,0.23923050564713297,18,2397.039682539683,18,0.2728815058055256,18,8.880791055770038,18,0.8088900973617442,18,0.7115711915312217,18,0.875359912044564,18,0.9963484358771828,18,0.8039666531731137,18,21.402268996401716,18,7.608316605384228,18,0.23922177191896957,18,2395.1666666666665,18,0.27272034597337896,18,8.863818612413608,18
yolo26,42,model_specific,frame,ALL,252,245,0.9722222222222222,0.8048710460715732,252,0.6947036865741733,252,0.9005560268882702,252,0.9951632108794285,252,0.7735628204232015,245,23.52672164205768,245,8.906914120436449,245,0.1991656916090145,252,3035.845238095238,252,0.34777725144603727,252,9.617660913269724,245,0.8061462207280117,252,0.6954621375777693,252,0.9013167060375351,252,0.9951631353082949,252,0.7744805303073098,246,23.835074952282028,246,9.016596282287331,246,0.19915735308240612,252,3026.8253968253966,252,0.3470201467148571,252,9.755886314108794,246
yolo26,42,model_specific,eye,ALL,36,36,1.0,0.8048710460715732,36,0.6947036865741734,36,0.9005560268882703,36,0.9951632108794285,36,0.7774418421786795,36,23.580368348834238,36,8.917710760872458,36,0.19916569160901448,36,3035.845238095238,36,0.3477772514460373,36,9.663649934812677,36,0.8061462207280118,36,0.6954621375777693,36,0.9013167060375351,36,0.9951631353082949,36,0.7774959880875553,36,23.853628461540023,36,9.03132645913545,36,0.19915735308240612,36,3026.825396825397,36,0.34702014671485704,36,9.773630446601508,36
yolo26,42,model_specific,patient,ALL,18,18,1.0,0.804871046071573,18,0.6947036865741733,18,0.9005560268882703,18,0.9951632108794285,18,0.7774418421786794,18,23.580368348834234,18,8.917710760872458,18,0.19916569160901448,18,3035.8452380952385,18,0.3477772514460373,18,9.663649934812677,18,0.8061462207280117,18,0.6954621375777692,18,0.9013167060375351,18,0.9951631353082947,18,0.7774959880875552,18,23.85362846154002,18,9.03132645913545,18,0.19915735308240612,18,3026.825396825397,18,0.34702014671485704,18,9.773630446601507,18
yolo26,2026,model_specific,frame,ALL,252,200,0.7936507936507936,0.671899476976115,252,0.5882020395228841,252,0.7180002063332621,252,0.9971564451085417,252,0.8179403217373465,200,19.791458984634414,200,7.859874388113954,200,0.20036954788831113,252,4164.857142857143,252,0.38991881142882473,252,8.525792689094779,200,0.6920531797361079,252,0.6038253672685001,252,0.7441063369021665,252,0.9967369746228224,252,0.8097971839118195,207,27.988263324997117,207,9.835362992177247,207,0.2091511513284858,252,3956.0198412698414,252,0.3771729544712473,252,11.241213355073834,207
yolo26,2026,model_specific,eye,ALL,36,30,0.8333333333333334,0.6718994769761149,36,0.588202039522884,36,0.7180002063332622,36,0.9971564451085416,36,0.8197165404055212,32,21.027943597747385,32,8.330877503205038,32,0.2003695478883111,36,4164.857142857142,36,0.3899188114288247,36,8.99925125616408,32,0.6920531797361079,36,0.6038253672685,36,0.7441063369021669,36,0.9967369746228224,36,0.8123536839301843,33,28.33487876767505,33,10.090370547329341,33,0.2091511513284858,36,3956.0198412698414,36,0.3771729544712474,36,11.419325465184224,33
yolo26,2026,model_specific,patient,ALL,18,13,0.7222222222222222,0.6718994769761149,18,0.588202039522884,18,0.7180002063332621,18,0.9971564451085416,18,0.8189913963057049,18,21.27213248106574,18,8.410464715389226,18,0.2003695478883111,18,4164.857142857143,18,0.3899188114288246,18,9.087361490066716,18,0.692053179736108,18,0.6038253672685001,18,0.7441063369021665,18,0.9967369746228224,18,0.8109136067042733,18,27.86070140631947,18,9.968604185335785,18,0.2091511513284858,18,3956.0198412698414,18,0.3771729544712474,18,11.176061749719354,18
yolo26,3407,model_specific,frame,ALL,252,234,0.9285714285714286,0.7447491141410714,252,0.6282673195549111,252,0.8580063843923988,252,0.9942641734031971,252,0.7304332571165902,234,25.580873005801386,234,10.698189594143924,234,0.1277401517772919,252,3855.59126984127,252,0.429035630126191,252,10.045174587912753,234,0.7447005091185412,252,0.6281902785089547,252,0.8580380305222208,252,0.9942611450925458,252,0.7303343366785165,234,25.662057324691443,234,10.710669045548418,234,0.127746607376153,252,3857.5396825396824,252,0.4292548700197501,252,10.038622530745513,234
yolo26,3407,model_specific,eye,ALL,36,34,0.9444444444444444,0.7447491141410715,36,0.6282673195549112,36,0.8580063843923988,36,0.9942641734031972,36,0.7320032643739867,34,25.672177752957023,34,10.70080438506219,34,0.12774015177729187,36,3855.59126984127,36,0.42903563012619106,36,10.174044112098816,34,0.7447005091185411,36,0.6281902785089548,36,0.8580380305222208,36,0.994261145092546,36,0.7319060064642839,34,25.75199762951279,34,10.713074097787617,34,0.12774660737615298,36,3857.539682539683,36,0.42925487001975005,36,10.16760217353943,34
yolo26,3407,model_specific,patient,ALL,18,16,0.8888888888888888,0.7447491141410716,18,0.6282673195549112,18,0.8580063843923988,18,0.994264173403197,18,0.73680015803536,18,25.418177759101358,18,10.56080496689015,18,0.1277401517772919,18,3855.59126984127,18,0.42903563012619106,18,10.069183765029054,18,0.7447005091185412,18,0.6281902785089547,18,0.8580380305222208,18,0.9942611450925458,18,0.7367083033428631,18,25.493563198070696,18,10.57239302890861,18,0.127746607376153,18,3857.539682539683,18,0.42925487001975005,18,10.06309971194519,18
yolo26,9103,model_specific,frame,ALL,252,233,0.9246031746031746,0.7988914109352123,252,0.7086497290279928,252,0.818611480287271,252,0.9978346562874314,252,0.8588145945116494,233,17.438559307144285,233,6.379946753435925,233,0.28282251635480526,252,1873.392857142857,252,0.21528343888383486,252,8.269572876912367,233,0.7974744776668531,252,0.7064390091482163,252,0.8186131290320816,252,0.9977633016863741,252,0.8561664732830238,233,24.612802195161155,233,7.629403406654909,233,0.28209545790429397,252,1912.9007936507937,252,0.21873839220157604,252,9.490498062575854,233
yolo26,9103,model_specific,eye,ALL,36,34,0.9444444444444444,0.7988914109352123,36,0.7086497290279928,36,0.818611480287271,36,0.9978346562874315,36,0.8584426290155693,34,17.543181104578615,34,6.416969500872385,34,0.28282251635480526,36,1873.392857142857,36,0.21528343888383483,36,8.336822476914465,34,0.7974744776668532,36,0.7064390091482162,36,0.8186131290320816,36,0.9977633016863743,36,0.8558501405858643,34,24.566704604191766,34,7.64017706473803,34,0.282095457904294,36,1912.900793650794,36,0.21873839220157607,36,9.532097973803511,34
yolo26,9103,model_specific,patient,ALL,18,16,0.8888888888888888,0.7988914109352123,18,0.7086497290279928,18,0.8186114802872712,18,0.9978346562874315,18,0.8582137239174434,18,18.137053110045695,18,6.655331222168385,18,0.28282251635480526,18,1873.392857142857,18,0.21528343888383486,18,8.786080532079216,18,0.7974744776668531,18,0.7064390091482162,18,0.8186131290320817,18,0.9977633016863743,18,0.855765262622722,18,24.770380859680344,18,7.810582810263715,18,0.28209545790429397,18,1912.900793650794,18,0.21873839220157607,18,9.914951834696645,18
vit_method2,17,model_specific,frame,ALL,252,252,1.0,0.8403967424545081,252,0.7303715603210592,252,0.8812984494573793,252,0.9966663581329576,252,0.8226598842002917,252,22.196106867927565,252,8.049215035251546,252,0.2213969981871936,252,1922.2936507936508,252,0.21141962730818947,252,9.659143666434193,252,0.8411783995771555,252,0.7313974267145543,252,0.8829413470762539,252,0.9966478340209948,252,0.82203361393098,252,21.85954578768616,252,8.012887595810643,252,0.22223868558778254,252,1913.265873015873,252,0.21101649244781479,252,9.4842520638132,252
vit_method2,17,model_specific,eye,ALL,36,36,1.0,0.8403967424545082,36,0.7303715603210593,36,0.8812984494573793,36,0.9966663581329578,36,0.8226598842002917,36,22.19610686792757,36,8.049215035251546,36,0.2213969981871936,36,1922.293650793651,36,0.21141962730818953,36,9.659143666434193,36,0.8411783995771556,36,0.7313974267145543,36,0.882941347076254,36,0.9966478340209949,36,0.82203361393098,36,21.859545787686162,36,8.012887595810643,36,0.22223868558778254,36,1913.2658730158732,36,0.21101649244781479,36,9.4842520638132,36
vit_method2,17,model_specific,patient,ALL,18,18,1.0,0.8403967424545081,18,0.7303715603210593,18,0.8812984494573792,18,0.9966663581329578,18,0.8226598842002917,18,22.19610686792757,18,8.049215035251548,18,0.2213969981871936,18,1922.293650793651,18,0.21141962730818953,18,9.659143666434193,18,0.8411783995771555,18,0.7313974267145543,18,0.8829413470762539,18,0.9966478340209949,18,0.82203361393098,18,21.859545787686162,18,8.012887595810644,18,0.22223868558778254,18,1913.2658730158728,18,0.21101649244781479,18,9.484252063813198,18
vit_method2,42,model_specific,frame,ALL,252,248,0.9841269841269841,0.7804200314385324,252,0.6554069869814516,252,0.9370800064144343,252,0.9930035688661281,252,0.6969027258310702,248,29.5261472584144,248,11.4664172579217,248,0.14118714104693308,252,3843.968253968254,252,0.4653669006360063,252,11.222352077486793,248,0.7664624269029359,252,0.6325624437349394,252,0.9524775288889429,252,0.9912721729353248,252,0.6594312041278915,252,51.9926231075321,252,16.848722320295426,252,0.13463576932598767,252,4582.456349206349,252,0.5482448908397909,252,16.865846652665276,252
vit_method2,42,model_specific,eye,ALL,36,35,0.9722222222222222,0.7804200314385324,36,0.6554069869814516,36,0.9370800064144341,36,0.9930035688661282,36,0.697615113267834,36,29.433290122117153,36,11.419773401431547,36,0.1411871410469331,36,3843.9682539682544,36,0.4653669006360063,36,11.138351158690636,36,0.7664624269029356,36,0.6325624437349395,36,0.9524775288889428,36,0.9912721729353245,36,0.6594312041278914,36,51.992623107532104,36,16.848722320295433,36,0.1346357693259877,36,4582.45634920635,36,0.548244890839791,36,16.865846652665272,36
vit_method2,42,model_specific,patient,ALL,18,17,0.9444444444444444,0.7804200314385326,18,0.6554069869814514,18,0.9370800064144341,18,0.993003568866128,18,0.697615113267834,18,29.433290122117146,18,11.419773401431549,18,0.14118714104693308,18,3843.9682539682535,18,0.4653669006360064,18,11.138351158690634,18,0.7664624269029358,18,0.6325624437349395,18,0.9524775288889428,18,0.9912721729353247,18,0.6594312041278914,18,51.9926231075321,18,16.84872232029543,18,0.13463576932598767,18,4582.45634920635,18,0.548244890839791,18,16.865846652665272,18
vit_method2,2026,model_specific,frame,ALL,252,245,0.9722222222222222,0.775535201241048,252,0.6547190280111153,252,0.8599500660290895,252,0.9947316423007109,252,0.7648929230701383,245,28.71420351645256,245,10.960458617704976,245,0.173117278466092,252,3464.7380952380954,252,0.38729973117812444,252,11.960937143217658,245,0.7926315651920054,252,0.6671318907369451,252,0.8879941880436172,252,0.9942163220385501,252,0.7556338382047121,252,31.351311920644864,252,11.69281271155593,252,0.1749794137949121,252,3510.3531746031745,252,0.39391134415804496,252,12.346474359681777,252
vit_method2,2026,model_specific,eye,ALL,36,35,0.9722222222222222,0.775535201241048,36,0.6547190280111153,36,0.8599500660290895,36,0.9947316423007108,36,0.7566690928591835,36,29.421676770961078,36,11.234080829418069,36,0.17311727846609198,36,3464.7380952380954,36,0.3872997311781245,36,12.082683939702285,36,0.7926315651920054,36,0.667131890736945,36,0.8879941880436172,36,0.99421632203855,36,0.7556338382047122,36,31.35131192064487,36,11.692812711555929,36,0.17497941379491208,36,3510.353174603175,36,0.39391134415804496,36,12.346474359681778,36
vit_method2,2026,model_specific,patient,ALL,18,17,0.9444444444444444,0.775535201241048,18,0.6547190280111154,18,0.8599500660290896,18,0.9947316423007108,18,0.7566690928591834,18,29.42167677096107,18,11.23408082941807,18,0.17311727846609198,18,3464.7380952380954,18,0.38729973117812444,18,12.082683939702285,18,0.7926315651920054,18,0.6671318907369451,18,0.8879941880436172,18,0.9942163220385503,18,0.7556338382047122,18,31.35131192064487,18,11.69281271155593,18,0.17497941379491208,18,3510.353174603175,18,0.3939113441580449,18,12.346474359681778,18
vit_method2,3407,model_specific,frame,ALL,252,244,0.9682539682539683,0.7337721444488232,252,0.6075950950660165,252,0.8164476246943245,252,0.9939669781977117,252,0.7524997328445258,244,34.696677023834866,244,13.217303123999477,244,0.17201144734400786,252,4464.341269841269,252,0.46519546754330343,252,14.917945446381635,244,0.7515282078714918,252,0.6192811556239136,252,0.843030387396335,252,0.9933880343276287,252,0.73870911545742,252,45.23474598470636,252,14.990280156292616,252,0.17409366206331875,252,4253.0515873015875,252,0.45207034025893955,252,16.61936842369344,252
vit_method2,3407,model_specific,eye,ALL,36,35,0.9722222222222222,0.7337721444488233,36,0.6075950950660165,36,0.8164476246943244,36,0.9939669781977118,36,0.7534462780088671,35,34.67404258026378,35,13.211171256214529,35,0.17201144734400786,36,4464.341269841269,36,0.4651954675433035,36,14.914087333560351,35,0.7515282078714917,36,0.6192811556239136,36,0.8430303873963351,36,0.9933880343276285,36,0.7387091154574201,36,45.23474598470636,36,14.990280156292613,36,0.17409366206331878,36,4253.051587301587,36,0.4520703402589396,36,16.619368423693444,36
vit_method2,3407,model_specific,patient,ALL,18,17,0.9444444444444444,0.7337721444488232,18,0.6075950950660166,18,0.8164476246943245,18,0.9939669781977116,18,0.7459004243274584,18,35.143900408479006,18,13.495982337780617,18,0.17201144734400786,18,4464.341269841269,18,0.4651954675433035,18,15.191387131720688,18,0.7515282078714915,18,0.6192811556239137,18,0.8430303873963351,18,0.9933880343276287,18,0.7387091154574201,18,45.234745984706365,18,14.990280156292613,18,0.17409366206331878,18,4253.0515873015875,18,0.4520703402589395,18,16.61936842369344,18
vit_method2,9103,model_specific,frame,ALL,252,249,0.9880952380952381,0.796178325139687,252,0.6788419909754778,252,0.8425231042570702,252,0.9965241035374119,252,0.8034177228840864,249,22.764631527580157,249,9.251628139507638,249,0.18949566134926263,252,2255.5198412698414,252,0.2601526063170373,252,10.661765174070831,249,0.8017317755853322,252,0.6824397521125599,252,0.8462273407194729,252,0.9965195830031318,252,0.8053828147167357,252,23.14776019781068,252,9.436556374520347,252,0.19038239800341106,252,2211.8174603174602,252,0.2562175986520049,252,10.856407178706233,252
vit_method2,9103,model_specific,eye,ALL,36,36,1.0,0.7961783251396871,36,0.6788419909754777,36,0.8425231042570701,36,0.9965241035374119,36,0.8057556122040184,36,23.25993122739314,36,9.44585728447929,36,0.1894956613492626,36,2255.5198412698414,36,0.26015260631703724,36,10.906135358127663,36,0.8017317755853323,36,0.6824397521125599,36,0.8462273407194728,36,0.9965195830031317,36,0.8053828147167357,36,23.147760197810676,36,9.436556374520347,36,0.19038239800341106,36,2211.8174603174607,36,0.2562175986520049,36,10.856407178706231,36
vit_method2,9103,model_specific,patient,ALL,18,18,1.0,0.7961783251396871,18,0.6788419909754777,18,0.84252310425707,18,0.9965241035374119,18,0.8057556122040184,18,23.25993122739314,18,9.445857284479292,18,0.18949566134926257,18,2255.5198412698414,18,0.2601526063170373,18,10.906135358127667,18,0.8017317755853323,18,0.6824397521125598,18,0.8462273407194727,18,0.9965195830031318,18,0.8053828147167358,18,23.14776019781068,18,9.436556374520347,18,0.19038239800341103,18,2211.8174603174607,18,0.2562175986520049,18,10.856407178706233,18
emcad,17,model_specific,frame,ALL,252,252,1.0,0.8590799549569352,252,0.7565738290299923,252,0.9306841591559812,252,0.9961771176110488,252,0.8104292902308325,252,19.69244042233107,252,7.160344088461503,252,0.24376497176078993,252,2115.7261904761904,252,0.2245435105422595,252,7.432324591931863,252,0.8585220599075368,252,0.7557843988702762,252,0.9306841591559812,252,0.9961611933400847,252,0.8093776160615666,252,20.394468406346963,252,7.383012824469767,252,0.24331490742624257,252,2120.15873015873,252,0.22519476735326285,252,7.471214921258727,252
emcad,17,model_specific,eye,ALL,36,36,1.0,0.8590799549569353,36,0.7565738290299923,36,0.9306841591559815,36,0.9961771176110484,36,0.8104292902308324,36,19.692440422331064,36,7.160344088461503,36,0.24376497176078996,36,2115.726190476191,36,0.22454351054225954,36,7.432324591931864,36,0.8585220599075366,36,0.7557843988702762,36,0.9306841591559815,36,0.9961611933400845,36,0.8093776160615664,36,20.39446840634696,36,7.383012824469767,36,0.2433149074262426,36,2120.15873015873,36,0.22519476735326288,36,7.471214921258729,36
emcad,17,model_specific,patient,ALL,18,18,1.0,0.8590799549569352,18,0.7565738290299923,18,0.9306841591559812,18,0.9961771176110488,18,0.8104292902308325,18,19.692440422331067,18,7.160344088461503,18,0.24376497176078996,18,2115.72619047619,18,0.2245435105422595,18,7.432324591931863,18,0.8585220599075368,18,0.7557843988702762,18,0.9306841591559812,18,0.9961611933400848,18,0.8093776160615666,18,20.394468406346967,18,7.383012824469767,18,0.2433149074262426,18,2120.15873015873,18,0.22519476735326283,18,7.471214921258727,18
emcad,42,model_specific,frame,ALL,252,252,1.0,0.8443832920945249,252,0.7339650673121554,252,0.9328679726433102,252,0.9956626337349923,252,0.7834998326368412,252,20.52303862950041,252,8.022734305590877,252,0.17979912253914854,252,2250.4841269841268,252,0.25580372707641635,252,8.093155818837104,252,0.8443804516409994,252,0.7339613626412695,252,0.9328679726433102,252,0.9956624965516693,252,0.7834933884964816,252,20.53096521835161,252,8.030706675844913,252,0.17978963403351367,252,2250.404761904762,252,0.25579669801970173,252,8.093167856199047,252
emcad,42,model_specific,eye,ALL,36,36,1.0,0.8443832920945249,36,0.7339650673121553,36,0.9328679726433102,36,0.9956626337349923,36,0.7834998326368412,36,20.523038629500412,36,8.022734305590875,36,0.17979912253914856,36,2250.484126984127,36,0.2558037270764164,36,8.093155818837102,36,0.8443804516409993,36,0.7339613626412697,36,0.9328679726433102,36,0.9956624965516693,36,0.7834933884964816,36,20.530965218351614,36,8.030706675844911,36,0.17978963403351372,36,2250.404761904762,36,0.2557966980197018,36,8.093167856199047,36
emcad,42,model_specific,patient,ALL,18,18,1.0,0.8443832920945249,18,0.7339650673121554,18,0.9328679726433102,18,0.9956626337349923,18,0.7834998326368412,18,20.52303862950041,18,8.022734305590877,18,0.17979912253914854,18,2250.484126984127,18,0.2558037270764164,18,8.093155818837104,18,0.8443804516409993,18,0.7339613626412698,18,0.9328679726433102,18,0.9956624965516693,18,0.7834933884964816,18,20.530965218351607,18,8.030706675844911,18,0.17978963403351367,18,2250.4047619047615,18,0.2557966980197018,18,8.093167856199047,18
emcad,2026,model_specific,frame,ALL,252,241,0.9563492063492064,0.8217800945212353,252,0.7269917187880108,252,0.8349312584011989,252,0.9977046495249583,252,0.8672060179959331,241,19.172927968658396,241,6.991633901604965,241,0.25822403158264456,252,1954.1468253968253,252,0.20141930654395784,252,8.87221145880511,241,0.8531586213004975,252,0.7510733946782706,252,0.8749838215665198,252,0.9971978358734996,252,0.854249387508575,252,43.175649144851306,252,12.498868189435377,252,0.26864814554538113,252,1679.8849206349207,252,0.1769288499350351,252,16.01426432675539,252
emcad,2026,model_specific,eye,ALL,36,34,0.9444444444444444,0.8217800945212352,36,0.7269917187880108,36,0.834931258401199,36,0.9977046495249584,36,0.8690663338475633,35,19.07116972198027,35,6.946005994959192,35,0.25822403158264456,36,1954.1468253968253,36,0.2014193065439579,36,8.7850789525736,35,0.8531586213004976,36,0.7510733946782707,36,0.8749838215665197,36,0.9971978358734996,36,0.8542493875085752,36,43.175649144851306,36,12.49886818943538,36,0.2686481455453811,36,1679.8849206349207,36,0.17692884993503513,36,16.014264326755395,36
emcad,2026,model_specific,patient,ALL,18,16,0.8888888888888888,0.8217800945212352,18,0.7269917187880108,18,0.834931258401199,18,0.9977046495249583,18,0.8719172771208982,18,19.17902937129127,18,6.9149150779720125,18,0.25822403158264456,18,1954.1468253968258,18,0.20141930654395787,18,8.720678714986544,18,0.8531586213004975,18,0.7510733946782707,18,0.8749838215665197,18,0.9971978358734995,18,0.8542493875085752,18,43.175649144851306,18,12.49886818943538,18,0.26864814554538113,18,1679.8849206349205,18,0.17692884993503516,18,16.014264326755395,18
emcad,3407,model_specific,frame,ALL,252,243,0.9642857142857143,0.7665540656826458,252,0.6423019887692415,252,0.8760349383015343,252,0.9940143975406616,252,0.7364686669386332,243,29.30475796715949,243,10.98158568274443,243,0.17371664796860042,252,3963.063492063492,252,0.4147590125035304,252,12.337188425054558,243,0.7694359232675979,252,0.6440478853373233,252,0.8779611291374039,252,0.9940064994896323,252,0.7426039462063513,249,30.467294636173808,249,11.82432460126677,249,0.1736453111144841,252,3944.9841269841268,252,0.41327388682233485,252,12.65398592425079,249
emcad,3407,model_specific,eye,ALL,36,35,0.9722222222222222,0.7665540656826457,36,0.6423019887692416,36,0.8760349383015343,36,0.9940143975406615,36,0.7381391936242915,35,29.34650178440207,35,10.982356829043338,35,0.17371664796860042,36,3963.063492063493,36,0.41475901250353037,36,12.337539429848253,35,0.7694359232675979,36,0.6440478853373233,36,0.8779611291374038,36,0.9940064994896323,36,0.74566818494199,36,31.115392942582496,36,12.359180038118987,36,0.1736453111144841,36,3944.984126984127,36,0.4132738868223349,36,12.857812434323483,36
emcad,3407,model_specific,patient,ALL,18,17,0.9444444444444444,0.7665540656826457,18,0.6423019887692415,18,0.8760349383015344,18,0.9940143975406615,18,0.7437772211883877,18,29.48738716759577,18,10.98495944780216,18,0.17371664796860042,18,3963.063492063492,18,0.4147590125035304,18,12.338724071026974,18,0.7694359232675979,18,0.6440478853373234,18,0.8779611291374039,18,0.9940064994896323,18,0.7456681849419899,18,31.11539294258249,18,12.359180038118987,18,0.1736453111144841,18,3944.984126984127,18,0.4132738868223348,18,12.857812434323485,18
emcad,9103,model_specific,frame,ALL,252,237,0.9404761904761905,0.7837371370751297,252,0.6812598468697372,252,0.819092877863009,252,0.9970854899083231,252,0.824370768630169,237,20.22338238477522,237,7.770742925364392,237,0.23910438459199976,252,2315.0515873015875,252,0.2673064019023045,252,9.031516302060977,237,0.790147433494498,252,0.6844531621382537,252,0.8232817835490857,252,0.9970614430082945,252,0.8306895163373741,247,35.01122146930123,247,10.222377261759839,247,0.23816142948764882,252,2296.3928571428573,252,0.2651636202044335,252,9.926931815382277,247
emcad,9103,model_specific,eye,ALL,36,34,0.9444444444444444,0.7837371370751297,36,0.6812598468697373,36,0.8190928778630089,36,0.9970854899083234,36,0.8247684168570506,34,20.310402742003106,34,7.806976433683538,34,0.23910438459199973,36,2315.0515873015875,36,0.2673064019023045,36,9.066022599979561,34,0.790147433494498,36,0.6844531621382539,36,0.8232817835490855,36,0.9970614430082946,36,0.83404885133068,36,36.4304984557228,36,11.010402897177833,36,0.2381614294876488,36,2296.392857142857,36,0.26516362020443357,36,10.750159630001617,36
emcad,9103,model_specific,patient,ALL,18,16,0.8888888888888888,0.7837371370751298,18,0.6812598468697373,18,0.8190928778630089,18,0.9970854899083234,18,0.8305094898405196,18,20.554751185406307,18,7.93632297325183,18,0.23910438459199979,18,2315.0515873015875,18,0.26730640190230454,18,9.291229010229483,18,0.7901474334944978,18,0.6844531621382538,18,0.8232817835490857,18,0.9970614430082946,18,0.8340488513306801,18,36.4304984557228,18,11.010402897177832,18,0.2381614294876488,18,2296.392857142857,18,0.2651636202044335,18,10.750159630001619,18
sam2_unet,17,model_specific,frame,ALL,252,252,1.0,0.8707538409986049,252,0.775806202896065,252,0.9207457078256154,252,0.9969096149738028,252,0.8378443101219429,252,19.407109518278965,252,6.436680885358023,252,0.3145561982835656,252,1656.9087301587301,252,0.17747505085475634,252,7.626086723233628,252,0.8707450144943282,252,0.7757909302209455,252,0.9207476454496233,252,0.9969091894599968,252,0.8378245782363443,252,19.41466137742314,252,6.437801377686998,252,0.3145733562135094,252,1656.7896825396826,252,0.17746668448911254,252,7.626491802407053,252
sam2_unet,17,model_specific,eye,ALL,36,36,1.0,0.8707538409986048,36,0.7758062028960651,36,0.9207457078256152,36,0.9969096149738029,36,0.8378443101219427,36,19.407109518278972,36,6.436680885358023,36,0.31455619828356557,36,1656.9087301587306,36,0.17747505085475637,36,7.6260867232336285,36,0.8707450144943283,36,0.7757909302209456,36,0.9207476454496233,36,0.9969091894599966,36,0.837824578236344,36,19.414661377423144,36,6.4378013776869984,36,0.3145733562135094,36,1656.7896825396826,36,0.17746668448911257,36,7.626491802407052,36
sam2_unet,17,model_specific,patient,ALL,18,18,1.0,0.8707538409986048,18,0.7758062028960651,18,0.9207457078256154,18,0.9969096149738029,18,0.8378443101219428,18,19.40710951827897,18,6.436680885358022,18,0.31455619828356557,18,1656.9087301587304,18,0.17747505085475634,18,7.626086723233625,18,0.8707450144943283,18,0.7757909302209456,18,0.9207476454496233,18,0.9969091894599966,18,0.8378245782363443,18,19.414661377423144,18,6.4378013776869984,18,0.31457335621350935,18,1656.7896825396829,18,0.17746668448911257,18,7.626491802407052,18
sam2_unet,42,model_specific,frame,ALL,252,252,1.0,0.8543729413747317,252,0.751825604615565,252,0.8813203023961925,252,0.9974119931836805,252,0.8490967965690445,252,20.982023220451346,252,7.015904340652846,252,0.2904936990039326,252,1637.904761904762,252,0.18404720523666457,252,8.625695472528902,252,0.8541221958301455,252,0.7513522544862862,252,0.8814376151139605,252,0.9973972860523603,252,0.8484117823478479,252,21.05296694277938,252,6.986920370285349,252,0.29008753580635627,252,1643.797619047619,252,0.18463987408852092,252,8.641287427914417,252
sam2_unet,42,model_specific,eye,ALL,36,36,1.0,0.8543729413747317,36,0.751825604615565,36,0.8813203023961925,36,0.9974119931836805,36,0.8490967965690445,36,20.98202322045135,36,7.015904340652846,36,0.2904936990039327,36,1637.9047619047622,36,0.18404720523666457,36,8.625695472528902,36,0.8541221958301456,36,0.7513522544862861,36,0.8814376151139603,36,0.9973972860523603,36,0.8484117823478479,36,21.052966942779378,36,6.986920370285349,36,0.29008753580635616,36,1643.7976190476193,36,0.18463987408852092,36,8.641287427914419,36
sam2_unet,42,model_specific,patient,ALL,18,18,1.0,0.8543729413747317,18,0.7518256046155651,18,0.8813203023961926,18,0.9974119931836805,18,0.8490967965690446,18,20.98202322045135,18,7.015904340652846,18,0.29049369900393274,18,1637.9047619047622,18,0.18404720523666454,18,8.625695472528902,18,0.8541221958301455,18,0.7513522544862862,18,0.8814376151139605,18,0.9973972860523603,18,0.848411782347848,18,21.05296694277938,18,6.986920370285349,18,0.2900875358063562,18,1643.7976190476193,18,0.1846398740885209,18,8.641287427914419,18
sam2_unet,2026,model_specific,frame,ALL,252,252,1.0,0.8638774215747542,252,0.7661958027985348,252,0.8769190469465732,252,0.9976404641568845,252,0.8748504233647221,252,18.76661570862208,252,6.913408045626778,252,0.285229044964224,252,1758.7063492063492,252,0.1801327507358789,252,8.040634732938774,252,0.8625312813192594,252,0.7643186273876895,252,0.8769210135149115,252,0.9975710906639697,252,0.8713341008658368,252,39.61139639231103,252,9.236857266134058,252,0.28418769647235026,252,1741.484126984127,252,0.17911049610933025,252,9.382450695423113,252
sam2_unet,2026,model_specific,eye,ALL,36,36,1.0,0.8638774215747542,36,0.7661958027985348,36,0.8769190469465733,36,0.9976404641568843,36,0.8748504233647221,36,18.766615708622073,36,6.9134080456267775,36,0.285229044964224,36,1758.7063492063494,36,0.1801327507358789,36,8.040634732938774,36,0.8625312813192595,36,0.7643186273876895,36,0.8769210135149116,36,0.9975710906639697,36,0.8713341008658368,36,39.611396392311036,36,9.236857266134058,36,0.28418769647235026,36,1741.4841269841272,36,0.17911049610933027,36,9.382450695423111,36
sam2_unet,2026,model_specific,patient,ALL,18,18,1.0,0.8638774215747541,18,0.7661958027985348,18,0.8769190469465733,18,0.9976404641568843,18,0.8748504233647221,18,18.766615708622073,18,6.913408045626779,18,0.2852290449642241,18,1758.7063492063494,18,0.18013275073587887,18,8.040634732938774,18,0.8625312813192594,18,0.7643186273876895,18,0.8769210135149116,18,0.9975710906639694,18,0.8713341008658368,18,39.61139639231102,18,9.236857266134058,18,0.28418769647235026,18,1741.484126984127,18,0.17911049610933025,18,9.382450695423111,18
sam2_unet,3407,model_specific,frame,ALL,252,252,1.0,0.842399324936097,252,0.7345109246185642,252,0.8724025623394839,252,0.9968508907834197,252,0.8387705365981888,252,22.948037382965182,252,7.9794486223474275,252,0.2793194562647098,252,2126.940476190476,252,0.2165515988369245,252,9.980336362822891,252,0.8424564719447145,252,0.7345617187776518,252,0.8726355954538755,252,0.9968450756549846,252,0.8384531228320279,252,22.761027320995108,252,7.941067945113229,252,0.279255415468837,252,2121.5436507936506,252,0.21605326783461332,252,9.959613251237554,252
sam2_unet,3407,model_specific,eye,ALL,36,36,1.0,0.842399324936097,36,0.7345109246185643,36,0.8724025623394839,36,0.9968508907834198,36,0.8387705365981888,36,22.948037382965186,36,7.9794486223474275,36,0.27931945626470983,36,2126.940476190476,36,0.21655159883692454,36,9.98033636282289,36,0.8424564719447145,36,0.7345617187776518,36,0.8726355954538755,36,0.9968450756549847,36,0.838453122832028,36,22.76102732099511,36,7.941067945113228,36,0.27925541546883703,36,2121.543650793651,36,0.21605326783461332,36,9.959613251237553,36
sam2_unet,3407,model_specific,patient,ALL,18,18,1.0,0.842399324936097,18,0.7345109246185642,18,0.8724025623394839,18,0.9968508907834198,18,0.8387705365981888,18,22.948037382965182,18,7.9794486223474275,18,0.27931945626470983,18,2126.9404761904757,18,0.21655159883692454,18,9.980336362822893,18,0.8424564719447146,18,0.7345617187776518,18,0.8726355954538755,18,0.9968450756549847,18,0.838453122832028,18,22.76102732099511,18,7.941067945113228,18,0.27925541546883703,18,2121.5436507936506,18,0.21605326783461332,18,9.959613251237554,18
sam2_unet,9103,model_specific,frame,ALL,252,252,1.0,0.8541001928503617,252,0.7505089940185926,252,0.923508257020334,252,0.9965034153234885,252,0.8091591001956612,252,19.917054125601396,252,7.0357490313469,252,0.2882231895798604,252,1861.1309523809523,252,0.2271505139885339,252,8.179057221247865,252,0.8533243182028755,252,0.7493333959303613,252,0.9239439028704037,252,0.9964622553121455,252,0.807370940366008,252,29.188074243092284,252,8.048607272316293,252,0.2874659919291164,252,1868.0198412698412,252,0.22826464906645208,252,8.752100523713226,252
sam2_unet,9103,model_specific,eye,ALL,36,36,1.0,0.8541001928503617,36,0.7505089940185925,36,0.9235082570203341,36,0.9965034153234884,36,0.8091591001956611,36,19.917054125601393,36,7.035749031346899,36,0.2882231895798604,36,1861.1309523809525,36,0.22715051398853386,36,8.179057221247865,36,0.8533243182028755,36,0.7493333959303612,36,0.9239439028704037,36,0.9964622553121454,36,0.8073709403660079,36,29.18807424309228,36,8.048607272316293,36,0.2874659919291164,36,1868.019841269841,36,0.22826464906645214,36,8.752100523713224,36
sam2_unet,9103,model_specific,patient,ALL,18,18,1.0,0.8541001928503617,18,0.7505089940185926,18,0.9235082570203341,18,0.9965034153234886,18,0.8091591001956611,18,19.9170541256014,18,7.035749031346901,18,0.2882231895798604,18,1861.1309523809525,18,0.22715051398853386,18,8.179057221247866,18,0.8533243182028755,18,0.7493333959303612,18,0.923943902870404,18,0.9964622553121456,18,0.8073709403660079,18,29.18807424309228,18,8.048607272316293,18,0.2874659919291164,18,1868.0198412698414,18,0.22826464906645208,18,8.752100523713226,18
