model,seed,classifier_strategy,level,scope,arm,operational_probability_scale,n_total,n_covered,n_abstain,coverage,calibration.brier,calibration.nll,calibration.ece_equal_width,calibration.ece_equal_mass,calibration.n_bins_requested,raw.calibration.brier,raw.calibration.nll,raw.calibration.ece_equal_width,raw.calibration.ece_equal_mass,raw.calibration.n_bins_requested,temperature_scaled.calibration.brier,temperature_scaled.calibration.nll,temperature_scaled.calibration.ece_equal_width,temperature_scaled.calibration.ece_equal_mass,temperature_scaled.calibration.n_bins_requested,conditional_aurc,failure_aware_aurc,raw.conditional_aurc,raw.failure_aware_aurc,temperature_scaled.conditional_aurc,temperature_scaled.failure_aware_aurc
yolo26,17,model_specific,eye,ALL,predicted_roi,temperature_scaled,36,35,1,0.9722222222222222,0.14253461517027585,0.6617846014871152,0.17223719190113657,0.17512801256366148,10,0.14360220419579384,1.0771762899878974,0.14754295884595914,0.16160231045269421,10,0.14253461517027585,0.6617846014871152,0.17223719190113657,0.17512801256366148,10,0.11467791007624632,0.116122042203758,0.11467791007624632,0.116122042203758,0.11467791007624632,0.116122042203758
yolo26,42,model_specific,eye,ALL,predicted_roi,temperature_scaled,36,36,0,1.0,0.07603381795243147,0.34787885907172983,0.11552274178719617,0.09020167362232376,10,0.0705782240741053,0.7068640982211188,0.08691703883517857,0.07657981448893678,10,0.07603381795243147,0.34787885907172983,0.11552274178719617,0.09020167362232376,10,0.02539339976327889,0.02539339976327889,0.04262509134669516,0.04262509134669516,0.02539339976327889,0.02539339976327889
yolo26,2026,model_specific,eye,ALL,predicted_roi,temperature_scaled,36,30,6,0.8333333333333334,0.13459570808900284,0.453315898861571,0.26277087930026,0.3103424336989117,10,0.06821448552236305,0.3574111999501141,0.07699649235906283,0.08576159625099825,10,0.13459570808900284,0.453315898861571,0.26277087930026,0.3103424336989117,10,0.07137095543317279,0.08647530051433995,0.07137095543317279,0.08647530051433995,0.07137095543317279,0.08647530051433995
yolo26,3407,model_specific,eye,ALL,predicted_roi,temperature_scaled,36,34,2,0.9444444444444444,0.11676732624435943,0.40438190076475844,0.14874267478228143,0.17948267291260356,10,0.12486487799226084,1.4291294838430564,0.1319288554938142,0.1325031452381767,10,0.11676732624435943,0.40438190076475844,0.14874267478228143,0.17948267291260356,10,0.06931236327278033,0.07405956002217612,0.06931236327278033,0.07405956002217612,0.06931236327278033,0.07405956002217612
yolo26,9103,model_specific,eye,ALL,predicted_roi,temperature_scaled,36,34,2,0.9444444444444444,0.04605810847163554,0.15435969766003937,0.08570758569126401,0.05316563949822708,10,0.06040268790558473,0.17937564343345816,0.08504389513001195,0.03631305679956457,10,0.04605810847163554,0.15435969766003937,0.08570758569126401,0.05316563949822708,10,0.01085016506171211,0.018845261711722808,0.06006476786062433,0.06532571991069545,0.01085016506171211,0.018845261711722808
vit_method2,17,model_specific,eye,ALL,predicted_roi,temperature_scaled,36,36,0,1.0,0.12724039622008687,0.40637314617872544,0.10163407974091992,0.11258370397933154,10,0.12374814576103842,0.38676506534068744,0.1008919387582748,0.09903871350818211,10,0.12724039622008687,0.40637314617872544,0.10163407974091992,0.11258370397933154,10,0.13172820215528727,0.13172820215528727,0.12761469869967856,0.12761469869967856,0.13172820215528727,0.13172820215528727
vit_method2,42,model_specific,eye,ALL,predicted_roi,temperature_scaled,36,35,1,0.9722222222222222,0.06845923131806371,0.31905174004600695,0.07368844040115839,0.070862157550508,10,0.07258697959452376,0.3073878133282433,0.1114871770067483,0.08151129394465562,10,0.06845923131806371,0.31905174004600695,0.07368844040115839,0.070862157550508,10,0.14034267167629355,0.13953068388281625,0.14034267167629355,0.13953068388281625,0.14034267167629355,0.13953068388281625
vit_method2,2026,model_specific,eye,ALL,predicted_roi,temperature_scaled,36,35,1,0.9722222222222222,0.15862002784297927,0.4893879004798408,0.19946383808831006,0.19882249229752136,10,0.15827601070321445,0.4782356019621734,0.14985839515721716,0.17999078428664175,10,0.15862002784297927,0.4893879004798408,0.19946383808831006,0.19882249229752136,10,0.09261264347452655,0.09852772436566624,0.09451740537928846,0.10037957621751809,0.09261264347452655,0.09852772436566624
vit_method2,3407,model_specific,eye,ALL,predicted_roi,temperature_scaled,36,35,1,0.9722222222222222,0.19229500380569609,0.5686414933364895,0.20594970279651487,0.1795749894574817,10,0.17994891360783846,0.5251780491693142,0.18207595071622304,0.17040718170453087,10,0.19229500380569609,0.5686414933364895,0.20594970279651487,0.1795749894574817,10,0.19499758282595123,0.1988402425622674,0.19114336229438517,0.19509308371213374,0.19499758282595123,0.1988402425622674
vit_method2,9103,model_specific,eye,ALL,predicted_roi,temperature_scaled,36,36,0,1.0,0.08452562976370054,0.3133535818377482,0.06478213742671739,0.10318856764518775,10,0.08455731986910359,0.3113143961717084,0.0670190261832128,0.10458016715988164,10,0.08452562976370054,0.3133535818377482,0.06478213742671739,0.10318856764518775,10,0.11835142042044017,0.11835142042044017,0.11719401301303274,0.11719401301303274,0.11835142042044017,0.11835142042044017
emcad,17,model_specific,eye,ALL,predicted_roi,temperature_scaled,36,36,0,1.0,0.11389214496349605,0.3428729198902249,0.14900113822297967,0.1104358979067098,10,0.11926528016269021,0.4203959907863389,0.15047569485821954,0.13553175935729606,10,0.11389214496349605,0.3428729198902249,0.14900113822297967,0.1104358979067098,10,0.06703623526738554,0.06703623526738554,0.09486767479880714,0.09486767479880714,0.06703623526738554,0.06703623526738554
emcad,42,model_specific,eye,ALL,predicted_roi,temperature_scaled,36,36,0,1.0,0.13336586578038576,0.4967535832900631,0.1298752879176232,0.15141913341460989,10,0.1398299889868377,0.6437303436246571,0.145825321191556,0.1545752174066683,10,0.13336586578038576,0.4967535832900631,0.1298752879176232,0.15141913341460989,10,0.07341414994907486,0.07341414994907486,0.07341414994907486,0.07341414994907486,0.07341414994907486,0.07341414994907486
emcad,2026,model_specific,eye,ALL,predicted_roi,temperature_scaled,36,34,2,0.9444444444444444,0.11095357756025896,0.39670895168813697,0.22531458662612674,0.1982201491214665,10,0.059090778595852725,0.8562764951375756,0.0566565694341467,0.0610002291139064,10,0.11095357756025896,0.39670895168813697,0.22531458662612674,0.1982201491214665,10,0.02224818502547083,0.028044802612239208,0.04442178990323231,0.048986540552347274,0.02224818502547083,0.028044802612239208
emcad,3407,model_specific,eye,ALL,predicted_roi,temperature_scaled,36,35,1,0.9722222222222222,0.1535249989325724,0.47963708688855483,0.15386340791009873,0.1607779347832894,10,0.15762876776338655,0.5441359745894467,0.19131338662791006,0.17826970565836042,10,0.1535249989325724,0.47963708688855483,0.15386340791009873,0.1607779347832894,10,0.14369872658827074,0.14510832986205335,0.14369872658827074,0.14510832986205335,0.14369872658827074,0.14510832986205335
emcad,9103,model_specific,eye,ALL,predicted_roi,temperature_scaled,36,34,2,0.9444444444444444,0.061315715693888294,0.26851581932310875,0.06193010386212622,0.07440113733021834,10,0.06361388369081981,0.3275872032813171,0.06146670186764653,0.07056217819345398,10,0.061315715693888294,0.26851581932310875,0.06193010386212622,0.07440113733021834,10,0.02171683125922316,0.02597771276774956,0.02008284433111859,0.024434502891206356,0.02171683125922316,0.02597771276774956
sam2_unet,17,model_specific,eye,ALL,predicted_roi,temperature_scaled,36,36,0,1.0,0.0996787217222227,0.31836262336269133,0.08686390374349541,0.12251948097557062,10,0.1051438638656846,0.368966522643278,0.11697059545466414,0.1272891372098543,10,0.0996787217222227,0.31836262336269133,0.08686390374349541,0.12251948097557062,10,0.05423901470895501,0.05423901470895501,0.07245161144364422,0.07245161144364422,0.05423901470895501,0.05423901470895501
sam2_unet,42,model_specific,eye,ALL,predicted_roi,temperature_scaled,36,36,0,1.0,0.10024407759710346,0.3568778885521675,0.08102486974203306,0.11425419923244633,10,0.10805172748729006,0.741045628973926,0.10511129720557778,0.11527911312505006,10,0.10024407759710346,0.3568778885521675,0.08102486974203306,0.11425419923244633,10,0.07596440399093499,0.07596440399093499,0.10446294799177423,0.10446294799177423,0.07596440399093499,0.07596440399093499
sam2_unet,2026,model_specific,eye,ALL,predicted_roi,temperature_scaled,36,36,0,1.0,0.07265742688829023,0.286145608594582,0.1657722302481301,0.1657722302481301,10,0.05380473137028159,0.29001970302789304,0.05960404171569928,0.04789129804995023,10,0.07265742688829023,0.286145608594582,0.1657722302481301,0.1657722302481301,10,0.05682767984343497,0.05682767984343497,0.07133049303638775,0.07133049303638775,0.05682767984343497,0.05682767984343497
sam2_unet,3407,model_specific,eye,ALL,predicted_roi,temperature_scaled,36,36,0,1.0,0.209282446859932,0.6019409623252785,0.19214021234388903,0.23519704591628166,10,0.2579009122530999,0.961591776387843,0.2552752988690155,0.2520086901421319,10,0.209282446859932,0.6019409623252785,0.19214021234388903,0.23519704591628166,10,0.1349881796973465,0.1349881796973465,0.1388111429606397,0.1388111429606397,0.1349881796973465,0.1349881796973465
sam2_unet,9103,model_specific,eye,ALL,predicted_roi,temperature_scaled,36,36,0,1.0,0.1138606258725779,0.3603262959218516,0.15653182541410768,0.14406968504030565,10,0.10395009014924655,0.31889106970818687,0.15294527759154636,0.18339469768698255,10,0.1138606258725779,0.3603262959218516,0.15653182541410768,0.14406968504030565,10,0.09559222130280393,0.09559222130280393,0.09046510659996239,0.09046510659996239,0.09559222130280393,0.09559222130280393
