model,classifier_strategy,level,scope,n_seeds,roi_coverage_mean,roi_coverage_sd,roi_coverage_min,roi_coverage_max,roi_coverage_valid_seeds,dice_mean,dice_sd,dice_min,dice_max,dice_valid_seeds,iou_mean,iou_sd,iou_min,iou_max,iou_valid_seeds,pixel_sensitivity_mean,pixel_sensitivity_sd,pixel_sensitivity_min,pixel_sensitivity_max,pixel_sensitivity_valid_seeds,pixel_specificity_mean,pixel_specificity_sd,pixel_specificity_min,pixel_specificity_max,pixel_specificity_valid_seeds,pixel_precision_mean,pixel_precision_sd,pixel_precision_min,pixel_precision_max,pixel_precision_valid_seeds,hausdorff95_mean,hausdorff95_sd,hausdorff95_min,hausdorff95_max,hausdorff95_valid_seeds,average_symmetric_surface_distance_mean,average_symmetric_surface_distance_sd,average_symmetric_surface_distance_min,average_symmetric_surface_distance_max,average_symmetric_surface_distance_valid_seeds,surface_dice_mean,surface_dice_sd,surface_dice_min,surface_dice_max,surface_dice_valid_seeds,absolute_area_error_mean,absolute_area_error_sd,absolute_area_error_min,absolute_area_error_max,absolute_area_error_valid_seeds,relative_area_error_mean,relative_area_error_sd,relative_area_error_min,relative_area_error_max,relative_area_error_valid_seeds,centroid_distance_mean,centroid_distance_sd,centroid_distance_min,centroid_distance_max,centroid_distance_valid_seeds,raw_dice_mean,raw_dice_sd,raw_dice_min,raw_dice_max,raw_dice_valid_seeds,raw_iou_mean,raw_iou_sd,raw_iou_min,raw_iou_max,raw_iou_valid_seeds,raw_pixel_sensitivity_mean,raw_pixel_sensitivity_sd,raw_pixel_sensitivity_min,raw_pixel_sensitivity_max,raw_pixel_sensitivity_valid_seeds,raw_pixel_specificity_mean,raw_pixel_specificity_sd,raw_pixel_specificity_min,raw_pixel_specificity_max,raw_pixel_specificity_valid_seeds,raw_pixel_precision_mean,raw_pixel_precision_sd,raw_pixel_precision_min,raw_pixel_precision_max,raw_pixel_precision_valid_seeds,raw_hausdorff95_mean,raw_hausdorff95_sd,raw_hausdorff95_min,raw_hausdorff95_max,raw_hausdorff95_valid_seeds,raw_average_symmetric_surface_distance_mean,raw_average_symmetric_surface_distance_sd,raw_average_symmetric_surface_distance_min,raw_average_symmetric_surface_distance_max,raw_average_symmetric_surface_distance_valid_seeds,raw_surface_dice_mean,raw_surface_dice_sd,raw_surface_dice_min,raw_surface_dice_max,raw_surface_dice_valid_seeds,raw_absolute_area_error_mean,raw_absolute_area_error_sd,raw_absolute_area_error_min,raw_absolute_area_error_max,raw_absolute_area_error_valid_seeds,raw_relative_area_error_mean,raw_relative_area_error_sd,raw_relative_area_error_min,raw_relative_area_error_max,raw_relative_area_error_valid_seeds,raw_centroid_distance_mean,raw_centroid_distance_sd,raw_centroid_distance_min,raw_centroid_distance_max,raw_centroid_distance_valid_seeds
emcad,model_specific,eye,ALL,5,0.9722222222222223,0.02777777777777779,0.9444444444444444,1.0,5,0.8151069088660942,0.03929601750701618,0.7665540656826457,0.8590799549569353,5,0.7082184901538274,0.04589475119513318,0.6423019887692416,0.7565738290299923,5,0.8787222412730069,0.05270752767518865,0.8190928778630089,0.9328679726433102,5,0.9961288576639967,0.0014220496323616176,0.9940143975406615,0.9977046495249584,5,0.8051806134393157,0.048624130197602713,0.7381391936242915,0.8690663338475633,5,21.788710660043385,4.2628307592620205,19.07116972198027,29.34650178440207,5,8.18368353034769,1.626303663018089,6.946005994959192,10.982356829043338,5,0.21892183168863663,0.0391895233870224,0.17371664796860042,0.25822403158264456,5,2519.6944444444443,818.6424068627257,1954.1468253968253,3963.063492063493,5,0.27276639171369377,0.08350943160774621,0.2014193065439579,0.41475901250353037,5,9.142824278634077,1.8952373312635944,7.432324591931864,12.337539429848253,5,0.823128897922226,0.04054873999280334,0.7694359232675979,0.8585220599075366,5,0.7138640407330787,0.04817948248272992,0.6440478853373233,0.7557843988702762,5,0.8879557732104602,0.045534904199209976,0.8232817835490855,0.9328679726433102,5,0.9960178936526359,0.001291685650713431,0.9940064994896323,0.9971978358734996,5,0.8053674856678587,0.04263397953465342,0.74566818494199,0.8542493875085752,5,30.32939483357103,9.969697767541078,20.39446840634696,43.175649144851306,5,10.256434125009374,2.4098201419484298,7.383012824469767,12.49886818943538,5,0.22071188552145404,0.04184244645747644,0.1736453111144841,0.2686481455453811,5,2458.3650793650795,866.0158167339649,1679.8849206349207,3944.984126984127,5,0.26727156446695366,0.0885791412332825,0.17692884993503513,0.4132738868223349,5,11.037323833707655,3.5196507600736435,7.471214921258729,16.014264326755395,5
emcad,model_specific,frame,ALL,5,0.9722222222222223,0.026767336434984204,0.9404761904761905,1.0,5,0.8151069088660942,0.03929601750701612,0.7665540656826458,0.8590799549569352,5,0.7082184901538274,0.045894751195133254,0.6423019887692415,0.7565738290299923,5,0.8787222412730067,0.05270752767518859,0.819092877863009,0.9328679726433102,5,0.996128857663997,0.0014220496323615111,0.9940143975406616,0.9977046495249583,5,0.8043949152864818,0.048557344230568414,0.7364686669386332,0.8672060179959331,5,21.783309474484916,4.2361441062333025,19.172927968658396,29.30475796715949,5,8.185408180753234,1.619635152525917,6.991633901604965,10.98158568274443,5,0.21892183168863663,0.039189523387022404,0.17371664796860042,0.25822403158264456,5,2519.6944444444443,818.6424068627255,1954.1468253968253,3963.063492063492,5,0.27276639171369366,0.08350943160774624,0.20141930654395784,0.4147590125035304,5,9.153279319337923,1.8918674357735505,7.432324591931863,12.337188425054558,5,0.823128897922226,0.040548739992803375,0.7694359232675979,0.8585220599075368,5,0.7138640407330786,0.04817948248272993,0.6440478853373233,0.7557843988702762,5,0.8879557732104602,0.04553490419920988,0.8232817835490857,0.9328679726433102,5,0.9960178936526362,0.0012916856507134147,0.9940064994896323,0.9971978358734996,5,0.8040827709220698,0.04317468084270181,0.7426039462063513,0.854249387508575,5,29.915919775004983,9.757329869784574,20.394468406346963,43.175649144851306,5,9.991857910555334,2.2554578654264352,7.383012824469767,12.498868189435377,5,0.22071188552145404,0.041842446457476465,0.1736453111144841,0.26864814554538113,5,2458.365079365079,866.0158167339648,1679.8849206349207,3944.9841269841268,5,0.26727156446695355,0.0885791412332825,0.1769288499350351,0.41327388682233485,5,10.831912968769245,3.5281270703757213,7.471214921258727,16.01426432675539,5
emcad,model_specific,patient,ALL,5,0.9444444444444443,0.05555555555555558,0.8888888888888888,1.0,5,0.8151069088660942,0.039296017507016126,0.7665540656826457,0.8590799549569352,5,0.7082184901538274,0.045894751195133233,0.6423019887692415,0.7565738290299923,5,0.8787222412730067,0.0527075276751886,0.8190928778630089,0.9328679726433102,5,0.9961288576639967,0.0014220496323615896,0.9940143975406615,0.9977046495249583,5,0.808026622203496,0.04827736755938345,0.7437772211883877,0.8719172771208982,5,21.887329355224967,4.288075289248929,19.17902937129127,29.48738716759577,5,8.203855178615678,1.6270526409708939,6.9149150779720125,10.98495944780216,5,0.21892183168863663,0.03918952338702241,0.17371664796860042,0.25822403158264456,5,2519.6944444444443,818.6424068627254,1954.1468253968258,3963.063492063492,5,0.27276639171369377,0.08350943160774624,0.20141930654395787,0.4147590125035304,5,9.175222441402394,1.89976124639593,7.432324591931863,12.338724071026974,5,0.823128897922226,0.04054873999280341,0.7694359232675979,0.8585220599075368,5,0.7138640407330789,0.048179482482729914,0.6440478853373234,0.7557843988702762,5,0.8879557732104602,0.04553490419920988,0.8232817835490857,0.9328679726433102,5,0.9960178936526362,0.0012916856507134149,0.9940064994896323,0.9971978358734995,5,0.8053674856678587,0.042633979534653484,0.7456681849419899,0.8542493875085752,5,30.32939483357103,9.969697767541078,20.394468406346967,43.175649144851306,5,10.256434125009374,2.4098201419484298,7.383012824469767,12.49886818943538,5,0.22071188552145404,0.041842446457476465,0.1736453111144841,0.26864814554538113,5,2458.365079365079,866.015816733965,1679.8849206349205,3944.984126984127,5,0.26727156446695355,0.08857914123328246,0.17692884993503516,0.4132738868223348,5,11.037323833707655,3.5196507600736444,7.471214921258727,16.014264326755395,5
sam2_unet,model_specific,eye,ALL,5,1.0,0.0,1.0,1.0,5,0.8571007443469097,0.010780843583203406,0.842399324936097,0.8707538409986048,5,0.7557695057894642,0.015853481590992296,0.7345109246185643,0.7758062028960651,5,0.8949791753056399,0.025001295966972613,0.8724025623394839,0.9235082570203341,5,0.9970632756842551,0.0004574147491442651,0.9965034153234884,0.9976404641568843,5,0.8419442333699119,0.023641717256703127,0.8091591001956611,0.8748504233647221,5,20.404167991183794,1.6369309043902187,18.766615708622073,22.948037382965186,5,7.076238185066396,0.5604943871896093,6.436680885358023,7.9794486223474275,5,0.2915643176192585,0.013518582086175115,0.27931945626470983,0.31455619828356557,5,1808.3182539682543,199.20858721391912,1637.9047619047622,2126.940476190476,5,0.19707142393055163,0.023047752780948956,0.17747505085475637,0.22715051398853386,5,8.490362102554412,0.906156137856222,7.6260867232336285,9.98033636282289,5,0.8566358563582647,0.01063207523642048,0.8424564719447145,0.8707450144943283,5,0.7550713853605868,0.01567014601745111,0.7345617187776518,0.7757909302209456,5,0.895137154480555,0.025057690085286154,0.8726355954538755,0.9239439028704037,5,0.9970369794286913,0.00044681115119019966,0.9964622553121454,0.9975710906639697,5,0.840678904929613,0.023032912436565283,0.8073709403660079,0.8713341008658368,5,26.40562525532019,8.260478720205848,19.414661377423144,39.611396392311036,5,7.730250846307186,1.0768731811259495,6.4378013776869984,9.236857266134058,5,0.2911139991780339,0.013723180145453297,0.27925541546883703,0.3145733562135094,5,1806.3269841269844,197.57868734282522,1643.7976190476193,2121.543650793651,5,0.19710699431760587,0.023424375842035237,0.17746668448911257,0.22826464906645214,5,8.872388740139073,0.8749795121507705,7.626491802407052,9.959613251237553,5
sam2_unet,model_specific,frame,ALL,5,1.0,0.0,1.0,1.0,5,0.85710074434691,0.01078084358320344,0.842399324936097,0.8707538409986049,5,0.7557695057894643,0.015853481590992292,0.7345109246185642,0.775806202896065,5,0.8949791753056399,0.025001295966972658,0.8724025623394839,0.923508257020334,5,0.9970632756842551,0.00045741474914428833,0.9965034153234885,0.9976404641568845,5,0.8419442333699119,0.023641717256703075,0.8091591001956612,0.8748504233647221,5,20.404167991183794,1.636930904390216,18.76661570862208,22.948037382965182,5,7.076238185066396,0.5604943871896092,6.436680885358023,7.9794486223474275,5,0.2915643176192585,0.013518582086175153,0.2793194562647098,0.3145561982835656,5,1808.3182539682537,199.20858721391926,1637.904761904762,2126.940476190476,5,0.19707142393055166,0.023047752780948966,0.17747505085475634,0.2271505139885339,5,8.490362102554412,0.9061561378562228,7.626086723233628,9.980336362822891,5,0.8566358563582647,0.010632075236420435,0.8424564719447145,0.8707450144943282,5,0.7550713853605868,0.015670146017451054,0.7345617187776518,0.7757909302209455,5,0.8951371544805549,0.02505769008528616,0.8726355954538755,0.9239439028704037,5,0.9970369794286913,0.00044681115119016003,0.9964622553121455,0.9975710906639697,5,0.840678904929613,0.023032912436565234,0.807370940366008,0.8713341008658368,5,26.40562525532019,8.260478720205848,19.41466137742314,39.61139639231103,5,7.730250846307184,1.0768731811259498,6.437801377686998,9.236857266134058,5,0.2911139991780339,0.013723180145453307,0.279255415468837,0.3145733562135094,5,1806.3269841269841,197.57868734282513,1643.797619047619,2121.5436507936506,5,0.1971069943176058,0.02342437584203523,0.17746668448911254,0.22826464906645208,5,8.872388740139073,0.8749795121507709,7.626491802407053,9.959613251237554,5
sam2_unet,model_specific,patient,ALL,5,1.0,0.0,1.0,1.0,5,0.8571007443469097,0.010780843583203388,0.842399324936097,0.8707538409986048,5,0.7557695057894643,0.015853481590992317,0.7345109246185642,0.7758062028960651,5,0.8949791753056399,0.025001295966972654,0.8724025623394839,0.9235082570203341,5,0.9970632756842551,0.00045741474914419715,0.9965034153234886,0.9976404641568843,5,0.8419442333699119,0.02364171725670313,0.8091591001956611,0.8748504233647221,5,20.404167991183794,1.6369309043902174,18.766615708622073,22.948037382965182,5,7.076238185066396,0.5604943871896093,6.436680885358022,7.9794486223474275,5,0.2915643176192585,0.013518582086175106,0.27931945626470983,0.31455619828356557,5,1808.318253968254,199.208587213919,1637.9047619047622,2126.9404761904757,5,0.19707142393055163,0.02304775278094897,0.17747505085475634,0.22715051398853386,5,8.490362102554412,0.9061561378562242,7.626086723233625,9.980336362822893,5,0.8566358563582647,0.010632075236420435,0.8424564719447146,0.8707450144943283,5,0.7550713853605868,0.015670146017451102,0.7345617187776518,0.7757909302209456,5,0.895137154480555,0.025057690085286202,0.8726355954538755,0.923943902870404,5,0.9970369794286913,0.0004468111511900619,0.9964622553121456,0.9975710906639694,5,0.840678904929613,0.023032912436565283,0.8073709403660079,0.8713341008658368,5,26.40562525532019,8.260478720205843,19.414661377423144,39.61139639231102,5,7.730250846307186,1.0768731811259495,6.4378013776869984,9.236857266134058,5,0.2911139991780339,0.013723180145453272,0.27925541546883703,0.31457335621350935,5,1806.3269841269841,197.57868734282505,1643.7976190476193,2121.5436507936506,5,0.1971069943176058,0.023424375842035227,0.17746668448911257,0.22826464906645208,5,8.872388740139073,0.8749795121507711,7.626491802407052,9.959613251237554,5
vit_method2,model_specific,eye,ALL,5,0.9833333333333334,0.015214515486254621,0.9722222222222222,1.0,5,0.7852604889445198,0.038497618325658484,0.7337721444488233,0.8403967424545082,5,0.6653869322710241,0.04460196302953845,0.6075950950660165,0.7303715603210593,5,0.8674598501704596,0.04560416178455191,0.8164476246943244,0.9370800064144341,5,0.9949785302069841,0.0015986106022909906,0.9930035688661282,0.9966663581329578,5,0.767229196108039,0.049255586132993676,0.697615113267834,0.8226598842002917,5,27.79700951373254,5.112869339920778,22.19610686792757,34.67404258026378,5,10.672019561358995,1.981471518549768,8.049215035251546,13.211171256214529,5,0.1794417052786978,0.029240158291948273,0.1411871410469331,0.2213969981871936,5,3190.172222222222,1073.2466604618396,1922.293650793651,4464.341269841269,5,0.3578868665965322,0.11719305437429269,0.21141962730818953,0.4653669006360063,5,11.740080291303027,1.9735461295292407,9.659143666434193,14.914087333560351,5,0.7907064750257841,0.03462437320404475,0.7515282078714917,0.8411783995771556,5,0.6665625337845824,0.04429308189370656,0.6192811556239136,0.7313974267145543,5,0.8825341584249244,0.04416102845065375,0.8430303873963351,0.9524775288889428,5,0.9944087892651258,0.002257549440172719,0.9912721729353245,0.9966478340209949,5,0.7562381172875479,0.06407702036969679,0.6594312041278914,0.82203361393098,5,34.71719739967604,13.41230245732712,21.859545787686162,51.992623107532104,5,12.196251831694994,3.7020934017142526,8.012887595810643,16.848722320295433,5,0.17926598575508243,0.031651269335668315,0.1346357693259877,0.22223868558778254,5,3294.188888888889,1194.1790074454946,1913.2658730158732,4582.45634920635,5,0.37229213327131905,0.1389914164576325,0.21101649244781479,0.548244890839791,5,13.234469735711986,3.3597725868124426,9.4842520638132,16.865846652665272,5
vit_method2,model_specific,frame,ALL,5,0.9825396825396826,0.012735560742762872,0.9682539682539683,1.0,5,0.7852604889445198,0.03849761832565848,0.7337721444488232,0.8403967424545081,5,0.6653869322710241,0.044601963029538415,0.6075950950660165,0.7303715603210592,5,0.8674598501704596,0.04560416178455194,0.8164476246943245,0.9370800064144343,5,0.9949785302069841,0.0015986106022909796,0.9930035688661281,0.9966663581329576,5,0.7680745977660225,0.04885392720688095,0.6969027258310702,0.8226598842002917,5,27.579553238841907,5.193627740186055,22.196106867927565,34.696677023834866,5,10.589004434877067,2.003427751448271,8.049215035251546,13.217303123999477,5,0.17944170527869785,0.029240158291948284,0.14118714104693308,0.2213969981871936,5,3190.172222222222,1073.2466604618396,1922.2936507936508,4464.341269841269,5,0.3578868665965322,0.11719305437429267,0.21141962730818947,0.4653669006360063,5,11.684428701518222,1.993315230202305,9.659143666434193,14.917945446381635,5,0.7907064750257842,0.034624373204044635,0.7515282078714918,0.8411783995771555,5,0.6665625337845824,0.04429308189370658,0.6192811556239136,0.7313974267145543,5,0.8825341584249244,0.04416102845065379,0.843030387396335,0.9524775288889429,5,0.9944087892651261,0.002257549440172613,0.9912721729353248,0.9966478340209948,5,0.7562381172875479,0.06407702036969676,0.6594312041278915,0.82203361393098,5,34.71719739967603,13.412302457327119,21.85954578768616,51.9926231075321,5,12.196251831694994,3.7020934017142513,8.012887595810643,16.848722320295426,5,0.17926598575508243,0.03165126933566833,0.13463576932598767,0.22223868558778254,5,3294.1888888888884,1194.1790074454948,1913.265873015873,4582.456349206349,5,0.372292133271319,0.13899141645763247,0.21101649244781479,0.5482448908397909,5,13.234469735711986,3.3597725868124426,9.4842520638132,16.865846652665276,5
vit_method2,model_specific,patient,ALL,5,0.9666666666666666,0.030429030972509243,0.9444444444444444,1.0,5,0.7852604889445198,0.03849761832565848,0.7337721444488232,0.8403967424545081,5,0.6653869322710241,0.044601963029538415,0.6075950950660166,0.7303715603210593,5,0.8674598501704593,0.04560416178455187,0.8164476246943245,0.9370800064144341,5,0.994978530206984,0.0015986106022910943,0.993003568866128,0.9966663581329578,5,0.7657200253717571,0.04989491645950117,0.697615113267834,0.8226598842002917,5,27.890981079375585,5.2726843328091695,22.19610686792757,35.143900408479006,5,10.728981777672214,2.0746185479496164,8.049215035251548,13.495982337780617,5,0.1794417052786978,0.02924015829194828,0.14118714104693308,0.2213969981871936,5,3190.172222222222,1073.2466604618396,1922.293650793651,4464.341269841269,5,0.3578868665965322,0.1171930543742927,0.21141962730818953,0.4653669006360064,5,11.795540250935094,2.0857466569745524,9.659143666434193,15.191387131720688,5,0.7907064750257841,0.034624373204044726,0.7515282078714915,0.8411783995771555,5,0.6665625337845824,0.04429308189370652,0.6192811556239137,0.7313974267145543,5,0.8825341584249242,0.04416102845065377,0.8430303873963351,0.9524775288889428,5,0.9944087892651261,0.0022575494401726767,0.9912721729353247,0.9966478340209949,5,0.7562381172875479,0.06407702036969681,0.6594312041278914,0.82203361393098,5,34.71719739967604,13.412302457327119,21.859545787686162,51.9926231075321,5,12.196251831694994,3.7020934017142513,8.012887595810644,16.84872232029543,5,0.17926598575508243,0.03165126933566832,0.13463576932598767,0.22223868558778254,5,3294.188888888889,1194.179007445495,1913.2658730158728,4582.45634920635,5,0.372292133271319,0.1389914164576325,0.21101649244781479,0.548244890839791,5,13.234469735711986,3.3597725868124417,9.484252063813198,16.865846652665272,5
yolo26,model_specific,eye,ALL,5,0.9388888888888889,0.06334307917217433,0.8333333333333334,1.0,5,0.765836332915186,0.058584348200420765,0.6718994769761149,0.8087706164519581,5,0.6662476502933216,0.055184775335909486,0.588202039522884,0.7114154767866466,5,0.8340744764207905,0.07140735389997804,0.7180002063332622,0.9005560268882703,5,0.9961533856763539,0.001450897608154773,0.9942641734031972,0.9978346562874315,5,0.7983116323377184,0.047270735337337305,0.7320032643739867,0.8584426290155693,5,21.85630451615075,3.0406111482215956,17.543181104578615,25.672177752957023,5,8.398029661004689,1.5891351147913186,6.416969500872385,10.70080438506219,5,0.20986568265531114,0.05730240313175578,0.12774015177729187,0.28282251635480526,5,3065.345238095238,961.9860008659131,1873.392857142857,4164.857142857142,5,0.33097932753808273,0.08679280936192127,0.21528343888383483,0.42903563012619106,5,9.210911767152016,0.7159622381177757,8.336822476914465,10.174044112098816,5,0.7698528969222517,0.050718583133614895,0.6920531797361079,0.8088900973617443,5,0.6690975968069324,0.04956649315251164,0.6038253672685,0.7115711915312216,5,0.8394868229077137,0.061210923213696575,0.7441063369021669,0.9013167060375351,5,0.9960545985174442,0.001367737721862893,0.994261145092546,0.9977633016863743,5,0.7963144944482003,0.0457244294645634,0.7319060064642839,0.8558501405858643,5,24.78189569186427,2.5443393229981095,21.402268996401716,28.33487876767505,5,9.016652954874933,1.4061495851810655,7.60831660538423,10.713074097787617,5,0.21147446832206168,0.056843427181006954,0.12774660737615298,0.282095457904294,5,3029.690476190476,893.4859077820997,1912.900793650794,3956.0198412698414,5,0.3289813418761619,0.08369799588970533,0.21873839220157607,0.42925487001975005,5,9.951294934308455,0.9476019699612569,8.863818612413608,11.419325465184224,5
yolo26,model_specific,frame,ALL,5,0.9126984126984127,0.06913194996104902,0.7936507936507936,0.9722222222222222,5,0.765836332915186,0.05858434820042073,0.671899476976115,0.8087706164519581,5,0.6662476502933216,0.05518477533590947,0.5882020395228841,0.7114154767866467,5,0.8340744764207905,0.0714073538999781,0.7180002063332621,0.9005560268882702,5,0.9961533856763539,0.0014508976081548,0.9942641734031971,0.9978346562874314,5,0.798298260941852,0.04852922457280219,0.7304332571165902,0.8588145945116494,5,21.42486955245904,3.188105326800904,17.438559307144285,25.580873005801386,5,8.246078146997208,1.644825821364181,6.379946753435925,10.698189594143924,5,0.20986568265531114,0.05730240313175578,0.1277401517772919,0.28282251635480526,5,3065.345238095238,961.9860008659134,1873.392857142857,4164.857142857143,5,0.3309793275380827,0.08679280936192127,0.21528343888383486,0.429035630126191,5,8.956902024691388,0.8180561700071002,8.269572876912367,10.045174587912753,5,0.7698528969222517,0.05071858313361487,0.6920531797361079,0.8088900973617444,5,0.6690975968069324,0.04956649315251167,0.6038253672685001,0.7115711915312217,5,0.8394868229077137,0.06121092321369672,0.7441063369021665,0.9013167060375351,5,0.9960545985174442,0.0013677377218628904,0.9942611450925458,0.9977633016863741,5,0.7963064707172757,0.04691119154090105,0.7303343366785165,0.8561664732830238,5,24.565216052849298,2.6542801716689146,20.727882467114743,27.988263324997117,5,8.912223616477814,1.4251654481099294,7.369086355721159,10.710669045548418,5,0.21147446832206168,0.056843427181006934,0.127746607376153,0.28209545790429397,5,3029.690476190476,893.4859077820997,1912.9007936507937,3956.0198412698414,5,0.3289813418761619,0.08369799588970535,0.21873839220157604,0.4292548700197501,5,9.766911699278783,1.0549116977058224,8.308338233889923,11.241213355073834,5
yolo26,model_specific,patient,ALL,5,0.888888888888889,0.10393492741038726,0.7222222222222222,1.0,5,0.7658363329151859,0.058584348200420695,0.6718994769761149,0.808770616451958,5,0.6662476502933216,0.05518477533590947,0.588202039522884,0.7114154767866466,5,0.8340744764207905,0.0714073538999781,0.7180002063332621,0.9005560268882703,5,0.9961533856763538,0.0014508976081548453,0.994264173403197,0.9978346562874315,5,0.7990802012304046,0.04545328469425223,0.73680015803536,0.8582137239174434,5,21.973116695136703,2.7351400442314526,18.137053110045695,25.418177759101358,5,8.43361956406632,1.4644058308048433,6.655331222168385,10.56080496689015,5,0.20986568265531114,0.05730240313175578,0.1277401517772919,0.28282251635480526,5,3065.345238095238,961.9860008659133,1873.392857142857,4164.857142857143,5,0.3309793275380827,0.08679280936192126,0.21528343888383486,0.42903563012619106,5,9.29741335555154,0.5497535766511777,8.786080532079216,10.069183765029054,5,0.7698528969222516,0.050718583133614784,0.692053179736108,0.8088900973617442,5,0.6690975968069324,0.04956649315251163,0.6038253672685001,0.7115711915312217,5,0.8394868229077137,0.061210923213696714,0.7441063369021665,0.9013167060375351,5,0.9960545985174439,0.00136773772186299,0.9942611450925458,0.9977633016863743,5,0.7969699627861054,0.04390606294801167,0.7367083033428631,0.855765262622722,5,24.67610858440245,2.3565467292822566,21.402268996401716,27.86070140631947,5,8.998244617805558,1.300295713242622,7.608316605384228,10.57239302890861,5,0.21147446832206168,0.056843427181006934,0.127746607376153,0.28209545790429397,5,3029.690476190476,893.4859077820997,1912.900793650794,3956.0198412698414,5,0.3289813418761619,0.08369799588970533,0.21873839220157607,0.42925487001975005,5,9.958312471075262,0.8258023481872491,8.863818612413608,11.176061749719354,5
