seed,classifier_strategy,classifier_role,classifier_estimand_id,is_primary_estimand,level,model_a,model_b,contrast,family_id,planned_family_size,metric,estimate,low,high,ci_method,bootstrap_se,valid_bootstrap_draws,requested_draws,p_value_randomization_two_sided,valid_randomization_draws,p_value_method,p_value_holm,reject_holm_0_05
17,model_specific,primary_estimand,E1_model_specific_strict_roi_system,True,eye,yolo26,vit_method2,yolo26 - vit_method2,model_specific_eye_failure_aware_balanced_accuracy,30,failure_inclusive.balanced_accuracy,0.0625,-0.06875,0.19375,bca,0.06618187427911527,5000,5000,0.5218956208758249,5000,whole-patient paired model-label-swap Monte Carlo; plus-one correction,1.0,False
17,model_specific,primary_estimand,E1_model_specific_strict_roi_system,True,eye,yolo26,emcad,yolo26 - emcad,model_specific_eye_failure_aware_balanced_accuracy,30,failure_inclusive.balanced_accuracy,0.037500000000000006,-0.0875,0.20625,bca,0.07277982601219155,5000,5000,0.753249350129974,5000,whole-patient paired model-label-swap Monte Carlo; plus-one correction,1.0,False
17,model_specific,primary_estimand,E1_model_specific_strict_roi_system,True,eye,yolo26,sam2_unet,yolo26 - sam2_unet,model_specific_eye_failure_aware_balanced_accuracy,30,failure_inclusive.balanced_accuracy,0.04375,-0.0625,0.175,bca,0.058486013680167495,5000,5000,0.7348530293941212,5000,whole-patient paired model-label-swap Monte Carlo; plus-one correction,1.0,False
17,model_specific,primary_estimand,E1_model_specific_strict_roi_system,True,eye,vit_method2,emcad,vit_method2 - emcad,model_specific_eye_failure_aware_balanced_accuracy,30,failure_inclusive.balanced_accuracy,-0.025,-0.1,0.05,bca,0.043241396123017736,5000,5000,1.0,5000,whole-patient paired model-label-swap Monte Carlo; plus-one correction,1.0,False
17,model_specific,primary_estimand,E1_model_specific_strict_roi_system,True,eye,vit_method2,sam2_unet,vit_method2 - sam2_unet,model_specific_eye_failure_aware_balanced_accuracy,30,failure_inclusive.balanced_accuracy,-0.018750000000000003,-0.11875,0.10625,bca,0.05525978388195557,5000,5000,1.0,5000,whole-patient paired model-label-swap Monte Carlo; plus-one correction,1.0,False
17,model_specific,primary_estimand,E1_model_specific_strict_roi_system,True,eye,emcad,sam2_unet,emcad - sam2_unet,model_specific_eye_failure_aware_balanced_accuracy,30,failure_inclusive.balanced_accuracy,0.006249999999999999,-0.15,0.1125,bca,0.0626990717288273,5000,5000,1.0,5000,whole-patient paired model-label-swap Monte Carlo; plus-one correction,1.0,False
42,model_specific,primary_estimand,E1_model_specific_strict_roi_system,True,eye,yolo26,vit_method2,yolo26 - vit_method2,model_specific_eye_failure_aware_balanced_accuracy,30,failure_inclusive.balanced_accuracy,0.0375,-0.04375,0.13125,bca,0.045355621704856464,5000,5000,0.5090981803639272,5000,whole-patient paired model-label-swap Monte Carlo; plus-one correction,1.0,False
42,model_specific,primary_estimand,E1_model_specific_strict_roi_system,True,eye,yolo26,emcad,yolo26 - emcad,model_specific_eye_failure_aware_balanced_accuracy,30,failure_inclusive.balanced_accuracy,0.0625,-0.025,0.25,bca,0.06792771477745278,5000,5000,0.7424515096980604,5000,whole-patient paired model-label-swap Monte Carlo; plus-one correction,1.0,False
42,model_specific,primary_estimand,E1_model_specific_strict_roi_system,True,eye,yolo26,sam2_unet,yolo26 - sam2_unet,model_specific_eye_failure_aware_balanced_accuracy,30,failure_inclusive.balanced_accuracy,0.0375,-0.05,0.25,bca,0.06296189176766365,5000,5000,1.0,5000,whole-patient paired model-label-swap Monte Carlo; plus-one correction,1.0,False
42,model_specific,primary_estimand,E1_model_specific_strict_roi_system,True,eye,vit_method2,emcad,vit_method2 - emcad,model_specific_eye_failure_aware_balanced_accuracy,30,failure_inclusive.balanced_accuracy,0.025,-0.06875,0.1375,bca,0.05113561277247221,5000,5000,1.0,5000,whole-patient paired model-label-swap Monte Carlo; plus-one correction,1.0,False
42,model_specific,primary_estimand,E1_model_specific_strict_roi_system,True,eye,vit_method2,sam2_unet,vit_method2 - sam2_unet,model_specific_eye_failure_aware_balanced_accuracy,30,failure_inclusive.balanced_accuracy,0.0,-0.09375,0.09375,bca,0.04388756084629115,5000,5000,1.0,5000,whole-patient paired model-label-swap Monte Carlo; plus-one correction,1.0,False
42,model_specific,primary_estimand,E1_model_specific_strict_roi_system,True,eye,emcad,sam2_unet,emcad - sam2_unet,model_specific_eye_failure_aware_balanced_accuracy,30,failure_inclusive.balanced_accuracy,-0.025,-0.1,0.0,bca,0.023440107993192915,5000,5000,1.0,5000,whole-patient paired model-label-swap Monte Carlo; plus-one correction,1.0,False
2026,model_specific,primary_estimand,E1_model_specific_strict_roi_system,True,eye,yolo26,vit_method2,yolo26 - vit_method2,model_specific_eye_failure_aware_balanced_accuracy,30,failure_inclusive.balanced_accuracy,0.0875,-0.11875,0.3125,bca,0.11132647760241304,5000,5000,0.5208958208358329,5000,whole-patient paired model-label-swap Monte Carlo; plus-one correction,1.0,False
2026,model_specific,primary_estimand,E1_model_specific_strict_roi_system,True,eye,yolo26,emcad,yolo26 - emcad,model_specific_eye_failure_aware_balanced_accuracy,30,failure_inclusive.balanced_accuracy,-0.09375,-0.23125,0.037500000000000006,bca,0.06702193837828249,5000,5000,0.22435512897420515,5000,whole-patient paired model-label-swap Monte Carlo; plus-one correction,1.0,False
2026,model_specific,primary_estimand,E1_model_specific_strict_roi_system,True,eye,yolo26,sam2_unet,yolo26 - sam2_unet,model_specific_eye_failure_aware_balanced_accuracy,30,failure_inclusive.balanced_accuracy,-0.125,-0.3125,0.024999999999999994,bca,0.08485945144944114,5000,5000,0.17476504699060189,5000,whole-patient paired model-label-swap Monte Carlo; plus-one correction,1.0,False
2026,model_specific,primary_estimand,E1_model_specific_strict_roi_system,True,eye,vit_method2,emcad,vit_method2 - emcad,model_specific_eye_failure_aware_balanced_accuracy,30,failure_inclusive.balanced_accuracy,-0.18125,-0.39375,0.025,bca,0.10846417499058746,5000,5000,0.15356928614277143,5000,whole-patient paired model-label-swap Monte Carlo; plus-one correction,1.0,False
2026,model_specific,primary_estimand,E1_model_specific_strict_roi_system,True,eye,vit_method2,sam2_unet,vit_method2 - sam2_unet,model_specific_eye_failure_aware_balanced_accuracy,30,failure_inclusive.balanced_accuracy,-0.2125,-0.40625,-0.04375,bca,0.09164960746702504,5000,5000,0.07478504299140172,5000,whole-patient paired model-label-swap Monte Carlo; plus-one correction,1.0,False
2026,model_specific,primary_estimand,E1_model_specific_strict_roi_system,True,eye,emcad,sam2_unet,emcad - sam2_unet,model_specific_eye_failure_aware_balanced_accuracy,30,failure_inclusive.balanced_accuracy,-0.03125,-0.16875,0.1,bca,0.06815319275334059,5000,5000,0.7628474305138973,5000,whole-patient paired model-label-swap Monte Carlo; plus-one correction,1.0,False
3407,model_specific,primary_estimand,E1_model_specific_strict_roi_system,True,eye,yolo26,vit_method2,yolo26 - vit_method2,model_specific_eye_failure_aware_balanced_accuracy,30,failure_inclusive.balanced_accuracy,0.14375,0.0,0.2875,bca,0.07377270908648192,5000,5000,0.14977004599080185,5000,whole-patient paired model-label-swap Monte Carlo; plus-one correction,1.0,False
3407,model_specific,primary_estimand,E1_model_specific_strict_roi_system,True,eye,yolo26,emcad,yolo26 - emcad,model_specific_eye_failure_aware_balanced_accuracy,30,failure_inclusive.balanced_accuracy,0.025,-0.0625,0.125,bca,0.05030632926484321,5000,5000,1.0,5000,whole-patient paired model-label-swap Monte Carlo; plus-one correction,1.0,False
3407,model_specific,primary_estimand,E1_model_specific_strict_roi_system,True,eye,yolo26,sam2_unet,yolo26 - sam2_unet,model_specific_eye_failure_aware_balanced_accuracy,30,failure_inclusive.balanced_accuracy,0.018750000000000003,-0.06875,0.1,bca,0.04333494060415259,5000,5000,1.0,5000,whole-patient paired model-label-swap Monte Carlo; plus-one correction,1.0,False
3407,model_specific,primary_estimand,E1_model_specific_strict_roi_system,True,eye,vit_method2,emcad,vit_method2 - emcad,model_specific_eye_failure_aware_balanced_accuracy,30,failure_inclusive.balanced_accuracy,-0.11875,-0.26875,0.018750000000000003,bca,0.07387782277163421,5000,5000,0.2419516096780644,5000,whole-patient paired model-label-swap Monte Carlo; plus-one correction,1.0,False
3407,model_specific,primary_estimand,E1_model_specific_strict_roi_system,True,eye,vit_method2,sam2_unet,vit_method2 - sam2_unet,model_specific_eye_failure_aware_balanced_accuracy,30,failure_inclusive.balanced_accuracy,-0.125,-0.28125,0.025,bca,0.07691964272684153,5000,5000,0.23295340931813638,5000,whole-patient paired model-label-swap Monte Carlo; plus-one correction,1.0,False
3407,model_specific,primary_estimand,E1_model_specific_strict_roi_system,True,eye,emcad,sam2_unet,emcad - sam2_unet,model_specific_eye_failure_aware_balanced_accuracy,30,failure_inclusive.balanced_accuracy,-0.006249999999999999,-0.14375,0.13125,bca,0.06803584822781895,5000,5000,1.0,5000,whole-patient paired model-label-swap Monte Carlo; plus-one correction,1.0,False
9103,model_specific,primary_estimand,E1_model_specific_strict_roi_system,True,eye,yolo26,vit_method2,yolo26 - vit_method2,model_specific_eye_failure_aware_balanced_accuracy,30,failure_inclusive.balanced_accuracy,-0.012499999999999997,-0.15625,0.16875,bca,0.0832834252389628,5000,5000,0.907618476304739,5000,whole-patient paired model-label-swap Monte Carlo; plus-one correction,1.0,False
9103,model_specific,primary_estimand,E1_model_specific_strict_roi_system,True,eye,yolo26,emcad,yolo26 - emcad,model_specific_eye_failure_aware_balanced_accuracy,30,failure_inclusive.balanced_accuracy,-0.04375,-0.2,0.15,bca,0.08960085322427017,5000,5000,0.763247350529894,5000,whole-patient paired model-label-swap Monte Carlo; plus-one correction,1.0,False
9103,model_specific,primary_estimand,E1_model_specific_strict_roi_system,True,eye,yolo26,sam2_unet,yolo26 - sam2_unet,model_specific_eye_failure_aware_balanced_accuracy,30,failure_inclusive.balanced_accuracy,0.06875,-0.0875,0.30625,bca,0.09697886869800446,5000,5000,0.5874825034993001,5000,whole-patient paired model-label-swap Monte Carlo; plus-one correction,1.0,False
9103,model_specific,primary_estimand,E1_model_specific_strict_roi_system,True,eye,vit_method2,emcad,vit_method2 - emcad,model_specific_eye_failure_aware_balanced_accuracy,30,failure_inclusive.balanced_accuracy,-0.03125,-0.19375,0.10625,bca,0.07623191755951676,5000,5000,0.7808438312337532,5000,whole-patient paired model-label-swap Monte Carlo; plus-one correction,1.0,False
9103,model_specific,primary_estimand,E1_model_specific_strict_roi_system,True,eye,vit_method2,sam2_unet,vit_method2 - sam2_unet,model_specific_eye_failure_aware_balanced_accuracy,30,failure_inclusive.balanced_accuracy,0.08125,-0.05,0.2125,bca,0.06689000927347537,5000,5000,0.3607278544291142,5000,whole-patient paired model-label-swap Monte Carlo; plus-one correction,1.0,False
9103,model_specific,primary_estimand,E1_model_specific_strict_roi_system,True,eye,emcad,sam2_unet,emcad - sam2_unet,model_specific_eye_failure_aware_balanced_accuracy,30,failure_inclusive.balanced_accuracy,0.11249999999999999,-0.018750000000000003,0.225,bca,0.06352989869624909,5000,5000,0.22515496900619877,5000,whole-patient paired model-label-swap Monte Carlo; plus-one correction,1.0,False
17,standardized_resnet18,prespecified_secondary_standardized_analysis,E2_standardized_resnet18_strict_roi_system,False,eye,yolo26,vit_method2,yolo26 - vit_method2,standardized_resnet18_eye_failure_aware_balanced_accuracy,30,failure_inclusive.balanced_accuracy,-0.0625,-0.15625,0.0,bca,0.03789889561313415,5000,5000,0.500499900019996,5000,whole-patient paired model-label-swap Monte Carlo; plus-one correction,1.0,False
17,standardized_resnet18,prespecified_secondary_standardized_analysis,E2_standardized_resnet18_strict_roi_system,False,eye,yolo26,emcad,yolo26 - emcad,standardized_resnet18_eye_failure_aware_balanced_accuracy,30,failure_inclusive.balanced_accuracy,-0.006249999999999999,-0.09375,0.05,bca,0.03717513405313253,5000,5000,1.0,5000,whole-patient paired model-label-swap Monte Carlo; plus-one correction,1.0,False
17,standardized_resnet18,prespecified_secondary_standardized_analysis,E2_standardized_resnet18_strict_roi_system,False,eye,yolo26,sam2_unet,yolo26 - sam2_unet,standardized_resnet18_eye_failure_aware_balanced_accuracy,30,failure_inclusive.balanced_accuracy,-0.006249999999999999,-0.09375,0.05,bca,0.03762337974904366,5000,5000,1.0,5000,whole-patient paired model-label-swap Monte Carlo; plus-one correction,1.0,False
17,standardized_resnet18,prespecified_secondary_standardized_analysis,E2_standardized_resnet18_strict_roi_system,False,eye,vit_method2,emcad,vit_method2 - emcad,standardized_resnet18_eye_failure_aware_balanced_accuracy,30,failure_inclusive.balanced_accuracy,0.05625,0.0,0.17605397499060585,bca,0.03763788039672467,5000,5000,0.5088982203559288,5000,whole-patient paired model-label-swap Monte Carlo; plus-one correction,1.0,False
17,standardized_resnet18,prespecified_secondary_standardized_analysis,E2_standardized_resnet18_strict_roi_system,False,eye,vit_method2,sam2_unet,vit_method2 - sam2_unet,standardized_resnet18_eye_failure_aware_balanced_accuracy,30,failure_inclusive.balanced_accuracy,0.05625,0.0,0.175,bca,0.037441474279690794,5000,5000,0.5028994201159768,5000,whole-patient paired model-label-swap Monte Carlo; plus-one correction,1.0,False
17,standardized_resnet18,prespecified_secondary_standardized_analysis,E2_standardized_resnet18_strict_roi_system,False,eye,emcad,sam2_unet,emcad - sam2_unet,standardized_resnet18_eye_failure_aware_balanced_accuracy,30,failure_inclusive.balanced_accuracy,0.0,0.0,0.0,bca,0.0,5000,5000,1.0,5000,whole-patient paired model-label-swap Monte Carlo; plus-one correction,1.0,False
42,standardized_resnet18,prespecified_secondary_standardized_analysis,E2_standardized_resnet18_strict_roi_system,False,eye,yolo26,vit_method2,yolo26 - vit_method2,standardized_resnet18_eye_failure_aware_balanced_accuracy,30,failure_inclusive.balanced_accuracy,-0.05625,-0.2625,0.04375,bca,0.07283544723493007,5000,5000,0.7440511897620475,5000,whole-patient paired model-label-swap Monte Carlo; plus-one correction,1.0,False
42,standardized_resnet18,prespecified_secondary_standardized_analysis,E2_standardized_resnet18_strict_roi_system,False,eye,yolo26,emcad,yolo26 - emcad,standardized_resnet18_eye_failure_aware_balanced_accuracy,30,failure_inclusive.balanced_accuracy,-0.025,-0.125,0.0,bca,0.023832510835296875,5000,5000,1.0,5000,whole-patient paired model-label-swap Monte Carlo; plus-one correction,1.0,False
42,standardized_resnet18,prespecified_secondary_standardized_analysis,E2_standardized_resnet18_strict_roi_system,False,eye,yolo26,sam2_unet,yolo26 - sam2_unet,standardized_resnet18_eye_failure_aware_balanced_accuracy,30,failure_inclusive.balanced_accuracy,0.075,-0.0375,0.19375,bca,0.057760155345589315,5000,5000,0.386122775444911,5000,whole-patient paired model-label-swap Monte Carlo; plus-one correction,1.0,False
42,standardized_resnet18,prespecified_secondary_standardized_analysis,E2_standardized_resnet18_strict_roi_system,False,eye,vit_method2,emcad,vit_method2 - emcad,standardized_resnet18_eye_failure_aware_balanced_accuracy,30,failure_inclusive.balanced_accuracy,0.03125,-0.0625,0.25,bca,0.06946691049534486,5000,5000,1.0,5000,whole-patient paired model-label-swap Monte Carlo; plus-one correction,1.0,False
42,standardized_resnet18,prespecified_secondary_standardized_analysis,E2_standardized_resnet18_strict_roi_system,False,eye,vit_method2,sam2_unet,vit_method2 - sam2_unet,standardized_resnet18_eye_failure_aware_balanced_accuracy,30,failure_inclusive.balanced_accuracy,0.13125,0.05,0.24375,bca,0.04874893501575736,5000,5000,0.057588482303539294,5000,whole-patient paired model-label-swap Monte Carlo; plus-one correction,1.0,False
42,standardized_resnet18,prespecified_secondary_standardized_analysis,E2_standardized_resnet18_strict_roi_system,False,eye,emcad,sam2_unet,emcad - sam2_unet,standardized_resnet18_eye_failure_aware_balanced_accuracy,30,failure_inclusive.balanced_accuracy,0.1,-0.012499999999999997,0.2125,bca,0.05897379015575535,5000,5000,0.20955808838232354,5000,whole-patient paired model-label-swap Monte Carlo; plus-one correction,1.0,False
2026,standardized_resnet18,prespecified_secondary_standardized_analysis,E2_standardized_resnet18_strict_roi_system,False,eye,yolo26,vit_method2,yolo26 - vit_method2,standardized_resnet18_eye_failure_aware_balanced_accuracy,30,failure_inclusive.balanced_accuracy,-0.1625,-0.325,-0.03125,bca,0.07473025973982464,5000,5000,0.07458508298340331,5000,whole-patient paired model-label-swap Monte Carlo; plus-one correction,1.0,False
2026,standardized_resnet18,prespecified_secondary_standardized_analysis,E2_standardized_resnet18_strict_roi_system,False,eye,yolo26,emcad,yolo26 - emcad,standardized_resnet18_eye_failure_aware_balanced_accuracy,30,failure_inclusive.balanced_accuracy,-0.2375,-0.3875,-0.056249999999999994,bca,0.08496652692723833,5000,5000,0.029994001199760048,5000,whole-patient paired model-label-swap Monte Carlo; plus-one correction,0.8698260347930414,False
2026,standardized_resnet18,prespecified_secondary_standardized_analysis,E2_standardized_resnet18_strict_roi_system,False,eye,yolo26,sam2_unet,yolo26 - sam2_unet,standardized_resnet18_eye_failure_aware_balanced_accuracy,30,failure_inclusive.balanced_accuracy,-0.26875,-0.40625,-0.1125,bca,0.07586581570871448,5000,5000,0.007998400319936013,5000,whole-patient paired model-label-swap Monte Carlo; plus-one correction,0.23995200959808038,False
2026,standardized_resnet18,prespecified_secondary_standardized_analysis,E2_standardized_resnet18_strict_roi_system,False,eye,vit_method2,emcad,vit_method2 - emcad,standardized_resnet18_eye_failure_aware_balanced_accuracy,30,failure_inclusive.balanced_accuracy,-0.075,-0.21875,0.08125,bca,0.07689716987605584,5000,5000,0.48010397920415915,5000,whole-patient paired model-label-swap Monte Carlo; plus-one correction,1.0,False
2026,standardized_resnet18,prespecified_secondary_standardized_analysis,E2_standardized_resnet18_strict_roi_system,False,eye,vit_method2,sam2_unet,vit_method2 - sam2_unet,standardized_resnet18_eye_failure_aware_balanced_accuracy,30,failure_inclusive.balanced_accuracy,-0.10625,-0.23125,0.0,bca,0.05899527254099634,5000,5000,0.19276144771045792,5000,whole-patient paired model-label-swap Monte Carlo; plus-one correction,1.0,False
2026,standardized_resnet18,prespecified_secondary_standardized_analysis,E2_standardized_resnet18_strict_roi_system,False,eye,emcad,sam2_unet,emcad - sam2_unet,standardized_resnet18_eye_failure_aware_balanced_accuracy,30,failure_inclusive.balanced_accuracy,-0.03125,-0.1375,0.05,bca,0.046422868734582845,5000,5000,0.7400519896020796,5000,whole-patient paired model-label-swap Monte Carlo; plus-one correction,1.0,False
3407,standardized_resnet18,prespecified_secondary_standardized_analysis,E2_standardized_resnet18_strict_roi_system,False,eye,yolo26,vit_method2,yolo26 - vit_method2,standardized_resnet18_eye_failure_aware_balanced_accuracy,30,failure_inclusive.balanced_accuracy,-0.04375,-0.225,0.10625,bca,0.0823495485089501,5000,5000,0.6144771045790842,5000,whole-patient paired model-label-swap Monte Carlo; plus-one correction,1.0,False
3407,standardized_resnet18,prespecified_secondary_standardized_analysis,E2_standardized_resnet18_strict_roi_system,False,eye,yolo26,emcad,yolo26 - emcad,standardized_resnet18_eye_failure_aware_balanced_accuracy,30,failure_inclusive.balanced_accuracy,-0.04375,-0.225,0.05,bca,0.06926065463951174,5000,5000,0.6272745450909818,5000,whole-patient paired model-label-swap Monte Carlo; plus-one correction,1.0,False
3407,standardized_resnet18,prespecified_secondary_standardized_analysis,E2_standardized_resnet18_strict_roi_system,False,eye,yolo26,sam2_unet,yolo26 - sam2_unet,standardized_resnet18_eye_failure_aware_balanced_accuracy,30,failure_inclusive.balanced_accuracy,-0.05,-0.225,0.0875,bca,0.07915420551738055,5000,5000,0.6080783843231353,5000,whole-patient paired model-label-swap Monte Carlo; plus-one correction,1.0,False
3407,standardized_resnet18,prespecified_secondary_standardized_analysis,E2_standardized_resnet18_strict_roi_system,False,eye,vit_method2,emcad,vit_method2 - emcad,standardized_resnet18_eye_failure_aware_balanced_accuracy,30,failure_inclusive.balanced_accuracy,0.0,-0.09375,0.09375,bca,0.044507419615499685,5000,5000,1.0,5000,whole-patient paired model-label-swap Monte Carlo; plus-one correction,1.0,False
3407,standardized_resnet18,prespecified_secondary_standardized_analysis,E2_standardized_resnet18_strict_roi_system,False,eye,vit_method2,sam2_unet,vit_method2 - sam2_unet,standardized_resnet18_eye_failure_aware_balanced_accuracy,30,failure_inclusive.balanced_accuracy,-0.006249999999999999,-0.1125,0.075,bca,0.051157156497719715,5000,5000,1.0,5000,whole-patient paired model-label-swap Monte Carlo; plus-one correction,1.0,False
3407,standardized_resnet18,prespecified_secondary_standardized_analysis,E2_standardized_resnet18_strict_roi_system,False,eye,emcad,sam2_unet,emcad - sam2_unet,standardized_resnet18_eye_failure_aware_balanced_accuracy,30,failure_inclusive.balanced_accuracy,-0.006249999999999999,-0.11875,0.075,bca,0.05135906662101967,5000,5000,1.0,5000,whole-patient paired model-label-swap Monte Carlo; plus-one correction,1.0,False
9103,standardized_resnet18,prespecified_secondary_standardized_analysis,E2_standardized_resnet18_strict_roi_system,False,eye,yolo26,vit_method2,yolo26 - vit_method2,standardized_resnet18_eye_failure_aware_balanced_accuracy,30,failure_inclusive.balanced_accuracy,-0.006249999999999999,-0.09375,0.05,bca,0.03785835567967729,5000,5000,1.0,5000,whole-patient paired model-label-swap Monte Carlo; plus-one correction,1.0,False
9103,standardized_resnet18,prespecified_secondary_standardized_analysis,E2_standardized_resnet18_strict_roi_system,False,eye,yolo26,emcad,yolo26 - emcad,standardized_resnet18_eye_failure_aware_balanced_accuracy,30,failure_inclusive.balanced_accuracy,-0.006249999999999999,-0.125,0.1125,bca,0.05824248819578579,5000,5000,1.0,5000,whole-patient paired model-label-swap Monte Carlo; plus-one correction,1.0,False
9103,standardized_resnet18,prespecified_secondary_standardized_analysis,E2_standardized_resnet18_strict_roi_system,False,eye,yolo26,sam2_unet,yolo26 - sam2_unet,standardized_resnet18_eye_failure_aware_balanced_accuracy,30,failure_inclusive.balanced_accuracy,-0.012499999999999997,-0.125,0.075,bca,0.0489370073143728,5000,5000,0.7546490701859628,5000,whole-patient paired model-label-swap Monte Carlo; plus-one correction,1.0,False
9103,standardized_resnet18,prespecified_secondary_standardized_analysis,E2_standardized_resnet18_strict_roi_system,False,eye,vit_method2,emcad,vit_method2 - emcad,standardized_resnet18_eye_failure_aware_balanced_accuracy,30,failure_inclusive.balanced_accuracy,0.0,-0.1125,0.1125,bca,0.0566303519350671,5000,5000,1.0,5000,whole-patient paired model-label-swap Monte Carlo; plus-one correction,1.0,False
9103,standardized_resnet18,prespecified_secondary_standardized_analysis,E2_standardized_resnet18_strict_roi_system,False,eye,vit_method2,sam2_unet,vit_method2 - sam2_unet,standardized_resnet18_eye_failure_aware_balanced_accuracy,30,failure_inclusive.balanced_accuracy,-0.006249999999999999,-0.11875,0.075,bca,0.05118268891399116,5000,5000,1.0,5000,whole-patient paired model-label-swap Monte Carlo; plus-one correction,1.0,False
9103,standardized_resnet18,prespecified_secondary_standardized_analysis,E2_standardized_resnet18_strict_roi_system,False,eye,emcad,sam2_unet,emcad - sam2_unet,standardized_resnet18_eye_failure_aware_balanced_accuracy,30,failure_inclusive.balanced_accuracy,-0.006249999999999999,-0.10625,0.1125,bca,0.05712641648565135,5000,5000,1.0,5000,whole-patient paired model-label-swap Monte Carlo; plus-one correction,1.0,False
