task,level,model,true_label,predicted_label,mean_percentage,sample_sd_percentage_points,n_seeds,ddof
binary,eye,emcad,0,0,90.0,10.0,5,1
binary,eye,emcad,0,1,8.0,9.746794344808963,5,1
binary,eye,emcad,0,2,2.0,4.47213595499958,5,1
binary,eye,emcad,1,0,20.0,8.14900300650331,5,1
binary,eye,emcad,1,1,76.25,9.270248108869579,5,1
binary,eye,emcad,1,2,3.75,5.5901699437494745,5,1
binary,eye,sam2_unet,0,0,84.0,12.942179105544785,5,1
binary,eye,sam2_unet,0,1,16.0,12.942179105544785,5,1
binary,eye,sam2_unet,0,2,0.0,0.0,5,1
binary,eye,sam2_unet,1,0,20.0,10.269797953221865,5,1
binary,eye,sam2_unet,1,1,80.0,10.269797953221865,5,1
binary,eye,sam2_unet,1,2,0.0,0.0,5,1
binary,eye,vit_method2,0,0,78.0,13.509256086106296,5,1
binary,eye,vit_method2,0,1,22.0,13.509256086106296,5,1
binary,eye,vit_method2,0,2,0.0,0.0,5,1
binary,eye,vit_method2,1,0,21.25,11.353688827865593,5,1
binary,eye,vit_method2,1,1,75.0,13.975424859373685,5,1
binary,eye,vit_method2,1,2,3.75,3.4232659844072884,5,1
binary,eye,yolo26,0,0,92.0,6.708203932499369,5,1
binary,eye,yolo26,0,1,5.0,6.123724356957945,5,1
binary,eye,yolo26,0,2,3.0,6.708203932499369,5,1
binary,eye,yolo26,1,0,16.25,8.38525491562421,5,1
binary,eye,yolo26,1,1,73.75,10.269797953221865,5,1
binary,eye,yolo26,1,2,10.0,7.126096406869612,5,1
threeclass,eye,emcad,0,0,89.0,10.8397416943394,5,1
threeclass,eye,emcad,0,1,7.0,10.36822067666386,5,1
threeclass,eye,emcad,0,2,2.0,4.47213595499958,5,1
threeclass,eye,emcad,0,3,2.0,4.47213595499958,5,1
threeclass,eye,emcad,1,0,7.5,11.180339887498949,5,1
threeclass,eye,emcad,1,1,45.0,22.707377655731186,5,1
threeclass,eye,emcad,1,2,42.5,24.36698586202241,5,1
threeclass,eye,emcad,1,3,5.0,11.180339887498949,5,1
threeclass,eye,emcad,2,0,30.0,20.91650066335189,5,1
threeclass,eye,emcad,2,1,57.5,24.36698586202241,5,1
threeclass,eye,emcad,2,2,10.0,10.458250331675945,5,1
threeclass,eye,emcad,2,3,2.5,5.5901699437494745,5,1
threeclass,eye,sam2_unet,0,0,88.0,7.582875444051551,5,1
threeclass,eye,sam2_unet,0,1,1.0,2.23606797749979,5,1
threeclass,eye,sam2_unet,0,2,11.0,8.215838362577491,5,1
threeclass,eye,sam2_unet,0,3,0.0,0.0,5,1
threeclass,eye,sam2_unet,1,0,10.0,13.693063937629153,5,1
threeclass,eye,sam2_unet,1,1,17.5,16.77050983124842,5,1
threeclass,eye,sam2_unet,1,2,72.5,28.50438562747845,5,1
threeclass,eye,sam2_unet,1,3,0.0,0.0,5,1
threeclass,eye,sam2_unet,2,0,30.0,20.91650066335189,5,1
threeclass,eye,sam2_unet,2,1,20.0,32.59601202601324,5,1
threeclass,eye,sam2_unet,2,2,50.0,17.67766952966369,5,1
threeclass,eye,sam2_unet,2,3,0.0,0.0,5,1
threeclass,eye,vit_method2,0,0,70.0,32.21024681681281,5,1
threeclass,eye,vit_method2,0,1,2.0,2.7386127875258306,5,1
threeclass,eye,vit_method2,0,2,28.0,33.279122584587476,5,1
threeclass,eye,vit_method2,0,3,0.0,0.0,5,1
threeclass,eye,vit_method2,1,0,7.5,11.180339887498949,5,1
threeclass,eye,vit_method2,1,1,30.0,24.36698586202241,5,1
threeclass,eye,vit_method2,1,2,60.0,28.50438562747845,5,1
threeclass,eye,vit_method2,1,3,2.5,5.5901699437494745,5,1
threeclass,eye,vit_method2,2,0,20.0,18.957188610128878,5,1
threeclass,eye,vit_method2,2,1,30.0,16.77050983124842,5,1
threeclass,eye,vit_method2,2,2,45.0,25.92055169165965,5,1
threeclass,eye,vit_method2,2,3,5.0,6.846531968814577,5,1
threeclass,eye,yolo26,0,0,94.0,5.477225575051661,5,1
threeclass,eye,yolo26,0,1,0.0,0.0,5,1
threeclass,eye,yolo26,0,2,3.0,2.7386127875258306,5,1
threeclass,eye,yolo26,0,3,3.0,6.708203932499369,5,1
threeclass,eye,yolo26,1,0,10.0,13.693063937629153,5,1
threeclass,eye,yolo26,1,1,25.0,34.232659844072884,5,1
threeclass,eye,yolo26,1,2,52.5,48.73397172404482,5,1
threeclass,eye,yolo26,1,3,12.5,8.838834764831844,5,1
threeclass,eye,yolo26,2,0,30.0,20.91650066335189,5,1
threeclass,eye,yolo26,2,1,27.5,33.54101966249684,5,1
threeclass,eye,yolo26,2,2,35.0,24.044230077089182,5,1
threeclass,eye,yolo26,2,3,7.5,6.846531968814577,5,1
