task,level,model,seed,true_class,predicted_outcome,count,true_class_denominator,row_percentage
binary,eye,emcad,17,Abnormal,Abnormal,13,16,81.25
binary,eye,emcad,17,Abnormal,Abstain,0,16,0.0
binary,eye,emcad,17,Abnormal,Normal,3,16,18.75
binary,eye,emcad,17,Normal,Abnormal,5,20,25.0
binary,eye,emcad,17,Normal,Abstain,0,20,0.0
binary,eye,emcad,17,Normal,Normal,15,20,75.0
binary,eye,emcad,42,Abnormal,Abnormal,12,16,75.0
binary,eye,emcad,42,Abnormal,Abstain,0,16,0.0
binary,eye,emcad,42,Abnormal,Normal,4,16,25.0
binary,eye,emcad,42,Normal,Abnormal,1,20,5.0
binary,eye,emcad,42,Normal,Abstain,0,20,0.0
binary,eye,emcad,42,Normal,Normal,19,20,95.0
binary,eye,emcad,2026,Abnormal,Abnormal,14,16,87.5
binary,eye,emcad,2026,Abnormal,Abstain,0,16,0.0
binary,eye,emcad,2026,Abnormal,Normal,2,16,12.5
binary,eye,emcad,2026,Normal,Abnormal,1,20,5.0
binary,eye,emcad,2026,Normal,Abstain,2,20,10.0
binary,eye,emcad,2026,Normal,Normal,17,20,85.0
binary,eye,emcad,3407,Abnormal,Abnormal,10,16,62.5
binary,eye,emcad,3407,Abnormal,Abstain,1,16,6.25
binary,eye,emcad,3407,Abnormal,Normal,5,16,31.25
binary,eye,emcad,3407,Normal,Abnormal,1,20,5.0
binary,eye,emcad,3407,Normal,Abstain,0,20,0.0
binary,eye,emcad,3407,Normal,Normal,19,20,95.0
binary,eye,emcad,9103,Abnormal,Abnormal,12,16,75.0
binary,eye,emcad,9103,Abnormal,Abstain,2,16,12.5
binary,eye,emcad,9103,Abnormal,Normal,2,16,12.5
binary,eye,emcad,9103,Normal,Abnormal,0,20,0.0
binary,eye,emcad,9103,Normal,Abstain,0,20,0.0
binary,eye,emcad,9103,Normal,Normal,20,20,100.0
binary,eye,sam2_unet,17,Abnormal,Abnormal,12,16,75.0
binary,eye,sam2_unet,17,Abnormal,Abstain,0,16,0.0
binary,eye,sam2_unet,17,Abnormal,Normal,4,16,25.0
binary,eye,sam2_unet,17,Normal,Abnormal,4,20,20.0
binary,eye,sam2_unet,17,Normal,Abstain,0,20,0.0
binary,eye,sam2_unet,17,Normal,Normal,16,20,80.0
binary,eye,sam2_unet,42,Abnormal,Abnormal,12,16,75.0
binary,eye,sam2_unet,42,Abnormal,Abstain,0,16,0.0
binary,eye,sam2_unet,42,Abnormal,Normal,4,16,25.0
binary,eye,sam2_unet,42,Normal,Abnormal,0,20,0.0
binary,eye,sam2_unet,42,Normal,Abstain,0,20,0.0
binary,eye,sam2_unet,42,Normal,Normal,20,20,100.0
binary,eye,sam2_unet,2026,Abnormal,Abnormal,15,16,93.75
binary,eye,sam2_unet,2026,Abnormal,Abstain,0,16,0.0
binary,eye,sam2_unet,2026,Abnormal,Normal,1,16,6.25
binary,eye,sam2_unet,2026,Normal,Abnormal,3,20,15.0
binary,eye,sam2_unet,2026,Normal,Abstain,0,20,0.0
binary,eye,sam2_unet,2026,Normal,Normal,17,20,85.0
binary,eye,sam2_unet,3407,Abnormal,Abnormal,11,16,68.75
binary,eye,sam2_unet,3407,Abnormal,Abstain,0,16,0.0
binary,eye,sam2_unet,3407,Abnormal,Normal,5,16,31.25
binary,eye,sam2_unet,3407,Normal,Abnormal,2,20,10.0
binary,eye,sam2_unet,3407,Normal,Abstain,0,20,0.0
binary,eye,sam2_unet,3407,Normal,Normal,18,20,90.0
binary,eye,sam2_unet,9103,Abnormal,Abnormal,14,16,87.5
binary,eye,sam2_unet,9103,Abnormal,Abstain,0,16,0.0
binary,eye,sam2_unet,9103,Abnormal,Normal,2,16,12.5
binary,eye,sam2_unet,9103,Normal,Abnormal,7,20,35.0
binary,eye,sam2_unet,9103,Normal,Abstain,0,20,0.0
binary,eye,sam2_unet,9103,Normal,Normal,13,20,65.0
binary,eye,vit_method2,17,Abnormal,Abnormal,13,16,81.25
binary,eye,vit_method2,17,Abnormal,Abstain,0,16,0.0
binary,eye,vit_method2,17,Abnormal,Normal,3,16,18.75
binary,eye,vit_method2,17,Normal,Abnormal,6,20,30.0
binary,eye,vit_method2,17,Normal,Abstain,0,20,0.0
binary,eye,vit_method2,17,Normal,Normal,14,20,70.0
binary,eye,vit_method2,42,Abnormal,Abnormal,12,16,75.0
binary,eye,vit_method2,42,Abnormal,Abstain,1,16,6.25
binary,eye,vit_method2,42,Abnormal,Normal,3,16,18.75
binary,eye,vit_method2,42,Normal,Abnormal,0,20,0.0
binary,eye,vit_method2,42,Normal,Abstain,0,20,0.0
binary,eye,vit_method2,42,Normal,Normal,20,20,100.0
binary,eye,vit_method2,2026,Abnormal,Abnormal,9,16,56.25
binary,eye,vit_method2,2026,Abnormal,Abstain,1,16,6.25
binary,eye,vit_method2,2026,Abnormal,Normal,6,16,37.5
binary,eye,vit_method2,2026,Normal,Abnormal,4,20,20.0
binary,eye,vit_method2,2026,Normal,Abstain,0,20,0.0
binary,eye,vit_method2,2026,Normal,Normal,16,20,80.0
binary,eye,vit_method2,3407,Abnormal,Abnormal,11,16,68.75
binary,eye,vit_method2,3407,Abnormal,Abstain,1,16,6.25
binary,eye,vit_method2,3407,Abnormal,Normal,4,16,25.0
binary,eye,vit_method2,3407,Normal,Abnormal,7,20,35.0
binary,eye,vit_method2,3407,Normal,Abstain,0,20,0.0
binary,eye,vit_method2,3407,Normal,Normal,13,20,65.0
binary,eye,vit_method2,9103,Abnormal,Abnormal,15,16,93.75
binary,eye,vit_method2,9103,Abnormal,Abstain,0,16,0.0
binary,eye,vit_method2,9103,Abnormal,Normal,1,16,6.25
binary,eye,vit_method2,9103,Normal,Abnormal,5,20,25.0
binary,eye,vit_method2,9103,Normal,Abstain,0,20,0.0
binary,eye,vit_method2,9103,Normal,Normal,15,20,75.0
binary,eye,yolo26,17,Abnormal,Abnormal,11,16,68.75
binary,eye,yolo26,17,Abnormal,Abstain,1,16,6.25
binary,eye,yolo26,17,Abnormal,Normal,4,16,25.0
binary,eye,yolo26,17,Normal,Abnormal,1,20,5.0
binary,eye,yolo26,17,Normal,Abstain,0,20,0.0
binary,eye,yolo26,17,Normal,Normal,19,20,95.0
binary,eye,yolo26,42,Abnormal,Abnormal,14,16,87.5
binary,eye,yolo26,42,Abnormal,Abstain,0,16,0.0
binary,eye,yolo26,42,Abnormal,Normal,2,16,12.5
binary,eye,yolo26,42,Normal,Abnormal,1,20,5.0
binary,eye,yolo26,42,Normal,Abstain,0,20,0.0
binary,eye,yolo26,42,Normal,Normal,19,20,95.0
binary,eye,yolo26,2026,Abnormal,Abnormal,11,16,68.75
binary,eye,yolo26,2026,Abnormal,Abstain,3,16,18.75
binary,eye,yolo26,2026,Abnormal,Normal,2,16,12.5
binary,eye,yolo26,2026,Normal,Abnormal,0,20,0.0
binary,eye,yolo26,2026,Normal,Abstain,3,20,15.0
binary,eye,yolo26,2026,Normal,Normal,17,20,85.0
binary,eye,yolo26,3407,Abnormal,Abnormal,10,16,62.5
binary,eye,yolo26,3407,Abnormal,Abstain,2,16,12.5
binary,eye,yolo26,3407,Abnormal,Normal,4,16,25.0
binary,eye,yolo26,3407,Normal,Abnormal,0,20,0.0
binary,eye,yolo26,3407,Normal,Abstain,0,20,0.0
binary,eye,yolo26,3407,Normal,Normal,20,20,100.0
binary,eye,yolo26,9103,Abnormal,Abnormal,13,16,81.25
binary,eye,yolo26,9103,Abnormal,Abstain,2,16,12.5
binary,eye,yolo26,9103,Abnormal,Normal,1,16,6.25
binary,eye,yolo26,9103,Normal,Abnormal,3,20,15.0
binary,eye,yolo26,9103,Normal,Abstain,0,20,0.0
binary,eye,yolo26,9103,Normal,Normal,17,20,85.0
threeclass,eye,emcad,17,Normal,Abstain,0,20,0.0
threeclass,eye,emcad,17,Normal,Normal,17,20,85.0
threeclass,eye,emcad,17,Normal,Papilledema,1,20,5.0
threeclass,eye,emcad,17,Normal,Pseudopapilledema,2,20,10.0
threeclass,eye,emcad,17,Papilledema,Abstain,0,8,0.0
threeclass,eye,emcad,17,Papilledema,Normal,1,8,12.5
threeclass,eye,emcad,17,Papilledema,Papilledema,5,8,62.5
threeclass,eye,emcad,17,Papilledema,Pseudopapilledema,2,8,25.0
threeclass,eye,emcad,17,Pseudopapilledema,Abstain,0,8,0.0
threeclass,eye,emcad,17,Pseudopapilledema,Normal,2,8,25.0
threeclass,eye,emcad,17,Pseudopapilledema,Papilledema,6,8,75.0
threeclass,eye,emcad,17,Pseudopapilledema,Pseudopapilledema,0,8,0.0
threeclass,eye,emcad,42,Normal,Abstain,0,20,0.0
threeclass,eye,emcad,42,Normal,Normal,20,20,100.0
threeclass,eye,emcad,42,Normal,Papilledema,0,20,0.0
threeclass,eye,emcad,42,Normal,Pseudopapilledema,0,20,0.0
threeclass,eye,emcad,42,Papilledema,Abstain,0,8,0.0
threeclass,eye,emcad,42,Papilledema,Normal,0,8,0.0
threeclass,eye,emcad,42,Papilledema,Papilledema,6,8,75.0
threeclass,eye,emcad,42,Papilledema,Pseudopapilledema,2,8,25.0
threeclass,eye,emcad,42,Pseudopapilledema,Abstain,0,8,0.0
threeclass,eye,emcad,42,Pseudopapilledema,Normal,4,8,50.0
threeclass,eye,emcad,42,Pseudopapilledema,Papilledema,4,8,50.0
threeclass,eye,emcad,42,Pseudopapilledema,Pseudopapilledema,0,8,0.0
threeclass,eye,emcad,2026,Normal,Abstain,2,20,10.0
threeclass,eye,emcad,2026,Normal,Normal,17,20,85.0
threeclass,eye,emcad,2026,Normal,Papilledema,1,20,5.0
threeclass,eye,emcad,2026,Normal,Pseudopapilledema,0,20,0.0
threeclass,eye,emcad,2026,Papilledema,Abstain,0,8,0.0
threeclass,eye,emcad,2026,Papilledema,Normal,0,8,0.0
threeclass,eye,emcad,2026,Papilledema,Papilledema,3,8,37.5
threeclass,eye,emcad,2026,Papilledema,Pseudopapilledema,5,8,62.5
threeclass,eye,emcad,2026,Pseudopapilledema,Abstain,0,8,0.0
threeclass,eye,emcad,2026,Pseudopapilledema,Normal,2,8,25.0
threeclass,eye,emcad,2026,Pseudopapilledema,Papilledema,4,8,50.0
threeclass,eye,emcad,2026,Pseudopapilledema,Pseudopapilledema,2,8,25.0
threeclass,eye,emcad,3407,Normal,Abstain,0,20,0.0
threeclass,eye,emcad,3407,Normal,Normal,15,20,75.0
threeclass,eye,emcad,3407,Normal,Papilledema,5,20,25.0
threeclass,eye,emcad,3407,Normal,Pseudopapilledema,0,20,0.0
threeclass,eye,emcad,3407,Papilledema,Abstain,0,8,0.0
threeclass,eye,emcad,3407,Papilledema,Normal,0,8,0.0
threeclass,eye,emcad,3407,Papilledema,Papilledema,2,8,25.0
threeclass,eye,emcad,3407,Papilledema,Pseudopapilledema,6,8,75.0
threeclass,eye,emcad,3407,Pseudopapilledema,Abstain,1,8,12.5
threeclass,eye,emcad,3407,Pseudopapilledema,Normal,4,8,50.0
threeclass,eye,emcad,3407,Pseudopapilledema,Papilledema,2,8,25.0
threeclass,eye,emcad,3407,Pseudopapilledema,Pseudopapilledema,1,8,12.5
threeclass,eye,emcad,9103,Normal,Abstain,0,20,0.0
threeclass,eye,emcad,9103,Normal,Normal,20,20,100.0
threeclass,eye,emcad,9103,Normal,Papilledema,0,20,0.0
threeclass,eye,emcad,9103,Normal,Pseudopapilledema,0,20,0.0
threeclass,eye,emcad,9103,Papilledema,Abstain,2,8,25.0
threeclass,eye,emcad,9103,Papilledema,Normal,2,8,25.0
threeclass,eye,emcad,9103,Papilledema,Papilledema,2,8,25.0
threeclass,eye,emcad,9103,Papilledema,Pseudopapilledema,2,8,25.0
threeclass,eye,emcad,9103,Pseudopapilledema,Abstain,0,8,0.0
threeclass,eye,emcad,9103,Pseudopapilledema,Normal,0,8,0.0
threeclass,eye,emcad,9103,Pseudopapilledema,Papilledema,7,8,87.5
threeclass,eye,emcad,9103,Pseudopapilledema,Pseudopapilledema,1,8,12.5
threeclass,eye,sam2_unet,17,Normal,Abstain,0,20,0.0
threeclass,eye,sam2_unet,17,Normal,Normal,17,20,85.0
threeclass,eye,sam2_unet,17,Normal,Papilledema,0,20,0.0
threeclass,eye,sam2_unet,17,Normal,Pseudopapilledema,3,20,15.0
threeclass,eye,sam2_unet,17,Papilledema,Abstain,0,8,0.0
threeclass,eye,sam2_unet,17,Papilledema,Normal,2,8,25.0
threeclass,eye,sam2_unet,17,Papilledema,Papilledema,2,8,25.0
threeclass,eye,sam2_unet,17,Papilledema,Pseudopapilledema,4,8,50.0
threeclass,eye,sam2_unet,17,Pseudopapilledema,Abstain,0,8,0.0
threeclass,eye,sam2_unet,17,Pseudopapilledema,Normal,2,8,25.0
threeclass,eye,sam2_unet,17,Pseudopapilledema,Papilledema,2,8,25.0
threeclass,eye,sam2_unet,17,Pseudopapilledema,Pseudopapilledema,4,8,50.0
threeclass,eye,sam2_unet,42,Normal,Abstain,0,20,0.0
threeclass,eye,sam2_unet,42,Normal,Normal,20,20,100.0
threeclass,eye,sam2_unet,42,Normal,Papilledema,0,20,0.0
threeclass,eye,sam2_unet,42,Normal,Pseudopapilledema,0,20,0.0
threeclass,eye,sam2_unet,42,Papilledema,Abstain,0,8,0.0
threeclass,eye,sam2_unet,42,Papilledema,Normal,0,8,0.0
threeclass,eye,sam2_unet,42,Papilledema,Papilledema,2,8,25.0
threeclass,eye,sam2_unet,42,Papilledema,Pseudopapilledema,6,8,75.0
threeclass,eye,sam2_unet,42,Pseudopapilledema,Abstain,0,8,0.0
threeclass,eye,sam2_unet,42,Pseudopapilledema,Normal,4,8,50.0
threeclass,eye,sam2_unet,42,Pseudopapilledema,Papilledema,0,8,0.0
threeclass,eye,sam2_unet,42,Pseudopapilledema,Pseudopapilledema,4,8,50.0
threeclass,eye,sam2_unet,2026,Normal,Abstain,0,20,0.0
threeclass,eye,sam2_unet,2026,Normal,Normal,16,20,80.0
threeclass,eye,sam2_unet,2026,Normal,Papilledema,0,20,0.0
threeclass,eye,sam2_unet,2026,Normal,Pseudopapilledema,4,20,20.0
threeclass,eye,sam2_unet,2026,Papilledema,Abstain,0,8,0.0
threeclass,eye,sam2_unet,2026,Papilledema,Normal,0,8,0.0
threeclass,eye,sam2_unet,2026,Papilledema,Papilledema,0,8,0.0
threeclass,eye,sam2_unet,2026,Papilledema,Pseudopapilledema,8,8,100.0
threeclass,eye,sam2_unet,2026,Pseudopapilledema,Abstain,0,8,0.0
threeclass,eye,sam2_unet,2026,Pseudopapilledema,Normal,2,8,25.0
threeclass,eye,sam2_unet,2026,Pseudopapilledema,Papilledema,0,8,0.0
threeclass,eye,sam2_unet,2026,Pseudopapilledema,Pseudopapilledema,6,8,75.0
threeclass,eye,sam2_unet,3407,Normal,Abstain,0,20,0.0
threeclass,eye,sam2_unet,3407,Normal,Normal,18,20,90.0
threeclass,eye,sam2_unet,3407,Normal,Papilledema,1,20,5.0
threeclass,eye,sam2_unet,3407,Normal,Pseudopapilledema,1,20,5.0
threeclass,eye,sam2_unet,3407,Papilledema,Abstain,0,8,0.0
threeclass,eye,sam2_unet,3407,Papilledema,Normal,0,8,0.0
threeclass,eye,sam2_unet,3407,Papilledema,Papilledema,0,8,0.0
threeclass,eye,sam2_unet,3407,Papilledema,Pseudopapilledema,8,8,100.0
threeclass,eye,sam2_unet,3407,Pseudopapilledema,Abstain,0,8,0.0
threeclass,eye,sam2_unet,3407,Pseudopapilledema,Normal,4,8,50.0
threeclass,eye,sam2_unet,3407,Pseudopapilledema,Papilledema,0,8,0.0
threeclass,eye,sam2_unet,3407,Pseudopapilledema,Pseudopapilledema,4,8,50.0
threeclass,eye,sam2_unet,9103,Normal,Abstain,0,20,0.0
threeclass,eye,sam2_unet,9103,Normal,Normal,17,20,85.0
threeclass,eye,sam2_unet,9103,Normal,Papilledema,0,20,0.0
threeclass,eye,sam2_unet,9103,Normal,Pseudopapilledema,3,20,15.0
threeclass,eye,sam2_unet,9103,Papilledema,Abstain,0,8,0.0
threeclass,eye,sam2_unet,9103,Papilledema,Normal,2,8,25.0
threeclass,eye,sam2_unet,9103,Papilledema,Papilledema,3,8,37.5
threeclass,eye,sam2_unet,9103,Papilledema,Pseudopapilledema,3,8,37.5
threeclass,eye,sam2_unet,9103,Pseudopapilledema,Abstain,0,8,0.0
threeclass,eye,sam2_unet,9103,Pseudopapilledema,Normal,0,8,0.0
threeclass,eye,sam2_unet,9103,Pseudopapilledema,Papilledema,6,8,75.0
threeclass,eye,sam2_unet,9103,Pseudopapilledema,Pseudopapilledema,2,8,25.0
threeclass,eye,vit_method2,17,Normal,Abstain,0,20,0.0
threeclass,eye,vit_method2,17,Normal,Normal,18,20,90.0
threeclass,eye,vit_method2,17,Normal,Papilledema,0,20,0.0
threeclass,eye,vit_method2,17,Normal,Pseudopapilledema,2,20,10.0
threeclass,eye,vit_method2,17,Papilledema,Abstain,0,8,0.0
threeclass,eye,vit_method2,17,Papilledema,Normal,2,8,25.0
threeclass,eye,vit_method2,17,Papilledema,Papilledema,5,8,62.5
threeclass,eye,vit_method2,17,Papilledema,Pseudopapilledema,1,8,12.5
threeclass,eye,vit_method2,17,Pseudopapilledema,Abstain,0,8,0.0
threeclass,eye,vit_method2,17,Pseudopapilledema,Normal,2,8,25.0
threeclass,eye,vit_method2,17,Pseudopapilledema,Papilledema,4,8,50.0
threeclass,eye,vit_method2,17,Pseudopapilledema,Pseudopapilledema,2,8,25.0
threeclass,eye,vit_method2,42,Normal,Abstain,0,20,0.0
threeclass,eye,vit_method2,42,Normal,Normal,19,20,95.0
threeclass,eye,vit_method2,42,Normal,Papilledema,1,20,5.0
threeclass,eye,vit_method2,42,Normal,Pseudopapilledema,0,20,0.0
threeclass,eye,vit_method2,42,Papilledema,Abstain,0,8,0.0
threeclass,eye,vit_method2,42,Papilledema,Normal,0,8,0.0
threeclass,eye,vit_method2,42,Papilledema,Papilledema,3,8,37.5
threeclass,eye,vit_method2,42,Papilledema,Pseudopapilledema,5,8,62.5
threeclass,eye,vit_method2,42,Pseudopapilledema,Abstain,1,8,12.5
threeclass,eye,vit_method2,42,Pseudopapilledema,Normal,3,8,37.5
threeclass,eye,vit_method2,42,Pseudopapilledema,Papilledema,1,8,12.5
threeclass,eye,vit_method2,42,Pseudopapilledema,Pseudopapilledema,3,8,37.5
threeclass,eye,vit_method2,2026,Normal,Abstain,0,20,0.0
threeclass,eye,vit_method2,2026,Normal,Normal,3,20,15.0
threeclass,eye,vit_method2,2026,Normal,Papilledema,0,20,0.0
threeclass,eye,vit_method2,2026,Normal,Pseudopapilledema,17,20,85.0
threeclass,eye,vit_method2,2026,Papilledema,Abstain,0,8,0.0
threeclass,eye,vit_method2,2026,Papilledema,Normal,0,8,0.0
threeclass,eye,vit_method2,2026,Papilledema,Papilledema,3,8,37.5
threeclass,eye,vit_method2,2026,Papilledema,Pseudopapilledema,5,8,62.5
threeclass,eye,vit_method2,2026,Pseudopapilledema,Abstain,1,8,12.5
threeclass,eye,vit_method2,2026,Pseudopapilledema,Normal,0,8,0.0
threeclass,eye,vit_method2,2026,Pseudopapilledema,Papilledema,3,8,37.5
threeclass,eye,vit_method2,2026,Pseudopapilledema,Pseudopapilledema,4,8,50.0
threeclass,eye,vit_method2,3407,Normal,Abstain,0,20,0.0
threeclass,eye,vit_method2,3407,Normal,Normal,14,20,70.0
threeclass,eye,vit_method2,3407,Normal,Papilledema,1,20,5.0
threeclass,eye,vit_method2,3407,Normal,Pseudopapilledema,5,20,25.0
threeclass,eye,vit_method2,3407,Papilledema,Abstain,1,8,12.5
threeclass,eye,vit_method2,3407,Papilledema,Normal,0,8,0.0
threeclass,eye,vit_method2,3407,Papilledema,Papilledema,0,8,0.0
threeclass,eye,vit_method2,3407,Papilledema,Pseudopapilledema,7,8,87.5
threeclass,eye,vit_method2,3407,Pseudopapilledema,Abstain,0,8,0.0
threeclass,eye,vit_method2,3407,Pseudopapilledema,Normal,3,8,37.5
threeclass,eye,vit_method2,3407,Pseudopapilledema,Papilledema,3,8,37.5
threeclass,eye,vit_method2,3407,Pseudopapilledema,Pseudopapilledema,2,8,25.0
threeclass,eye,vit_method2,9103,Normal,Abstain,0,20,0.0
threeclass,eye,vit_method2,9103,Normal,Normal,16,20,80.0
threeclass,eye,vit_method2,9103,Normal,Papilledema,0,20,0.0
threeclass,eye,vit_method2,9103,Normal,Pseudopapilledema,4,20,20.0
threeclass,eye,vit_method2,9103,Papilledema,Abstain,0,8,0.0
threeclass,eye,vit_method2,9103,Papilledema,Normal,1,8,12.5
threeclass,eye,vit_method2,9103,Papilledema,Papilledema,1,8,12.5
threeclass,eye,vit_method2,9103,Papilledema,Pseudopapilledema,6,8,75.0
threeclass,eye,vit_method2,9103,Pseudopapilledema,Abstain,0,8,0.0
threeclass,eye,vit_method2,9103,Pseudopapilledema,Normal,0,8,0.0
threeclass,eye,vit_method2,9103,Pseudopapilledema,Papilledema,1,8,12.5
threeclass,eye,vit_method2,9103,Pseudopapilledema,Pseudopapilledema,7,8,87.5
threeclass,eye,yolo26,17,Normal,Abstain,0,20,0.0
threeclass,eye,yolo26,17,Normal,Normal,19,20,95.0
threeclass,eye,yolo26,17,Normal,Papilledema,0,20,0.0
threeclass,eye,yolo26,17,Normal,Pseudopapilledema,1,20,5.0
threeclass,eye,yolo26,17,Papilledema,Abstain,1,8,12.5
threeclass,eye,yolo26,17,Papilledema,Normal,2,8,25.0
threeclass,eye,yolo26,17,Papilledema,Papilledema,5,8,62.5
threeclass,eye,yolo26,17,Papilledema,Pseudopapilledema,0,8,0.0
threeclass,eye,yolo26,17,Pseudopapilledema,Abstain,0,8,0.0
threeclass,eye,yolo26,17,Pseudopapilledema,Normal,2,8,25.0
threeclass,eye,yolo26,17,Pseudopapilledema,Papilledema,6,8,75.0
threeclass,eye,yolo26,17,Pseudopapilledema,Pseudopapilledema,0,8,0.0
threeclass,eye,yolo26,42,Normal,Abstain,0,20,0.0
threeclass,eye,yolo26,42,Normal,Normal,20,20,100.0
threeclass,eye,yolo26,42,Normal,Papilledema,0,20,0.0
threeclass,eye,yolo26,42,Normal,Pseudopapilledema,0,20,0.0
threeclass,eye,yolo26,42,Papilledema,Abstain,0,8,0.0
threeclass,eye,yolo26,42,Papilledema,Normal,0,8,0.0
threeclass,eye,yolo26,42,Papilledema,Papilledema,0,8,0.0
threeclass,eye,yolo26,42,Papilledema,Pseudopapilledema,8,8,100.0
threeclass,eye,yolo26,42,Pseudopapilledema,Abstain,0,8,0.0
threeclass,eye,yolo26,42,Pseudopapilledema,Normal,4,8,50.0
threeclass,eye,yolo26,42,Pseudopapilledema,Papilledema,0,8,0.0
threeclass,eye,yolo26,42,Pseudopapilledema,Pseudopapilledema,4,8,50.0
threeclass,eye,yolo26,2026,Normal,Abstain,3,20,15.0
threeclass,eye,yolo26,2026,Normal,Normal,17,20,85.0
threeclass,eye,yolo26,2026,Normal,Papilledema,0,20,0.0
threeclass,eye,yolo26,2026,Normal,Pseudopapilledema,0,20,0.0
threeclass,eye,yolo26,2026,Papilledema,Abstain,2,8,25.0
threeclass,eye,yolo26,2026,Papilledema,Normal,0,8,0.0
threeclass,eye,yolo26,2026,Papilledema,Papilledema,0,8,0.0
threeclass,eye,yolo26,2026,Papilledema,Pseudopapilledema,6,8,75.0
threeclass,eye,yolo26,2026,Pseudopapilledema,Abstain,1,8,12.5
threeclass,eye,yolo26,2026,Pseudopapilledema,Normal,2,8,25.0
threeclass,eye,yolo26,2026,Pseudopapilledema,Papilledema,0,8,0.0
threeclass,eye,yolo26,2026,Pseudopapilledema,Pseudopapilledema,5,8,62.5
threeclass,eye,yolo26,3407,Normal,Abstain,0,20,0.0
threeclass,eye,yolo26,3407,Normal,Normal,19,20,95.0
threeclass,eye,yolo26,3407,Normal,Papilledema,0,20,0.0
threeclass,eye,yolo26,3407,Normal,Pseudopapilledema,1,20,5.0
threeclass,eye,yolo26,3407,Papilledema,Abstain,1,8,12.5
threeclass,eye,yolo26,3407,Papilledema,Normal,0,8,0.0
threeclass,eye,yolo26,3407,Papilledema,Papilledema,0,8,0.0
threeclass,eye,yolo26,3407,Papilledema,Pseudopapilledema,7,8,87.5
threeclass,eye,yolo26,3407,Pseudopapilledema,Abstain,1,8,12.5
threeclass,eye,yolo26,3407,Pseudopapilledema,Normal,4,8,50.0
threeclass,eye,yolo26,3407,Pseudopapilledema,Papilledema,1,8,12.5
threeclass,eye,yolo26,3407,Pseudopapilledema,Pseudopapilledema,2,8,25.0
threeclass,eye,yolo26,9103,Normal,Abstain,0,20,0.0
threeclass,eye,yolo26,9103,Normal,Normal,19,20,95.0
threeclass,eye,yolo26,9103,Normal,Papilledema,0,20,0.0
threeclass,eye,yolo26,9103,Normal,Pseudopapilledema,1,20,5.0
threeclass,eye,yolo26,9103,Papilledema,Abstain,1,8,12.5
threeclass,eye,yolo26,9103,Papilledema,Normal,2,8,25.0
threeclass,eye,yolo26,9103,Papilledema,Papilledema,5,8,62.5
threeclass,eye,yolo26,9103,Papilledema,Pseudopapilledema,0,8,0.0
threeclass,eye,yolo26,9103,Pseudopapilledema,Abstain,1,8,12.5
threeclass,eye,yolo26,9103,Pseudopapilledema,Normal,0,8,0.0
threeclass,eye,yolo26,9103,Pseudopapilledema,Papilledema,4,8,50.0
threeclass,eye,yolo26,9103,Pseudopapilledema,Pseudopapilledema,3,8,37.5
