task,level,model,seed,true_class,n_intended_class,n_evaluable_class,n_abstained_class,n_intended_all
binary,eye,emcad,17,Abnormal,16,16,0,36
binary,eye,emcad,17,Normal,20,20,0,36
binary,eye,emcad,42,Abnormal,16,16,0,36
binary,eye,emcad,42,Normal,20,20,0,36
binary,eye,emcad,2026,Abnormal,16,16,0,36
binary,eye,emcad,2026,Normal,20,18,2,36
binary,eye,emcad,3407,Abnormal,16,15,1,36
binary,eye,emcad,3407,Normal,20,20,0,36
binary,eye,emcad,9103,Abnormal,16,14,2,36
binary,eye,emcad,9103,Normal,20,20,0,36
binary,eye,sam2_unet,17,Abnormal,16,16,0,36
binary,eye,sam2_unet,17,Normal,20,20,0,36
binary,eye,sam2_unet,42,Abnormal,16,16,0,36
binary,eye,sam2_unet,42,Normal,20,20,0,36
binary,eye,sam2_unet,2026,Abnormal,16,16,0,36
binary,eye,sam2_unet,2026,Normal,20,20,0,36
binary,eye,sam2_unet,3407,Abnormal,16,16,0,36
binary,eye,sam2_unet,3407,Normal,20,20,0,36
binary,eye,sam2_unet,9103,Abnormal,16,16,0,36
binary,eye,sam2_unet,9103,Normal,20,20,0,36
binary,eye,vit_method2,17,Abnormal,16,16,0,36
binary,eye,vit_method2,17,Normal,20,20,0,36
binary,eye,vit_method2,42,Abnormal,16,15,1,36
binary,eye,vit_method2,42,Normal,20,20,0,36
binary,eye,vit_method2,2026,Abnormal,16,15,1,36
binary,eye,vit_method2,2026,Normal,20,20,0,36
binary,eye,vit_method2,3407,Abnormal,16,15,1,36
binary,eye,vit_method2,3407,Normal,20,20,0,36
binary,eye,vit_method2,9103,Abnormal,16,16,0,36
binary,eye,vit_method2,9103,Normal,20,20,0,36
binary,eye,yolo26,17,Abnormal,16,15,1,36
binary,eye,yolo26,17,Normal,20,20,0,36
binary,eye,yolo26,42,Abnormal,16,16,0,36
binary,eye,yolo26,42,Normal,20,20,0,36
binary,eye,yolo26,2026,Abnormal,16,13,3,36
binary,eye,yolo26,2026,Normal,20,17,3,36
binary,eye,yolo26,3407,Abnormal,16,14,2,36
binary,eye,yolo26,3407,Normal,20,20,0,36
binary,eye,yolo26,9103,Abnormal,16,14,2,36
binary,eye,yolo26,9103,Normal,20,20,0,36
threeclass,eye,emcad,17,Normal,20,20,0,36
threeclass,eye,emcad,17,Papilledema,8,8,0,36
threeclass,eye,emcad,17,Pseudopapilledema,8,8,0,36
threeclass,eye,emcad,42,Normal,20,20,0,36
threeclass,eye,emcad,42,Papilledema,8,8,0,36
threeclass,eye,emcad,42,Pseudopapilledema,8,8,0,36
threeclass,eye,emcad,2026,Normal,20,18,2,36
threeclass,eye,emcad,2026,Papilledema,8,8,0,36
threeclass,eye,emcad,2026,Pseudopapilledema,8,8,0,36
threeclass,eye,emcad,3407,Normal,20,20,0,36
threeclass,eye,emcad,3407,Papilledema,8,8,0,36
threeclass,eye,emcad,3407,Pseudopapilledema,8,7,1,36
threeclass,eye,emcad,9103,Normal,20,20,0,36
threeclass,eye,emcad,9103,Papilledema,8,6,2,36
threeclass,eye,emcad,9103,Pseudopapilledema,8,8,0,36
threeclass,eye,sam2_unet,17,Normal,20,20,0,36
threeclass,eye,sam2_unet,17,Papilledema,8,8,0,36
threeclass,eye,sam2_unet,17,Pseudopapilledema,8,8,0,36
threeclass,eye,sam2_unet,42,Normal,20,20,0,36
threeclass,eye,sam2_unet,42,Papilledema,8,8,0,36
threeclass,eye,sam2_unet,42,Pseudopapilledema,8,8,0,36
threeclass,eye,sam2_unet,2026,Normal,20,20,0,36
threeclass,eye,sam2_unet,2026,Papilledema,8,8,0,36
threeclass,eye,sam2_unet,2026,Pseudopapilledema,8,8,0,36
threeclass,eye,sam2_unet,3407,Normal,20,20,0,36
threeclass,eye,sam2_unet,3407,Papilledema,8,8,0,36
threeclass,eye,sam2_unet,3407,Pseudopapilledema,8,8,0,36
threeclass,eye,sam2_unet,9103,Normal,20,20,0,36
threeclass,eye,sam2_unet,9103,Papilledema,8,8,0,36
threeclass,eye,sam2_unet,9103,Pseudopapilledema,8,8,0,36
threeclass,eye,vit_method2,17,Normal,20,20,0,36
threeclass,eye,vit_method2,17,Papilledema,8,8,0,36
threeclass,eye,vit_method2,17,Pseudopapilledema,8,8,0,36
threeclass,eye,vit_method2,42,Normal,20,20,0,36
threeclass,eye,vit_method2,42,Papilledema,8,8,0,36
threeclass,eye,vit_method2,42,Pseudopapilledema,8,7,1,36
threeclass,eye,vit_method2,2026,Normal,20,20,0,36
threeclass,eye,vit_method2,2026,Papilledema,8,8,0,36
threeclass,eye,vit_method2,2026,Pseudopapilledema,8,7,1,36
threeclass,eye,vit_method2,3407,Normal,20,20,0,36
threeclass,eye,vit_method2,3407,Papilledema,8,7,1,36
threeclass,eye,vit_method2,3407,Pseudopapilledema,8,8,0,36
threeclass,eye,vit_method2,9103,Normal,20,20,0,36
threeclass,eye,vit_method2,9103,Papilledema,8,8,0,36
threeclass,eye,vit_method2,9103,Pseudopapilledema,8,8,0,36
threeclass,eye,yolo26,17,Normal,20,20,0,36
threeclass,eye,yolo26,17,Papilledema,8,7,1,36
threeclass,eye,yolo26,17,Pseudopapilledema,8,8,0,36
threeclass,eye,yolo26,42,Normal,20,20,0,36
threeclass,eye,yolo26,42,Papilledema,8,8,0,36
threeclass,eye,yolo26,42,Pseudopapilledema,8,8,0,36
threeclass,eye,yolo26,2026,Normal,20,17,3,36
threeclass,eye,yolo26,2026,Papilledema,8,6,2,36
threeclass,eye,yolo26,2026,Pseudopapilledema,8,7,1,36
threeclass,eye,yolo26,3407,Normal,20,20,0,36
threeclass,eye,yolo26,3407,Papilledema,8,7,1,36
threeclass,eye,yolo26,3407,Pseudopapilledema,8,7,1,36
threeclass,eye,yolo26,9103,Normal,20,20,0,36
threeclass,eye,yolo26,9103,Papilledema,8,7,1,36
threeclass,eye,yolo26,9103,Pseudopapilledema,8,7,1,36
