model,seed,class,bin,bin_lower,bin_upper,n,mean_probability,observed_frequency
yolo26,17,Normal,0,0.0,0.2,5,0.00707504286622926,0.0
yolo26,17,Normal,3,0.6000000000000001,0.8,1,0.7131860278541259,1.0
yolo26,17,Normal,4,0.8,1.0,11,0.9589660464203352,0.8181818181818182
yolo26,42,Normal,0,0.0,0.2,6,0.11281574362641067,0.0
yolo26,42,Normal,2,0.4,0.6000000000000001,3,0.5577524579385812,1.0
yolo26,42,Normal,3,0.6000000000000001,0.8,9,0.6398118592699791,0.7777777777777778
yolo26,2026,Normal,0,0.0,0.2,2,0.19064301859260013,0.0
yolo26,2026,Normal,1,0.2,0.4,2,0.24492056110160565,0.0
yolo26,2026,Normal,2,0.4,0.6000000000000001,2,0.5811670605062886,1.0
yolo26,2026,Normal,3,0.6000000000000001,0.8,7,0.6242842947930479,0.8571428571428571
yolo26,3407,Normal,0,0.0,0.2,3,0.0665266189549266,0.0
yolo26,3407,Normal,1,0.2,0.4,1,0.2727658906875893,0.0
yolo26,3407,Normal,2,0.4,0.6000000000000001,3,0.5554794275703467,1.0
yolo26,3407,Normal,3,0.6000000000000001,0.8,3,0.6802100048016836,0.3333333333333333
yolo26,3407,Normal,4,0.8,1.0,6,0.9130835828643863,1.0
yolo26,9103,Normal,0,0.0,0.2,5,0.020737436213160158,0.0
yolo26,9103,Normal,2,0.4,0.6000000000000001,3,0.5587223588819604,1.0
yolo26,9103,Normal,3,0.6000000000000001,0.8,4,0.6996124660687486,0.75
yolo26,9103,Normal,4,0.8,1.0,4,0.9584996838867952,1.0
yolo26,17,Papilledema,0,0.0,0.2,12,0.02067110709412005,0.08333333333333333
yolo26,17,Papilledema,3,0.6000000000000001,0.8,1,0.7295688241668403,1.0
yolo26,17,Papilledema,4,0.8,1.0,4,0.9502677116192366,0.25
yolo26,42,Papilledema,0,0.0,0.2,18,0.15816654764568694,0.2222222222222222
yolo26,2026,Papilledema,0,0.0,0.2,9,0.15761551671806406,0.0
yolo26,2026,Papilledema,1,0.2,0.4,4,0.3079264792221247,0.5
yolo26,3407,Papilledema,0,0.0,0.2,15,0.0639127394587214,0.2
yolo26,3407,Papilledema,1,0.2,0.4,1,0.3704735633223399,0.0
yolo26,9103,Papilledema,0,0.0,0.2,10,0.025608411645919777,0.0
yolo26,9103,Papilledema,1,0.2,0.4,1,0.319268800921689,1.0
yolo26,9103,Papilledema,2,0.4,0.6000000000000001,2,0.525809048142065,0.0
yolo26,9103,Papilledema,3,0.6000000000000001,0.8,1,0.7320478062098608,1.0
yolo26,9103,Papilledema,4,0.8,1.0,2,0.910522645314309,0.5
yolo26,17,Pseudopapilledema,0,0.0,0.2,16,0.04101828398690957,0.25
yolo26,17,Pseudopapilledema,1,0.2,0.4,1,0.2678267476272576,0.0
yolo26,42,Pseudopapilledema,0,0.0,0.2,4,0.17583369643644875,0.25
yolo26,42,Pseudopapilledema,1,0.2,0.4,8,0.24046490982105656,0.125
yolo26,42,Pseudopapilledema,3,0.6000000000000001,0.8,6,0.7362482515098945,0.3333333333333333
yolo26,2026,Pseudopapilledema,1,0.2,0.4,9,0.2276817961081678,0.1111111111111111
yolo26,2026,Pseudopapilledema,2,0.4,0.6000000000000001,4,0.4742917309307723,0.5
yolo26,3407,Pseudopapilledema,0,0.0,0.2,6,0.056864825829432426,0.0
yolo26,3407,Pseudopapilledema,1,0.2,0.4,6,0.30520843995335617,0.5
yolo26,3407,Pseudopapilledema,2,0.4,0.6000000000000001,1,0.4132493179461848,0.0
yolo26,3407,Pseudopapilledema,3,0.6000000000000001,0.8,1,0.6979160368469541,0.0
yolo26,3407,Pseudopapilledema,4,0.8,1.0,2,0.8646574267260945,0.0
yolo26,9103,Pseudopapilledema,0,0.0,0.2,8,0.04983819455423315,0.125
yolo26,9103,Pseudopapilledema,1,0.2,0.4,4,0.29489837780096717,0.0
yolo26,9103,Pseudopapilledema,2,0.4,0.6000000000000001,4,0.45733349108122795,0.5
vit_method2,17,Normal,0,0.0,0.2,6,0.012725108090919876,0.0
vit_method2,17,Normal,3,0.6000000000000001,0.8,2,0.7021226959019754,1.0
vit_method2,17,Normal,4,0.8,1.0,10,0.9428030735014706,0.8
vit_method2,42,Normal,0,0.0,0.2,5,0.0049622594417558005,0.0
vit_method2,42,Normal,1,0.2,0.4,2,0.2986387600249272,0.5
vit_method2,42,Normal,3,0.6000000000000001,0.8,1,0.6365850364645302,1.0
vit_method2,42,Normal,4,0.8,1.0,9,0.8744222597027871,0.8888888888888888
vit_method2,2026,Normal,1,0.2,0.4,17,0.31186354556007306,0.5882352941176471
vit_method2,3407,Normal,0,0.0,0.2,6,0.0030739070896977083,0.16666666666666666
vit_method2,3407,Normal,2,0.4,0.6000000000000001,1,0.4509004551678273,1.0
vit_method2,3407,Normal,3,0.6000000000000001,0.8,4,0.6786767518697996,0.75
vit_method2,3407,Normal,4,0.8,1.0,6,0.9440406780413199,0.8333333333333334
vit_method2,9103,Normal,0,0.0,0.2,9,0.009495695247014659,0.2222222222222222
vit_method2,9103,Normal,2,0.4,0.6000000000000001,1,0.5850868545779333,0.0
vit_method2,9103,Normal,4,0.8,1.0,8,0.9673338968550144,1.0
vit_method2,17,Papilledema,0,0.0,0.2,12,0.011519941137794825,0.08333333333333333
vit_method2,17,Papilledema,2,0.4,0.6000000000000001,2,0.45415439013718617,0.0
vit_method2,17,Papilledema,3,0.6000000000000001,0.8,3,0.7088390777634034,0.6666666666666666
vit_method2,17,Papilledema,4,0.8,1.0,1,0.861158317548742,1.0
vit_method2,42,Papilledema,0,0.0,0.2,10,0.04643522910587573,0.0
vit_method2,42,Papilledema,1,0.2,0.4,4,0.3609290218218701,0.5
vit_method2,42,Papilledema,2,0.4,0.6000000000000001,3,0.4786400111483302,0.6666666666666666
vit_method2,2026,Papilledema,1,0.2,0.4,17,0.3234597098515215,0.23529411764705882
vit_method2,3407,Papilledema,0,0.0,0.2,10,0.04871886581921298,0.0
vit_method2,3407,Papilledema,1,0.2,0.4,4,0.2970562828680743,0.75
vit_method2,3407,Papilledema,2,0.4,0.6000000000000001,1,0.5421932206248817,0.0
vit_method2,3407,Papilledema,3,0.6000000000000001,0.8,1,0.634110120761497,0.0
vit_method2,3407,Papilledema,4,0.8,1.0,1,0.859000294206403,0.0
vit_method2,9103,Papilledema,0,0.0,0.2,10,0.01844638589394499,0.1
vit_method2,9103,Papilledema,1,0.2,0.4,4,0.26710786272220577,0.25
vit_method2,9103,Papilledema,2,0.4,0.6000000000000001,4,0.4400252215618991,0.5
vit_method2,17,Pseudopapilledema,0,0.0,0.2,11,0.06090054497244968,0.09090909090909091
vit_method2,17,Pseudopapilledema,1,0.2,0.4,5,0.27412186078976747,0.2
vit_method2,17,Pseudopapilledema,2,0.4,0.6000000000000001,2,0.5083171506115886,1.0
vit_method2,42,Pseudopapilledema,0,0.0,0.2,10,0.10292623351516268,0.1
vit_method2,42,Pseudopapilledema,1,0.2,0.4,2,0.32626579376877907,0.5
vit_method2,42,Pseudopapilledema,2,0.4,0.6000000000000001,3,0.5136341504259804,0.3333333333333333
vit_method2,42,Pseudopapilledema,3,0.6000000000000001,0.8,2,0.6524205115966977,0.0
vit_method2,2026,Pseudopapilledema,1,0.2,0.4,17,0.36467674458840527,0.17647058823529413
vit_method2,3407,Pseudopapilledema,0,0.0,0.2,8,0.07302690721711924,0.25
vit_method2,3407,Pseudopapilledema,1,0.2,0.4,5,0.2644364337545629,0.4
vit_method2,3407,Pseudopapilledema,2,0.4,0.6000000000000001,1,0.4404542536792517,0.0
vit_method2,3407,Pseudopapilledema,3,0.6000000000000001,0.8,3,0.698045307040213,0.0
vit_method2,9103,Pseudopapilledema,0,0.0,0.2,8,0.031235961992180386,0.0
vit_method2,9103,Pseudopapilledema,1,0.2,0.4,1,0.3599174790898899,0.0
vit_method2,9103,Pseudopapilledema,2,0.4,0.6000000000000001,4,0.5599742397023495,0.5
vit_method2,9103,Pseudopapilledema,3,0.6000000000000001,0.8,5,0.7456164766892437,0.4
emcad,17,Normal,0,0.0,0.2,6,0.00010520475391469034,0.0
emcad,17,Normal,1,0.2,0.4,2,0.3616389846773114,1.0
emcad,17,Normal,2,0.4,0.6000000000000001,2,0.5480066325179609,0.5
emcad,17,Normal,4,0.8,1.0,8,0.89899575237682,0.875
emcad,42,Normal,0,0.0,0.2,6,0.023570935873959583,0.0
emcad,42,Normal,4,0.8,1.0,12,0.922487017144412,0.8333333333333334
emcad,2026,Normal,0,0.0,0.2,5,0.14880610410764805,0.0
emcad,2026,Normal,1,0.2,0.4,3,0.3237507776031376,0.3333333333333333
emcad,2026,Normal,3,0.6000000000000001,0.8,8,0.6952728032421207,0.875
emcad,3407,Normal,0,0.0,0.2,5,0.01837539192521382,0.0
emcad,3407,Normal,1,0.2,0.4,4,0.27684929649476725,1.0
emcad,3407,Normal,3,0.6000000000000001,0.8,2,0.6938981034927988,1.0
emcad,3407,Normal,4,0.8,1.0,6,0.8723147967235328,0.6666666666666666
emcad,9103,Normal,0,0.0,0.2,5,0.045586983780815805,0.0
emcad,9103,Normal,4,0.8,1.0,11,0.9221005601750516,0.9090909090909091
emcad,17,Papilledema,0,0.0,0.2,11,0.059004587678632946,0.09090909090909091
emcad,17,Papilledema,1,0.2,0.4,1,0.3524349300243266,0.0
emcad,17,Papilledema,2,0.4,0.6000000000000001,1,0.5761677840129377,1.0
emcad,17,Papilledema,3,0.6000000000000001,0.8,5,0.7061032568232363,0.4
emcad,42,Papilledema,0,0.0,0.2,12,0.0048309184407083995,0.0
emcad,42,Papilledema,2,0.4,0.6000000000000001,2,0.5115795997408722,1.0
emcad,42,Papilledema,3,0.6000000000000001,0.8,2,0.7547612024726846,0.0
emcad,42,Papilledema,4,0.8,1.0,2,0.8231437916258525,1.0
emcad,2026,Papilledema,0,0.0,0.2,8,0.09374811507934525,0.0
emcad,2026,Papilledema,1,0.2,0.4,4,0.33476257608586607,0.5
emcad,2026,Papilledema,2,0.4,0.6000000000000001,4,0.4513351330148136,0.5
emcad,3407,Papilledema,0,0.0,0.2,7,0.07470123313250794,0.0
emcad,3407,Papilledema,1,0.2,0.4,3,0.32672251159946897,0.0
emcad,3407,Papilledema,2,0.4,0.6000000000000001,7,0.4622526405967746,0.5714285714285714
emcad,9103,Papilledema,0,0.0,0.2,11,0.017706075601378973,0.09090909090909091
emcad,9103,Papilledema,2,0.4,0.6000000000000001,4,0.5315961821929756,0.25
emcad,9103,Papilledema,3,0.6000000000000001,0.8,1,0.6130512838106027,0.0
emcad,17,Pseudopapilledema,0,0.0,0.2,8,0.07658261840024311,0.125
emcad,17,Pseudopapilledema,1,0.2,0.4,8,0.28728593660378376,0.375
emcad,17,Pseudopapilledema,2,0.4,0.6000000000000001,2,0.4844968077103914,0.0
emcad,42,Pseudopapilledema,0,0.0,0.2,15,0.09358429301450957,0.2
emcad,42,Pseudopapilledema,1,0.2,0.4,1,0.2442908932475639,1.0
emcad,42,Pseudopapilledema,2,0.4,0.6000000000000001,2,0.45186734079538426,0.0
emcad,2026,Pseudopapilledema,0,0.0,0.2,3,0.19430699466402226,0.3333333333333333
emcad,2026,Pseudopapilledema,1,0.2,0.4,9,0.2830423183332908,0.1111111111111111
emcad,2026,Pseudopapilledema,2,0.4,0.6000000000000001,4,0.4244642786715539,0.5
emcad,3407,Pseudopapilledema,0,0.0,0.2,8,0.07871557895209563,0.25
emcad,3407,Pseudopapilledema,1,0.2,0.4,4,0.30690734219584376,0.0
emcad,3407,Pseudopapilledema,2,0.4,0.6000000000000001,5,0.5165684431529083,0.2
emcad,9103,Pseudopapilledema,0,0.0,0.2,11,0.060193364223569266,0.0
emcad,9103,Pseudopapilledema,1,0.2,0.4,3,0.3710988040278529,1.0
emcad,9103,Pseudopapilledema,2,0.4,0.6000000000000001,2,0.45966632821492864,0.5
sam2_unet,17,Normal,0,0.0,0.2,6,2.8866299747292544e-06,0.0
sam2_unet,17,Normal,3,0.6000000000000001,0.8,2,0.6787847999457948,1.0
sam2_unet,17,Normal,4,0.8,1.0,10,0.9422597349151582,0.8
sam2_unet,42,Normal,0,0.0,0.2,6,0.007074929495880934,0.0
sam2_unet,42,Normal,4,0.8,1.0,12,0.9060933081277156,0.8333333333333334
sam2_unet,2026,Normal,0,0.0,0.2,6,0.115166860799642,0.0
sam2_unet,2026,Normal,1,0.2,0.4,2,0.2825835721631438,0.5
sam2_unet,2026,Normal,2,0.4,0.6000000000000001,4,0.4989692446955214,1.0
sam2_unet,2026,Normal,3,0.6000000000000001,0.8,6,0.6750198443151092,0.8333333333333334
sam2_unet,3407,Normal,0,0.0,0.2,7,0.009364433778093829,0.14285714285714285
sam2_unet,3407,Normal,3,0.6000000000000001,0.8,3,0.7390977940170654,1.0
sam2_unet,3407,Normal,4,0.8,1.0,8,0.8525929363147997,0.75
sam2_unet,9103,Normal,0,0.0,0.2,7,0.00042501752547173907,0.0
sam2_unet,9103,Normal,1,0.2,0.4,1,0.2977043563189633,1.0
sam2_unet,9103,Normal,3,0.6000000000000001,0.8,2,0.7464530715187372,1.0
sam2_unet,9103,Normal,4,0.8,1.0,8,0.9347040191962676,0.875
sam2_unet,17,Papilledema,0,0.0,0.2,13,0.025175958587653032,0.15384615384615385
sam2_unet,17,Papilledema,1,0.2,0.4,2,0.2812523912104542,0.5
sam2_unet,17,Papilledema,2,0.4,0.6000000000000001,3,0.5090199845184235,0.3333333333333333
sam2_unet,42,Papilledema,0,0.0,0.2,12,0.025348403203610426,0.0
sam2_unet,42,Papilledema,1,0.2,0.4,1,0.3998592235683977,1.0
sam2_unet,42,Papilledema,2,0.4,0.6000000000000001,5,0.45828897657873113,0.6
sam2_unet,2026,Papilledema,0,0.0,0.2,10,0.15294435910798537,0.0
sam2_unet,2026,Papilledema,1,0.2,0.4,8,0.2845227746157109,0.5
sam2_unet,3407,Papilledema,0,0.0,0.2,10,0.10160179904687161,0.0
sam2_unet,3407,Papilledema,1,0.2,0.4,2,0.30311281892214714,0.5
sam2_unet,3407,Papilledema,2,0.4,0.6000000000000001,6,0.4262907288678186,0.5
sam2_unet,9103,Papilledema,0,0.0,0.2,11,0.02839428176703205,0.09090909090909091
sam2_unet,9103,Papilledema,1,0.2,0.4,1,0.3775041624160533,1.0
sam2_unet,9103,Papilledema,2,0.4,0.6000000000000001,3,0.5394618777700172,0.3333333333333333
sam2_unet,9103,Papilledema,3,0.6000000000000001,0.8,3,0.7532682684401085,0.3333333333333333
sam2_unet,17,Pseudopapilledema,0,0.0,0.2,11,0.06547353598870576,0.09090909090909091
sam2_unet,17,Pseudopapilledema,1,0.2,0.4,1,0.3523328771361289,0.0
sam2_unet,17,Pseudopapilledema,2,0.4,0.6000000000000001,3,0.4909751577317493,0.6666666666666666
sam2_unet,17,Pseudopapilledema,3,0.6000000000000001,0.8,2,0.7187463688127977,0.5
sam2_unet,17,Pseudopapilledema,4,0.8,1.0,1,0.8200035497285747,0.0
sam2_unet,42,Pseudopapilledema,0,0.0,0.2,12,0.06855828866867386,0.16666666666666666
sam2_unet,42,Pseudopapilledema,2,0.4,0.6000000000000001,6,0.5443743860937768,0.3333333333333333
sam2_unet,2026,Pseudopapilledema,0,0.0,0.2,3,0.164073488708537,0.0
sam2_unet,2026,Pseudopapilledema,1,0.2,0.4,7,0.276048556874542,0.14285714285714285
sam2_unet,2026,Pseudopapilledema,2,0.4,0.6000000000000001,6,0.5316604967332376,0.5
sam2_unet,2026,Pseudopapilledema,3,0.6000000000000001,0.8,2,0.6388432567753735,0.0
sam2_unet,3407,Pseudopapilledema,0,0.0,0.2,11,0.06568457644964792,0.18181818181818182
sam2_unet,3407,Pseudopapilledema,2,0.4,0.6000000000000001,6,0.5628262313312424,0.3333333333333333
sam2_unet,3407,Pseudopapilledema,3,0.6000000000000001,0.8,1,0.6169363605302447,0.0
sam2_unet,9103,Pseudopapilledema,0,0.0,0.2,9,0.07051064719403695,0.0
sam2_unet,9103,Pseudopapilledema,1,0.2,0.4,4,0.23815305120260938,0.5
sam2_unet,9103,Pseudopapilledema,2,0.4,0.6000000000000001,4,0.4881757727195557,0.5
sam2_unet,9103,Pseudopapilledema,3,0.6000000000000001,0.8,1,0.6208394034763427,0.0
