seed,model_a,model_b,contrast,representation,metric,family_id,planned_family_size,n_total_frames,n_common_metric_frames,n_patients_with_common_metric,estimate,low,high,ci_method,bootstrap_se,valid_bootstrap_draws,p_value_randomization_two_sided,valid_randomization_draws,p_value_holm,reject_holm_0_05
17,yolo26,vit_method2,yolo26 - vit_method2,postprocessed,dice,segmentation_postprocessed_dice,30,252,252,18,-0.03162612600255002,-0.08946020183348342,0.004774144940872464,bca,0.02327409280253866,5000,0.23335332933413316,5000,1.0,False
17,yolo26,vit_method2,yolo26 - vit_method2,postprocessed,iou,segmentation_postprocessed_iou,30,252,252,18,-0.018956083534412638,-0.06950112562469628,0.02115396308415972,bca,0.02302919081433572,5000,0.44571085782843434,5000,1.0,False
17,yolo26,vit_method2,yolo26 - vit_method2,postprocessed,surface_dice,segmentation_postprocessed_surface_dice,30,252,252,18,0.017833507459939394,-0.02064365472531916,0.05016887124296632,bca,0.017532869207794104,5000,0.33193361327734455,5000,1.0,False
17,yolo26,vit_method2,yolo26 - vit_method2,postprocessed,hausdorff95,segmentation_postprocessed_hausdorff95,30,252,238,18,-0.5289358660379585,-4.892776428096979,2.2421837318735722,bca,1.7471320563378678,5000,0.7880423915216956,5000,1.0,False
17,yolo26,vit_method2,yolo26 - vit_method2,postprocessed,average_symmetric_surface_distance,segmentation_postprocessed_average_symmetric_surface_distance,30,252,238,18,-0.41176393326754895,-1.381107186060305,0.5161250286583102,bca,0.48663320998452597,5000,0.4359128174365127,5000,1.0,False
17,yolo26,vit_method2,yolo26 - vit_method2,postprocessed,centroid_distance,segmentation_postprocessed_centroid_distance,30,252,238,18,-0.8520894787146132,-3.4760585517012283,1.0342831206412704,bca,1.1374046920584115,5000,0.5032993401319736,5000,1.0,False
17,yolo26,vit_method2,yolo26 - vit_method2,raw,dice,segmentation_raw_dice,30,252,252,18,-0.03228830221541115,-0.08878609967332712,0.004898317948293177,bca,0.022871507862750752,5000,0.21435712857428516,5000,1.0,False
17,yolo26,vit_method2,yolo26 - vit_method2,raw,iou,segmentation_raw_iou,30,252,252,18,-0.019826235183332694,-0.07085185322437829,0.018035396191187297,bca,0.02217139018452066,5000,0.41571685662867425,5000,1.0,False
17,yolo26,vit_method2,yolo26 - vit_method2,raw,surface_dice,segmentation_raw_surface_dice,30,252,252,18,0.016983086331187038,-0.018309627505563367,0.04897420909005208,bca,0.016902792971625596,5000,0.36052789442111577,5000,1.0,False
17,yolo26,vit_method2,yolo26 - vit_method2,raw,hausdorff95,segmentation_raw_hausdorff95,30,252,238,18,-0.0806808027242666,-3.0246721788663753,2.512069528825532,bca,1.4074324622205814,5000,0.9554089182163568,5000,1.0,False
17,yolo26,vit_method2,yolo26 - vit_method2,raw,average_symmetric_surface_distance,segmentation_raw_average_symmetric_surface_distance,30,252,238,18,-0.3090778813211763,-1.068789150046959,0.5347770987570883,bca,0.40671768528533675,5000,0.471505698860228,5000,1.0,False
17,yolo26,vit_method2,yolo26 - vit_method2,raw,centroid_distance,segmentation_raw_centroid_distance,30,252,238,18,-0.6712095108827855,-2.8733837547421377,1.1635731538873901,bca,1.028526286252896,5000,0.5354929014197161,5000,1.0,False
17,yolo26,emcad,yolo26 - emcad,postprocessed,dice,segmentation_postprocessed_dice,30,252,252,18,-0.05030933850497721,-0.11916902046500805,-0.015548777769942962,bca,0.02368185270047195,5000,0.036392721455708855,5000,0.6186762647470505,False
17,yolo26,emcad,yolo26 - emcad,postprocessed,iou,segmentation_postprocessed_iou,30,252,252,18,-0.045158352243345676,-0.10508740714601825,-0.011328332463971226,bca,0.02251973024827353,5000,0.0635872825434913,5000,1.0,False
17,yolo26,emcad,yolo26 - emcad,postprocessed,surface_dice,segmentation_postprocessed_surface_dice,30,252,252,18,-0.00453446611365694,-0.028528367704431564,0.014422161158023496,bca,0.01095339272612287,5000,0.7184563087382524,5000,1.0,False
17,yolo26,emcad,yolo26 - emcad,postprocessed,hausdorff95,segmentation_postprocessed_hausdorff95,30,252,238,18,1.6357250674582942,-1.4744132532938317,5.36878120113527,bca,1.7364060091152371,5000,0.41151769646070785,5000,1.0,False
17,yolo26,emcad,yolo26 - emcad,postprocessed,average_symmetric_surface_distance,segmentation_postprocessed_average_symmetric_surface_distance,30,252,238,18,0.46154254375121273,-0.3556088916403971,1.6718296117868143,bca,0.4994327062008743,5000,0.4387122575484903,5000,1.0,False
17,yolo26,emcad,yolo26 - emcad,postprocessed,centroid_distance,segmentation_postprocessed_centroid_distance,30,252,238,18,1.3153495686211047,-0.31684243053085265,3.7222292533666437,bca,1.0016023778151484,5000,0.23415316936612676,5000,1.0,False
17,yolo26,emcad,yolo26 - emcad,raw,dice,segmentation_raw_dice,30,252,252,18,-0.04963196254579242,-0.1122290067877662,-0.015194867217886281,bca,0.022896114604765695,5000,0.03779244151169766,5000,0.5668866226754649,False
17,yolo26,emcad,yolo26 - emcad,raw,iou,segmentation_raw_iou,30,252,252,18,-0.04421320733905451,-0.10162728757698532,-0.010318145927691865,bca,0.021915990125076234,5000,0.0619876024795041,5000,0.9298140371925615,False
17,yolo26,emcad,yolo26 - emcad,raw,surface_dice,segmentation_raw_surface_dice,30,252,252,18,-0.004093135507273018,-0.026278734044426266,0.016094132452233338,bca,0.010842024498365225,5000,0.7252549490101979,5000,1.0,False
17,yolo26,emcad,yolo26 - emcad,raw,hausdorff95,segmentation_raw_hausdorff95,30,252,238,18,1.1509081258239655,-2.288491669204727,5.048831398640665,bca,1.8772183449941553,5000,0.5798840231953609,5000,1.0,False
17,yolo26,emcad,yolo26 - emcad,raw,average_symmetric_surface_distance,segmentation_raw_average_symmetric_surface_distance,30,252,238,18,0.27515602824011487,-0.5724252143992876,1.589378760339859,bca,0.5311506927155304,5000,0.6616676664667066,5000,1.0,False
17,yolo26,emcad,yolo26 - emcad,raw,centroid_distance,segmentation_raw_centroid_distance,30,252,238,18,1.2952610739866561,-0.32932369834532627,3.704522453709074,bca,0.9971582277579423,5000,0.2509498100379924,5000,1.0,False
17,yolo26,sam2_unet,yolo26 - sam2_unet,postprocessed,dice,segmentation_postprocessed_dice,30,252,252,18,-0.06198322454664673,-0.1289493837911318,-0.02749900460843334,bca,0.02363061429216198,5000,0.004399120175964807,5000,0.08358328334333134,False
17,yolo26,sam2_unet,yolo26 - sam2_unet,postprocessed,iou,segmentation_postprocessed_iou,30,252,252,18,-0.06439072610941832,-0.12598255327283145,-0.03146354443364759,bca,0.022337980715590268,5000,0.003599280143971206,5000,0.0683863227354529,False
17,yolo26,sam2_unet,yolo26 - sam2_unet,postprocessed,surface_dice,segmentation_postprocessed_surface_dice,30,252,252,18,-0.07532569263643257,-0.10421973955071016,-0.049968787643628755,bca,0.014113648417388597,5000,0.0011997600479904018,5000,0.02159568086382723,True
17,yolo26,sam2_unet,yolo26 - sam2_unet,postprocessed,hausdorff95,segmentation_postprocessed_hausdorff95,30,252,238,18,2.282834945245782,-0.09435134894684144,5.105159013276613,bca,1.3134509894150863,5000,0.10257948410317937,5000,1.0,False
17,yolo26,sam2_unet,yolo26 - sam2_unet,postprocessed,average_symmetric_surface_distance,segmentation_postprocessed_average_symmetric_surface_distance,30,252,238,18,1.222108945991633,0.4501340907174702,2.6003153684823643,bca,0.5091899632421555,5000,0.017996400719856028,5000,0.3059388122375525,False
17,yolo26,sam2_unet,yolo26 - sam2_unet,postprocessed,centroid_distance,segmentation_postprocessed_centroid_distance,30,252,238,18,1.21949547575767,-0.20503233165651538,2.7353608554748825,bca,0.7482346327014454,5000,0.14597080583883223,5000,1.0,False
17,yolo26,sam2_unet,yolo26 - sam2_unet,raw,dice,segmentation_raw_dice,30,252,252,18,-0.06185491713258398,-0.13027977095104806,-0.026646627399445854,bca,0.024170647980219857,5000,0.0027994401119776045,5000,0.05318936212757448,False
17,yolo26,sam2_unet,yolo26 - sam2_unet,raw,iou,segmentation_raw_iou,30,252,252,18,-0.06421973868972385,-0.12316038920187507,-0.030737524163005008,bca,0.02217172663930776,5000,0.0033993201359728054,5000,0.057788442311537694,False
17,yolo26,sam2_unet,yolo26 - sam2_unet,raw,surface_dice,segmentation_raw_surface_dice,30,252,252,18,-0.07535158429453986,-0.1064640961577512,-0.050239881270339036,bca,0.01403037575071396,5000,0.0001999600079984003,5000,0.005998800239952009,True
17,yolo26,sam2_unet,yolo26 - sam2_unet,raw,hausdorff95,segmentation_raw_hausdorff95,30,252,238,18,2.2201874503693992,-0.15525543520118182,4.939524043514605,bca,1.3061910709043796,5000,0.122375524895021,5000,1.0,False
17,yolo26,sam2_unet,yolo26 - sam2_unet,raw,average_symmetric_surface_distance,segmentation_raw_average_symmetric_surface_distance,30,252,238,18,1.2056675793748421,0.440412219827856,2.6011806075350727,bca,0.5201453193741165,5000,0.021195760847830435,5000,0.44511097780443915,False
17,yolo26,sam2_unet,yolo26 - sam2_unet,raw,centroid_distance,segmentation_raw_centroid_distance,30,252,238,18,1.2021507077867455,-0.16785086316325543,2.784316326505072,bca,0.7494430448945516,5000,0.14797040591881624,5000,1.0,False
17,vit_method2,emcad,vit_method2 - emcad,postprocessed,dice,segmentation_postprocessed_dice,30,252,252,18,-0.018683212502427188,-0.039533358594409054,-0.000646465981313182,bca,0.010069417209049086,5000,0.08958208358328335,5000,1.0,False
17,vit_method2,emcad,vit_method2 - emcad,postprocessed,iou,segmentation_postprocessed_iou,30,252,252,18,-0.026202268708933045,-0.05661600459171894,0.0007979634587989175,bca,0.014551690601320154,5000,0.10777844431113777,5000,1.0,False
17,vit_method2,emcad,vit_method2 - emcad,postprocessed,surface_dice,segmentation_postprocessed_surface_dice,30,252,252,18,-0.02236797357359633,-0.05104070023408119,0.015272988952679444,bca,0.016476398977063877,5000,0.23175364927014597,5000,1.0,False
17,vit_method2,emcad,vit_method2 - emcad,postprocessed,hausdorff95,segmentation_postprocessed_hausdorff95,30,252,252,18,2.5036664455965,-1.234883637325617,6.580707332289635,bca,1.977250039871451,5000,0.2445510897820436,5000,1.0,False
17,vit_method2,emcad,vit_method2 - emcad,postprocessed,average_symmetric_surface_distance,segmentation_postprocessed_average_symmetric_surface_distance,30,252,252,18,0.8888709467900426,-0.10423018501358285,1.9219970888436906,bca,0.5184422581469615,5000,0.1209758048390322,5000,1.0,False
17,vit_method2,emcad,vit_method2 - emcad,postprocessed,centroid_distance,segmentation_postprocessed_centroid_distance,30,252,252,18,2.2268190745023304,0.1810489949512217,4.800483432168738,bca,1.161333907998483,5000,0.08398320335932813,5000,1.0,False
17,vit_method2,emcad,vit_method2 - emcad,raw,dice,segmentation_raw_dice,30,252,252,18,-0.017343660330381278,-0.03632428842632636,0.0003554071919309994,bca,0.009486856801003378,5000,0.10197960407918416,5000,1.0,False
17,vit_method2,emcad,vit_method2 - emcad,raw,iou,segmentation_raw_iou,30,252,252,18,-0.02438697215572182,-0.051995076632353525,0.00202355724173228,bca,0.013762239206189011,5000,0.11597680463907219,5000,1.0,False
17,vit_method2,emcad,vit_method2 - emcad,raw,surface_dice,segmentation_raw_surface_dice,30,252,252,18,-0.021076221838460054,-0.04909618500771568,0.015281444775395088,bca,0.01623270502078543,5000,0.2531493701259748,5000,1.0,False
17,vit_method2,emcad,vit_method2 - emcad,raw,hausdorff95,segmentation_raw_hausdorff95,30,252,252,18,1.4650773813391962,-2.799994402958176,4.8412101692566525,bca,1.9010730710254984,5000,0.5006998600279944,5000,1.0,False
17,vit_method2,emcad,vit_method2 - emcad,raw,average_symmetric_surface_distance,segmentation_raw_average_symmetric_surface_distance,30,252,252,18,0.6298747713408748,-0.41307051241795484,1.584027995172027,bca,0.5128363461580061,5000,0.29374125174965005,5000,1.0,False
17,vit_method2,emcad,vit_method2 - emcad,raw,centroid_distance,segmentation_raw_centroid_distance,30,252,252,18,2.013037142554472,0.10478789241001993,4.25230737808841,bca,1.0439762536463668,5000,0.08978204359128174,5000,1.0,False
17,vit_method2,sam2_unet,vit_method2 - sam2_unet,postprocessed,dice,segmentation_postprocessed_dice,30,252,252,18,-0.0303570985440967,-0.05234933587831914,-0.01653877591355158,bca,0.00879591726355357,5000,0.0013997200559888023,5000,0.033593281343731254,True
17,vit_method2,sam2_unet,vit_method2 - sam2_unet,postprocessed,iou,segmentation_postprocessed_iou,30,252,252,18,-0.045434642575005686,-0.07628327359222786,-0.026012494351639513,bca,0.012078992956988445,5000,0.0005998800239952009,5000,0.016196760647870425,True
17,vit_method2,sam2_unet,vit_method2 - sam2_unet,postprocessed,surface_dice,segmentation_postprocessed_surface_dice,30,252,252,18,-0.09315920009637196,-0.11595630515153815,-0.07230166192144877,bca,0.011178256890883831,5000,0.0001999600079984003,5000,0.005998800239952009,True
17,vit_method2,sam2_unet,vit_method2 - sam2_unet,postprocessed,hausdorff95,segmentation_postprocessed_hausdorff95,30,252,252,18,2.788997349648602,-0.03836721903351706,6.3752387237345935,bca,1.6160927100674503,5000,0.12577484503099381,5000,1.0,False
17,vit_method2,sam2_unet,vit_method2 - sam2_unet,postprocessed,average_symmetric_surface_distance,segmentation_postprocessed_average_symmetric_surface_distance,30,252,252,18,1.6125341498935242,0.8987130062396765,2.679468268115137,bca,0.4399637833273461,5000,0.0005998800239952009,5000,0.014997000599880022,True
17,vit_method2,sam2_unet,vit_method2 - sam2_unet,postprocessed,centroid_distance,segmentation_postprocessed_centroid_distance,30,252,252,18,2.033056943200566,0.5398170438223191,4.550479848598659,bca,0.9836549181207445,5000,0.04399120175964807,5000,1.0,False
17,vit_method2,sam2_unet,vit_method2 - sam2_unet,raw,dice,segmentation_raw_dice,30,252,252,18,-0.02956661491717283,-0.04847645288820067,-0.016432563780421485,bca,0.00792765996973778,5000,0.0009998000399920016,5000,0.02399520095980804,True
17,vit_method2,sam2_unet,vit_method2 - sam2_unet,raw,iou,segmentation_raw_iou,30,252,252,18,-0.04439350350639116,-0.07138868928769158,-0.025237924022194325,bca,0.011624544616220416,5000,0.0009998000399920016,5000,0.022995400919816035,True
17,vit_method2,sam2_unet,vit_method2 - sam2_unet,raw,surface_dice,segmentation_raw_surface_dice,30,252,252,18,-0.0923346706257269,-0.11535894305394853,-0.07131257254892871,bca,0.011296352036833485,5000,0.0001999600079984003,5000,0.005998800239952009,True
17,vit_method2,sam2_unet,vit_method2 - sam2_unet,raw,hausdorff95,segmentation_raw_hausdorff95,30,252,252,18,2.4448844102630183,-0.3987027492172376,5.091645204998154,bca,1.4048877366068986,5000,0.11037792441511697,5000,1.0,False
17,vit_method2,sam2_unet,vit_method2 - sam2_unet,raw,average_symmetric_surface_distance,segmentation_raw_average_symmetric_surface_distance,30,252,252,18,1.5750862181236447,0.9082707895496153,2.6046645148337104,bca,0.4191031842883273,5000,0.0005998800239952009,5000,0.016196760647870425,True
17,vit_method2,sam2_unet,vit_method2 - sam2_unet,raw,centroid_distance,segmentation_raw_centroid_distance,30,252,252,18,1.857760261406146,0.4092783254115267,3.905206085672971,bca,0.8663974897886553,5000,0.04019196160767846,5000,0.9646070785842831,False
17,emcad,sam2_unet,emcad - sam2_unet,postprocessed,dice,segmentation_postprocessed_dice,30,252,252,18,-0.011673886041669513,-0.02278595018588765,0.0006217526337579303,bca,0.006023086738889422,5000,0.1315736852629474,5000,1.0,False
17,emcad,sam2_unet,emcad - sam2_unet,postprocessed,iou,segmentation_postprocessed_iou,30,252,252,18,-0.019232373866072627,-0.03591144829223836,-0.000390272592456508,bca,0.009011607404445945,5000,0.10237952409518096,5000,1.0,False
17,emcad,sam2_unet,emcad - sam2_unet,postprocessed,surface_dice,segmentation_postprocessed_surface_dice,30,252,252,18,-0.07079122652277564,-0.098593268996526,-0.04712059033315652,bca,0.013050157688831674,5000,0.0001999600079984003,5000,0.005998800239952009,True
17,emcad,sam2_unet,emcad - sam2_unet,postprocessed,hausdorff95,segmentation_postprocessed_hausdorff95,30,252,252,18,0.2853309040521015,-2.6401215010689607,2.90340084099765,bca,1.427485326230814,5000,0.871625674865027,5000,1.0,False
17,emcad,sam2_unet,emcad - sam2_unet,postprocessed,average_symmetric_surface_distance,segmentation_postprocessed_average_symmetric_surface_distance,30,252,252,18,0.7236632031034816,0.03716615356465594,1.3514778725938312,bca,0.3366019657989188,5000,0.11037792441511697,5000,1.0,False
17,emcad,sam2_unet,emcad - sam2_unet,postprocessed,centroid_distance,segmentation_postprocessed_centroid_distance,30,252,252,18,-0.19376213130176484,-1.7443421485372466,1.05415807119866,bca,0.7013726628426965,5000,0.8022395520895821,5000,1.0,False
17,emcad,sam2_unet,emcad - sam2_unet,raw,dice,segmentation_raw_dice,30,252,252,18,-0.012222954586791556,-0.023562594015940613,0.00028622077881112926,bca,0.006127974691549727,5000,0.1221755648870226,5000,1.0,False
17,emcad,sam2_unet,emcad - sam2_unet,raw,iou,segmentation_raw_iou,30,252,252,18,-0.020006531350669335,-0.03746156258654895,-0.0022740507080986163,bca,0.008933068987078139,5000,0.08918216356728655,5000,1.0,False
17,emcad,sam2_unet,emcad - sam2_unet,raw,surface_dice,segmentation_raw_surface_dice,30,252,252,18,-0.07125844878726684,-0.09909307394596982,-0.04758444992581504,bca,0.013250558125765782,5000,0.0007998400319936012,5000,0.015196960607878424,True
17,emcad,sam2_unet,emcad - sam2_unet,raw,hausdorff95,segmentation_raw_hausdorff95,30,252,252,18,0.9798070289238221,-1.9489266415829811,4.218211699568209,bca,1.5661725045115371,5000,0.6214757048590281,5000,1.0,False
17,emcad,sam2_unet,emcad - sam2_unet,raw,average_symmetric_surface_distance,segmentation_raw_average_symmetric_surface_distance,30,252,252,18,0.9452114467827699,0.20433665926996447,1.842066896089805,bca,0.4158503398720003,5000,0.06858628274345131,5000,1.0,False
17,emcad,sam2_unet,emcad - sam2_unet,raw,centroid_distance,segmentation_raw_centroid_distance,30,252,252,18,-0.15527688114832625,-1.6498024848595665,1.0562817155909061,bca,0.6877578383876158,5000,0.852629474105179,5000,1.0,False
42,yolo26,vit_method2,yolo26 - vit_method2,postprocessed,dice,segmentation_postprocessed_dice,30,252,252,18,0.0244510146330406,-0.012195333119815424,0.06077274184812745,bca,0.018696701113331517,5000,0.22975404919016196,5000,1.0,False
42,yolo26,vit_method2,yolo26 - vit_method2,postprocessed,iou,segmentation_postprocessed_iou,30,252,252,18,0.03929669959272172,0.002149326714732077,0.07631412439002357,bca,0.018922924151905884,5000,0.0637872425514897,5000,1.0,False
42,yolo26,vit_method2,yolo26 - vit_method2,postprocessed,surface_dice,segmentation_postprocessed_surface_dice,30,252,252,18,0.05797855056208139,0.02256322053476017,0.09019303463565645,bca,0.017137994007281186,5000,0.008598280343931213,5000,0.1375724855028994,False
42,yolo26,vit_method2,yolo26 - vit_method2,postprocessed,hausdorff95,segmentation_postprocessed_hausdorff95,30,252,241,18,-5.974102108438032,-12.33299599464474,-1.4121757269995412,bca,2.714060505782187,5000,0.04339132173565287,5000,0.998000399920016,False
42,yolo26,vit_method2,yolo26 - vit_method2,postprocessed,average_symmetric_surface_distance,segmentation_postprocessed_average_symmetric_surface_distance,30,252,241,18,-2.5787758976234523,-4.061705521194015,-1.1675307378496262,bca,0.735472416706463,5000,0.0033993201359728054,5000,0.06798640271945611,False
42,yolo26,vit_method2,yolo26 - vit_method2,postprocessed,centroid_distance,segmentation_postprocessed_centroid_distance,30,252,241,18,-1.759778260296078,-4.140230317403212,0.4746545624288378,bca,1.1643173017542667,5000,0.19356128774245152,5000,1.0,False
42,yolo26,vit_method2,yolo26 - vit_method2,raw,dice,segmentation_raw_dice,30,252,252,18,0.03968379382507596,0.012677717686728826,0.06521869814066035,bca,0.013236031103455656,5000,0.01219756048790242,5000,0.20735852829434112,False
42,yolo26,vit_method2,yolo26 - vit_method2,raw,iou,segmentation_raw_iou,30,252,252,18,0.06289969384282985,0.02918257905186586,0.09430192894080265,bca,0.016410134446096087,5000,0.002999400119976005,5000,0.05398920215956809,False
42,yolo26,vit_method2,yolo26 - vit_method2,raw,surface_dice,segmentation_raw_surface_dice,30,252,252,18,0.06452158375641842,0.030136730833678016,0.09766517961564894,bca,0.017530423095390303,5000,0.0033993201359728054,5000,0.05098980203959208,False
42,yolo26,vit_method2,yolo26 - vit_method2,raw,hausdorff95,segmentation_raw_hausdorff95,30,252,246,18,-28.329417952531315,-39.38048285909532,-18.80709706699564,bca,5.258000733137314,5000,0.0005998800239952009,5000,0.016796640671865627,True
42,yolo26,vit_method2,yolo26 - vit_method2,raw,average_symmetric_surface_distance,segmentation_raw_average_symmetric_surface_distance,30,252,246,18,-7.971460432622769,-10.143823327345588,-5.614518963086132,bca,1.1523393796243597,5000,0.0001999600079984003,5000,0.005998800239952009,True
42,yolo26,vit_method2,yolo26 - vit_method2,raw,centroid_distance,segmentation_raw_centroid_distance,30,252,246,18,-7.30265758125684,-10.943603069860586,-3.8443772956918427,bca,1.8069155341697276,5000,0.006798640271945611,5000,0.1903619276144771,False
42,yolo26,emcad,yolo26 - emcad,postprocessed,dice,segmentation_postprocessed_dice,30,252,252,18,-0.03951224602295177,-0.07533531527577894,-0.014356902639708216,bca,0.01536297701044191,5000,0.0629874025194961,5000,1.0,False
42,yolo26,emcad,yolo26 - emcad,postprocessed,iou,segmentation_postprocessed_iou,30,252,252,18,-0.039261380737982084,-0.07582791838954803,-0.011342174456279995,bca,0.016131261106192032,5000,0.07978404319136173,5000,1.0,False
42,yolo26,emcad,yolo26 - emcad,postprocessed,surface_dice,segmentation_postprocessed_surface_dice,30,252,252,18,0.019366569069865964,-0.007780417432545941,0.040140747573965976,bca,0.012378763170617351,5000,0.2439512097580484,5000,1.0,False
42,yolo26,emcad,yolo26 - emcad,postprocessed,hausdorff95,segmentation_postprocessed_hausdorff95,30,252,245,18,3.4576699416565115,0.3778307148935651,8.062068270035844,bca,1.9040218281585448,5000,0.1227754449110178,5000,1.0,False
42,yolo26,emcad,yolo26 - emcad,postprocessed,average_symmetric_surface_distance,segmentation_postprocessed_average_symmetric_surface_distance,30,252,245,18,1.0092883157670718,0.07310072358017938,2.550242654772241,bca,0.6015138294781928,5000,0.1863627274545091,5000,1.0,False
42,yolo26,emcad,yolo26 - emcad,postprocessed,centroid_distance,segmentation_postprocessed_centroid_distance,30,252,245,18,1.8114484711607477,-0.05104628231944618,4.298304066435081,bca,1.0872820782473023,5000,0.14177164567086584,5000,1.0,False
42,yolo26,emcad,yolo26 - emcad,raw,dice,segmentation_raw_dice,30,252,252,18,-0.038234230912987555,-0.07319135026399533,-0.012633409549731212,bca,0.015191070031235014,5000,0.0639872025594881,5000,0.8510297940411917,False
42,yolo26,emcad,yolo26 - emcad,raw,iou,segmentation_raw_iou,30,252,252,18,-0.03849922506350038,-0.07570672149794688,-0.01096965598843989,bca,0.01603852621254993,5000,0.09038192361527694,5000,1.0,False
42,yolo26,emcad,yolo26 - emcad,raw,surface_dice,segmentation_raw_surface_dice,30,252,252,18,0.019367719048892437,-0.007992071740309654,0.03995156478917318,bca,0.012096333650187864,5000,0.2579484103179364,5000,1.0,False
42,yolo26,emcad,yolo26 - emcad,raw,hausdorff95,segmentation_raw_hausdorff95,30,252,246,18,3.601960475873635,0.5333843157305086,8.333199864132109,bca,1.9124663151863162,5000,0.1265746850629874,5000,1.0,False
42,yolo26,emcad,yolo26 - emcad,raw,average_symmetric_surface_distance,segmentation_raw_average_symmetric_surface_distance,30,252,246,18,1.0750268320360439,0.12036344931099213,2.447773412241463,bca,0.5903276374721791,5000,0.16016796640671865,5000,1.0,False
42,yolo26,emcad,yolo26 - emcad,raw,centroid_distance,segmentation_raw_centroid_distance,30,252,246,18,1.8642299193746024,0.035416887722964294,4.475901313621867,bca,1.0885611972336462,5000,0.1297740451909618,5000,1.0,False
42,yolo26,sam2_unet,yolo26 - sam2_unet,postprocessed,dice,segmentation_postprocessed_dice,30,252,252,18,-0.049501895303158606,-0.08473526748759089,-0.025191431649280175,bca,0.014896535226826263,5000,0.0009998000399920016,5000,0.025994801039792043,True
42,yolo26,sam2_unet,yolo26 - sam2_unet,postprocessed,iou,segmentation_postprocessed_iou,30,252,252,18,-0.057121918041391787,-0.0930485743253756,-0.032962479926899005,bca,0.01503118165118551,5000,0.0013997200559888023,5000,0.033593281343731254,True
42,yolo26,sam2_unet,yolo26 - sam2_unet,postprocessed,surface_dice,segmentation_postprocessed_surface_dice,30,252,252,18,-0.09132800739491818,-0.11487418123755666,-0.0665487086708422,bca,0.012186885812362954,5000,0.0001999600079984003,5000,0.005998800239952009,True
42,yolo26,sam2_unet,yolo26 - sam2_unet,postprocessed,hausdorff95,segmentation_postprocessed_hausdorff95,30,252,245,18,2.98701026992023,0.4827757305029508,6.258482882138541,bca,1.461706899357982,5000,0.057788442311537694,5000,1.0,False
42,yolo26,sam2_unet,yolo26 - sam2_unet,postprocessed,average_symmetric_surface_distance,segmentation_postprocessed_average_symmetric_surface_distance,30,252,245,18,2.037141562207052,1.2431243943186778,3.2043472369422896,bca,0.4907009235153962,5000,0.0001999600079984003,5000,0.005998800239952009,True
42,yolo26,sam2_unet,yolo26 - sam2_unet,postprocessed,centroid_distance,segmentation_postprocessed_centroid_distance,30,252,245,18,1.2154994729490485,-0.07301689435552913,3.0337467001100893,bca,0.7692517116296201,5000,0.15256948610277946,5000,1.0,False
42,yolo26,sam2_unet,yolo26 - sam2_unet,raw,dice,segmentation_raw_dice,30,252,252,18,-0.04797597510213376,-0.08701402949866237,-0.02455379136613326,bca,0.0151479321413909,5000,0.001999600079984003,5000,0.041991601679664065,True
42,yolo26,sam2_unet,yolo26 - sam2_unet,raw,iou,segmentation_raw_iou,30,252,252,18,-0.055890116908516814,-0.09214963611999892,-0.030139593290775778,bca,0.015389151862510391,5000,0.0013997200559888023,5000,0.03079384123175365,True
42,yolo26,sam2_unet,yolo26 - sam2_unet,raw,surface_dice,segmentation_raw_surface_dice,30,252,252,18,-0.09093018272395008,-0.11445863455840319,-0.06734294035819374,bca,0.011970204182002425,5000,0.0001999600079984003,5000,0.005998800239952009,True
42,yolo26,sam2_unet,yolo26 - sam2_unet,raw,hausdorff95,segmentation_raw_hausdorff95,30,252,246,18,3.001159595196774,0.5500688786608459,6.123998959229959,bca,1.4182025725888974,5000,0.05558888222355529,5000,1.0,False
42,yolo26,sam2_unet,yolo26 - sam2_unet,raw,average_symmetric_surface_distance,segmentation_raw_average_symmetric_surface_distance,30,252,246,18,2.118002579871441,1.2921812742536027,3.227444781403912,bca,0.48383584799252916,5000,0.0005998800239952009,5000,0.016196760647870425,True
42,yolo26,sam2_unet,yolo26 - sam2_unet,raw,centroid_distance,segmentation_raw_centroid_distance,30,252,246,18,1.245860053004018,-0.035901055049759635,3.043429570761555,bca,0.7682979395371238,5000,0.1347730453909218,5000,1.0,False
42,vit_method2,emcad,vit_method2 - emcad,postprocessed,dice,segmentation_postprocessed_dice,30,252,252,18,-0.06396326065599238,-0.10551565883100059,-0.03818620867602547,bca,0.016394110579928206,5000,0.0003999200159968006,5000,0.011997600479904018,True
42,vit_method2,emcad,vit_method2 - emcad,postprocessed,iou,segmentation_postprocessed_iou,30,252,252,18,-0.0785580803307038,-0.11871479210753964,-0.04743862134472527,bca,0.01786769357385225,5000,0.0005998800239952009,5000,0.016196760647870425,True
42,vit_method2,emcad,vit_method2 - emcad,postprocessed,surface_dice,segmentation_postprocessed_surface_dice,30,252,252,18,-0.038611981492215425,-0.06243222510853459,-0.014108100699598178,bca,0.012383230993020907,5000,0.011797640471905619,5000,0.17696460707858427,False
42,vit_method2,emcad,vit_method2 - emcad,postprocessed,hausdorff95,segmentation_postprocessed_hausdorff95,30,252,248,18,9.013330728966288,5.001641876681403,14.824145629584288,bca,2.4681980138638266,5000,0.0011997600479904018,5000,0.033593281343731254,True
42,vit_method2,emcad,vit_method2 - emcad,postprocessed,average_symmetric_surface_distance,segmentation_postprocessed_average_symmetric_surface_distance,30,252,248,18,3.446966773638664,2.2125700898750122,5.140674165557503,bca,0.7417800283645347,5000,0.0003999200159968006,5000,0.010397920415916816,True
42,vit_method2,emcad,vit_method2 - emcad,postprocessed,centroid_distance,segmentation_postprocessed_centroid_distance,30,252,248,18,3.187391576791905,0.9544306424757129,5.731849391630462,bca,1.2238448035654987,5000,0.028194361127774445,5000,0.7048590281943611,False
42,vit_method2,emcad,vit_method2 - emcad,raw,dice,segmentation_raw_dice,30,252,252,18,-0.0779180247380635,-0.1005761676385327,-0.055509658903682736,bca,0.011499623051068808,5000,0.0001999600079984003,5000,0.005998800239952009,True
42,vit_method2,emcad,vit_method2 - emcad,raw,iou,segmentation_raw_iou,30,252,252,18,-0.10139891890633024,-0.1288419649976683,-0.07319049539237717,bca,0.014124216333456193,5000,0.0001999600079984003,5000,0.005998800239952009,True
42,vit_method2,emcad,vit_method2 - emcad,raw,surface_dice,segmentation_raw_surface_dice,30,252,252,18,-0.045153864707526,-0.06888861253875109,-0.0236972342021205,bca,0.011506719498464725,5000,0.0015996800639872025,5000,0.027194561087782444,True
42,vit_method2,emcad,vit_method2 - emcad,raw,hausdorff95,segmentation_raw_hausdorff95,30,252,252,18,31.46165788918049,22.236568947864146,41.702043320629706,bca,5.009910267950532,5000,0.0003999200159968006,5000,0.011597680463907217,True
42,vit_method2,emcad,vit_method2 - emcad,raw,average_symmetric_surface_distance,segmentation_raw_average_symmetric_surface_distance,30,252,252,18,8.818015644450519,6.419843640295593,11.104218675100554,bca,1.2126899646891842,5000,0.0003999200159968006,5000,0.011197760447910418,True
42,vit_method2,emcad,vit_method2 - emcad,raw,centroid_distance,segmentation_raw_centroid_distance,30,252,252,18,8.772678796466229,5.506798066433133,11.710057560650874,bca,1.570317694723701,5000,0.0007998400319936012,5000,0.023195360927814435,True
42,vit_method2,sam2_unet,vit_method2 - sam2_unet,postprocessed,dice,segmentation_postprocessed_dice,30,252,252,18,-0.07395290993619923,-0.10874339951708938,-0.042613849838290245,bca,0.01713914663969592,5000,0.0009998000399920016,5000,0.025994801039792043,True
42,vit_method2,sam2_unet,vit_method2 - sam2_unet,postprocessed,iou,segmentation_postprocessed_iou,30,252,252,18,-0.0964186176341135,-0.13139566098203762,-0.05691047554912041,bca,0.019175963018862163,5000,0.0003999200159968006,5000,0.011597680463907217,True
42,vit_method2,sam2_unet,vit_method2 - sam2_unet,postprocessed,surface_dice,segmentation_postprocessed_surface_dice,30,252,252,18,-0.14930655795699954,-0.17473042432836847,-0.11654815317698423,bca,0.014584158989072149,5000,0.0001999600079984003,5000,0.005998800239952009,True
42,vit_method2,sam2_unet,vit_method2 - sam2_unet,postprocessed,hausdorff95,segmentation_postprocessed_hausdorff95,30,252,248,18,8.641944428544395,3.5091540341614027,14.923039963638619,bca,2.92152766014299,5000,0.004399120175964807,5000,0.10557888422315537,False
42,vit_method2,sam2_unet,vit_method2 - sam2_unet,postprocessed,average_symmetric_surface_distance,segmentation_postprocessed_average_symmetric_surface_distance,30,252,248,18,4.478450836064907,2.9577921276609556,6.112762971738904,bca,0.8049158226477706,5000,0.0001999600079984003,5000,0.005998800239952009,True
42,vit_method2,sam2_unet,vit_method2 - sam2_unet,postprocessed,centroid_distance,segmentation_postprocessed_centroid_distance,30,252,248,18,2.7302366068683876,0.7003637093959753,4.903202148313604,bca,1.0828183703026595,5000,0.023795240951809637,5000,0.6186762647470505,False
42,vit_method2,sam2_unet,vit_method2 - sam2_unet,raw,dice,segmentation_raw_dice,30,252,252,18,-0.08765976892720971,-0.11058010454783494,-0.06098766778745957,bca,0.01284291667917201,5000,0.0001999600079984003,5000,0.005998800239952009,True
42,vit_method2,sam2_unet,vit_method2 - sam2_unet,raw,iou,segmentation_raw_iou,30,252,252,18,-0.11878981075134666,-0.14655770053265096,-0.08336106764179782,bca,0.016425718300356523,5000,0.0003999200159968006,5000,0.010797840431913617,True
42,vit_method2,sam2_unet,vit_method2 - sam2_unet,raw,surface_dice,segmentation_raw_surface_dice,30,252,252,18,-0.1554517664803685,-0.18096157329105753,-0.12250322463255879,bca,0.014659663956691002,5000,0.0001999600079984003,5000,0.005998800239952009,True
42,vit_method2,sam2_unet,vit_method2 - sam2_unet,raw,hausdorff95,segmentation_raw_hausdorff95,30,252,252,18,30.93965616475272,20.764479197593637,41.129650851772944,bca,5.197156763112197,5000,0.0001999600079984003,5000,0.005998800239952009,True
42,vit_method2,sam2_unet,vit_method2 - sam2_unet,raw,average_symmetric_surface_distance,segmentation_raw_average_symmetric_surface_distance,30,252,252,18,9.861801950010083,7.2204890125606,12.017788269415687,bca,1.2413749047829967,5000,0.0001999600079984003,5000,0.005998800239952009,True
42,vit_method2,sam2_unet,vit_method2 - sam2_unet,raw,centroid_distance,segmentation_raw_centroid_distance,30,252,252,18,8.224559224750855,5.127403649019664,10.922876505897468,bca,1.4947742310626755,5000,0.0003999200159968006,5000,0.011997600479904018,True
42,emcad,sam2_unet,emcad - sam2_unet,postprocessed,dice,segmentation_postprocessed_dice,30,252,252,18,-0.009989649280206842,-0.023498115884651723,0.003011900122327959,bca,0.006864454872364473,5000,0.21995600879824034,5000,1.0,False
42,emcad,sam2_unet,emcad - sam2_unet,postprocessed,iou,segmentation_postprocessed_iou,30,252,252,18,-0.01786053730340971,-0.03679002653912494,0.000745567262669624,bca,0.009730452314615813,5000,0.14417116576684663,5000,1.0,False
42,emcad,sam2_unet,emcad - sam2_unet,postprocessed,surface_dice,segmentation_postprocessed_surface_dice,30,252,252,18,-0.11069457646478414,-0.14632283332858095,-0.08602740007665324,bca,0.014902865660300947,5000,0.0001999600079984003,5000,0.005998800239952009,True
42,emcad,sam2_unet,emcad - sam2_unet,postprocessed,hausdorff95,segmentation_postprocessed_hausdorff95,30,252,252,18,-0.4589845909509397,-2.686399180014146,1.83381754055274,bca,1.1655979607668308,5000,0.7386522695460908,5000,1.0,False
42,emcad,sam2_unet,emcad - sam2_unet,postprocessed,average_symmetric_surface_distance,segmentation_postprocessed_average_symmetric_surface_distance,30,252,252,18,1.00682996493803,0.32715511802546615,1.686188954711898,bca,0.3435146911941214,5000,0.027594481103779243,5000,0.4415116976604679,False
42,emcad,sam2_unet,emcad - sam2_unet,postprocessed,centroid_distance,segmentation_postprocessed_centroid_distance,30,252,252,18,-0.5325396536917979,-1.7281548762193157,0.575642949254382,bca,0.5897516671930438,5000,0.4289142171565687,5000,1.0,False
42,emcad,sam2_unet,emcad - sam2_unet,raw,dice,segmentation_raw_dice,30,252,252,18,-0.0097417441891462,-0.023482378325300198,0.0032278171669635155,bca,0.006839971904948232,5000,0.21735652869426114,5000,1.0,False
42,emcad,sam2_unet,emcad - sam2_unet,raw,iou,segmentation_raw_iou,30,252,252,18,-0.017390891845016423,-0.036822893784759614,0.0007083839029773804,bca,0.009622499440912523,5000,0.14437112577484504,5000,1.0,False
42,emcad,sam2_unet,emcad - sam2_unet,raw,surface_dice,segmentation_raw_surface_dice,30,252,252,18,-0.11029790177284252,-0.14615083365127912,-0.08539571412973455,bca,0.014934358619536979,5000,0.0001999600079984003,5000,0.005998800239952009,True
42,emcad,sam2_unet,emcad - sam2_unet,raw,hausdorff95,segmentation_raw_hausdorff95,30,252,252,18,-0.52200172442777,-2.66297227699911,1.6471263328501433,bca,1.099672671841182,5000,0.7050589882023596,5000,1.0,False
42,emcad,sam2_unet,emcad - sam2_unet,raw,average_symmetric_surface_distance,segmentation_raw_average_symmetric_surface_distance,30,252,252,18,1.0437863055595629,0.40427278429794933,1.7181824530887848,bca,0.33479511120457117,5000,0.01899620075984803,5000,0.41791641671665664,False
42,emcad,sam2_unet,emcad - sam2_unet,raw,centroid_distance,segmentation_raw_centroid_distance,30,252,252,18,-0.5481195717153707,-1.7834870644433793,0.5407605795864822,bca,0.5939548385898823,5000,0.41611677664467106,5000,1.0,False
2026,yolo26,vit_method2,yolo26 - vit_method2,postprocessed,dice,segmentation_postprocessed_dice,30,252,252,18,-0.10363572426493305,-0.23436681977975898,-0.022431728951958028,bca,0.05159172527541647,5000,0.07698460307938412,5000,1.0,False
2026,yolo26,vit_method2,yolo26 - vit_method2,postprocessed,iou,segmentation_postprocessed_iou,30,252,252,18,-0.06651698848823123,-0.17983074969219784,0.012073421341776362,bca,0.04732549094030464,5000,0.19016196760647872,5000,1.0,False
2026,yolo26,vit_method2,yolo26 - vit_method2,postprocessed,surface_dice,segmentation_postprocessed_surface_dice,30,252,252,18,0.027252269422219148,-0.006073069991368789,0.07041163439440226,bca,0.01952386518515829,5000,0.22955408918216358,5000,1.0,False
2026,yolo26,vit_method2,yolo26 - vit_method2,postprocessed,hausdorff95,segmentation_postprocessed_hausdorff95,30,252,199,18,-6.99203738541424,-16.400990258774733,-1.4402108555472108,bca,3.5503350588158047,5000,0.0661867626474705,5000,1.0,False
2026,yolo26,vit_method2,yolo26 - vit_method2,postprocessed,average_symmetric_surface_distance,segmentation_postprocessed_average_symmetric_surface_distance,30,252,199,18,-2.5567086008048587,-4.90038086818262,-0.5291995862248794,bca,1.111778466577646,5000,0.04279144171165767,5000,0.5990801839632074,False
2026,yolo26,vit_method2,yolo26 - vit_method2,postprocessed,centroid_distance,segmentation_postprocessed_centroid_distance,30,252,199,18,-2.869974044689056,-8.1853324365547,0.41572476021084476,bca,2.079409082737522,5000,0.22675464907018597,5000,1.0,False
2026,yolo26,vit_method2,yolo26 - vit_method2,raw,dice,segmentation_raw_dice,30,252,252,18,-0.10057838545589742,-0.22851964715012898,-0.029455309832224538,bca,0.04849949274303133,5000,0.060787842431513694,5000,0.8510297940411917,False
2026,yolo26,vit_method2,yolo26 - vit_method2,raw,iou,segmentation_raw_iou,30,252,252,18,-0.06330652346844494,-0.1694076722627108,0.004506614960342152,bca,0.043334830989002524,5000,0.1929614077184563,5000,1.0,False
2026,yolo26,vit_method2,yolo26 - vit_method2,raw,surface_dice,segmentation_raw_surface_dice,30,252,252,18,0.0341717375335737,0.0023723072222291293,0.07460048743934224,bca,0.018357771255588184,5000,0.125374925014997,5000,1.0,False
2026,yolo26,vit_method2,yolo26 - vit_method2,raw,hausdorff95,segmentation_raw_hausdorff95,30,252,207,18,-1.2862951438023147,-9.724965707438763,11.919821474489305,bca,5.310346857467071,5000,0.8106378724255149,5000,1.0,False
2026,yolo26,vit_method2,yolo26 - vit_method2,raw,average_symmetric_surface_distance,segmentation_raw_average_symmetric_surface_distance,30,252,207,18,-1.2215520675627234,-3.5945957603815306,1.9997394560066801,bca,1.4015286715455413,5000,0.46510697860427913,5000,1.0,False
2026,yolo26,vit_method2,yolo26 - vit_method2,raw,centroid_distance,segmentation_raw_centroid_distance,30,252,207,18,-1.2371754671485784,-6.019692411998601,2.8534909336531737,bca,2.269339102589418,5000,0.6266746650669867,5000,1.0,False
2026,yolo26,emcad,yolo26 - emcad,postprocessed,dice,segmentation_postprocessed_dice,30,252,252,18,-0.1498806175451203,-0.23878241553489424,-0.07836365634579635,bca,0.04094022165240773,5000,0.0021995600879824036,5000,0.04619076184763048,True
2026,yolo26,emcad,yolo26 - emcad,postprocessed,iou,segmentation_postprocessed_iou,30,252,252,18,-0.13878967926512675,-0.2285921402694284,-0.0714012674824189,bca,0.03927199641036675,5000,0.0033993201359728054,5000,0.06798640271945611,False
2026,yolo26,emcad,yolo26 - emcad,postprocessed,surface_dice,segmentation_postprocessed_surface_dice,30,252,252,18,-0.05785448369433345,-0.0949072649846164,-0.01964077223752344,bca,0.019198671154005448,5000,0.021995600879824034,5000,0.28594281143771244,False
2026,yolo26,emcad,yolo26 - emcad,postprocessed,hausdorff95,segmentation_postprocessed_hausdorff95,30,252,196,17,1.4036445681448497,-1.3857385261060724,4.0634313331756085,bca,1.3991795890268324,5000,0.38552289542091583,5000,1.0,False
2026,yolo26,emcad,yolo26 - emcad,postprocessed,average_symmetric_surface_distance,segmentation_postprocessed_average_symmetric_surface_distance,30,252,196,17,1.3917444541147288,0.5215337919140602,2.645906399473203,bca,0.5301544931239047,5000,0.03239352129574085,5000,0.48590281943611274,False
2026,yolo26,emcad,yolo26 - emcad,postprocessed,centroid_distance,segmentation_postprocessed_centroid_distance,30,252,196,17,-0.28003134382599787,-2.6579359462280254,1.7666185017258307,bca,1.133838850779235,5000,0.8190361927614477,5000,1.0,False
2026,yolo26,emcad,yolo26 - emcad,raw,dice,segmentation_raw_dice,30,252,252,18,-0.16110544156438955,-0.28807799783836696,-0.09040372530458743,bca,0.0471181496254312,5000,0.0015996800639872025,5000,0.03519296140771846,True
2026,yolo26,emcad,yolo26 - emcad,raw,iou,segmentation_raw_iou,30,252,252,18,-0.1472480274097705,-0.26119982766674205,-0.08246126901529165,bca,0.04259951177417931,5000,0.0007998400319936012,5000,0.01919616076784643,True
2026,yolo26,emcad,yolo26 - emcad,raw,surface_dice,segmentation_raw_surface_dice,30,252,252,18,-0.059496994216895326,-0.11199463093362834,-0.020619172568464406,bca,0.02320544283379325,5000,0.029394121175764846,5000,0.382123575284943,False
2026,yolo26,emcad,yolo26 - emcad,raw,hausdorff95,segmentation_raw_hausdorff95,30,252,207,18,-24.70189424686319,-115.75743250365069,6.998729422818035,bca,25.351962528764048,5000,0.5280943811237753,5000,1.0,False
2026,yolo26,emcad,yolo26 - emcad,raw,average_symmetric_surface_distance,segmentation_raw_average_symmetric_surface_distance,30,252,207,18,-5.256919793569607,-29.637671968799246,2.7592350837380195,bca,6.415720124100819,5000,0.7300539892021596,5000,1.0,False
2026,yolo26,emcad,yolo26 - emcad,raw,centroid_distance,segmentation_raw_centroid_distance,30,252,207,18,-7.488952976264727,-34.00289468418702,2.302872403488902,bca,7.693378654934298,5000,0.526494701059788,5000,1.0,False
2026,yolo26,sam2_unet,yolo26 - sam2_unet,postprocessed,dice,segmentation_postprocessed_dice,30,252,252,18,-0.19197794459863918,-0.31505536625858604,-0.10898347483586457,bca,0.0513596058143127,5000,0.0007998400319936012,5000,0.021595680863827234,True
2026,yolo26,sam2_unet,yolo26 - sam2_unet,postprocessed,iou,segmentation_postprocessed_iou,30,252,252,18,-0.1779937632756507,-0.2838388074021992,-0.10104888249313136,bca,0.046013106811286654,5000,0.0003999200159968006,5000,0.011597680463907217,True
2026,yolo26,sam2_unet,yolo26 - sam2_unet,postprocessed,surface_dice,segmentation_postprocessed_surface_dice,30,252,252,18,-0.08485949707591289,-0.12169732635140533,-0.04424143447875231,bca,0.01983252189407989,5000,0.0009998000399920016,5000,0.01899620075984803,True
2026,yolo26,sam2_unet,yolo26 - sam2_unet,postprocessed,hausdorff95,segmentation_postprocessed_hausdorff95,30,252,200,18,1.735209973851905,-0.5479665853980845,4.261947141617018,bca,1.2278963273354622,5000,0.20315936812637472,5000,1.0,False
2026,yolo26,sam2_unet,yolo26 - sam2_unet,postprocessed,average_symmetric_surface_distance,segmentation_postprocessed_average_symmetric_surface_distance,30,252,200,18,1.1345021395455692,0.4640549788752484,1.8904693695341943,bca,0.3646766241066546,5000,0.004799040191961607,5000,0.08638272345530892,False
2026,yolo26,sam2_unet,yolo26 - sam2_unet,postprocessed,centroid_distance,segmentation_postprocessed_centroid_distance,30,252,200,18,0.11526537613805056,-1.0297100306473734,1.3793135325913988,bca,0.6160351067858555,5000,0.8602279544091181,5000,1.0,False
2026,yolo26,sam2_unet,yolo26 - sam2_unet,raw,dice,segmentation_raw_dice,30,252,252,18,-0.17047810158315144,-0.29413454672955935,-0.09698043957500521,bca,0.04762123597014813,5000,0.0001999600079984003,5000,0.005998800239952009,True
2026,yolo26,sam2_unet,yolo26 - sam2_unet,raw,iou,segmentation_raw_iou,30,252,252,18,-0.1604932601191894,-0.2623302966316451,-0.09735796682609106,bca,0.03991848244333853,5000,0.0001999600079984003,5000,0.005998800239952009,True
2026,yolo26,sam2_unet,yolo26 - sam2_unet,raw,surface_dice,segmentation_raw_surface_dice,30,252,252,18,-0.07503654514386444,-0.10747216698598994,-0.03942068026297484,bca,0.01743941366193077,5000,0.0013997200559888023,5000,0.02519496100779844,True
2026,yolo26,sam2_unet,yolo26 - sam2_unet,raw,hausdorff95,segmentation_raw_hausdorff95,30,252,207,18,-14.468949054263833,-88.22427224731295,13.053196033979875,bca,22.69681717082242,5000,0.9758048390321936,5000,1.0,False
2026,yolo26,sam2_unet,yolo26 - sam2_unet,raw,average_symmetric_surface_distance,segmentation_raw_average_symmetric_surface_distance,30,252,207,18,1.209830616201674,-3.6181509125435705,4.5465023859120395,bca,2.032998226795837,5000,0.5182963407318536,5000,1.0,False
2026,yolo26,sam2_unet,yolo26 - sam2_unet,raw,centroid_distance,segmentation_raw_centroid_distance,30,252,207,18,2.0298742508615333,-0.2125777470962888,6.857815689091334,bca,1.610596235464074,5000,0.29834033193361326,5000,1.0,False
2026,vit_method2,emcad,vit_method2 - emcad,postprocessed,dice,segmentation_postprocessed_dice,30,252,252,18,-0.04624489328018728,-0.09666250427223438,0.01162114331136441,bca,0.027342724841065844,5000,0.17376524695060988,5000,1.0,False
2026,vit_method2,emcad,vit_method2 - emcad,postprocessed,iou,segmentation_postprocessed_iou,30,252,252,18,-0.07227269077689552,-0.11849665671369017,-0.021883533007040136,bca,0.024540645749999822,5000,0.021595680863827234,5000,0.3887222555488902,False
2026,vit_method2,emcad,vit_method2 - emcad,postprocessed,surface_dice,segmentation_postprocessed_surface_dice,30,252,252,18,-0.0851067531165526,-0.11241358127829751,-0.061248012701352196,bca,0.013073518818494183,5000,0.0001999600079984003,5000,0.005998800239952009,True
2026,vit_method2,emcad,vit_method2 - emcad,postprocessed,hausdorff95,segmentation_postprocessed_hausdorff95,30,252,234,18,10.413945040213198,5.771070971931351,19.170148202567848,bca,3.1840851287916685,5000,0.0003999200159968006,5000,0.011997600479904018,True
2026,vit_method2,emcad,vit_method2 - emcad,postprocessed,average_symmetric_surface_distance,segmentation_postprocessed_average_symmetric_surface_distance,30,252,234,18,4.5316149136778145,2.8290417129196577,6.756318971526888,bca,0.9849966926880404,5000,0.0001999600079984003,5000,0.005998800239952009,True
2026,vit_method2,emcad,vit_method2 - emcad,postprocessed,centroid_distance,segmentation_postprocessed_centroid_distance,30,252,234,18,3.4716950975100582,0.8155924192189141,8.786095653177863,bca,1.8498906090835794,5000,0.05098980203959208,5000,1.0,False
2026,vit_method2,emcad,vit_method2 - emcad,raw,dice,segmentation_raw_dice,30,252,252,18,-0.060527056108492135,-0.09015345540047766,-0.03710189112017386,bca,0.01341338052780532,5000,0.0003999200159968006,5000,0.010797840431913617,True
2026,vit_method2,emcad,vit_method2 - emcad,raw,iou,segmentation_raw_iou,30,252,252,18,-0.08394150394132559,-0.12138865958607174,-0.052563316909649625,bca,0.01740576835882924,5000,0.0001999600079984003,5000,0.005998800239952009,True
2026,vit_method2,emcad,vit_method2 - emcad,raw,surface_dice,segmentation_raw_surface_dice,30,252,252,18,-0.09366873175046901,-0.1324542240487262,-0.0654679779970978,bca,0.01669816399027449,5000,0.0001999600079984003,5000,0.005998800239952009,True
2026,vit_method2,emcad,vit_method2 - emcad,raw,hausdorff95,segmentation_raw_hausdorff95,30,252,252,18,-11.824337224206431,-56.30779892858582,11.270909489429267,bca,15.296764999229298,5000,0.5016996600679864,5000,1.0,False
2026,vit_method2,emcad,vit_method2 - emcad,raw,average_symmetric_surface_distance,segmentation_raw_average_symmetric_surface_distance,30,252,252,18,-0.8060554778794482,-10.531824227886332,4.126409657963376,bca,3.3855290834123575,5000,0.829634073185363,5000,1.0,False
2026,vit_method2,emcad,vit_method2 - emcad,raw,centroid_distance,segmentation_raw_centroid_distance,30,252,252,18,-3.6677899670736136,-17.43122855038147,3.128074231410492,bca,4.755526251936249,5000,0.5560887822435513,5000,1.0,False
2026,vit_method2,sam2_unet,vit_method2 - sam2_unet,postprocessed,dice,segmentation_postprocessed_dice,30,252,252,18,-0.08834222033370612,-0.16331732115165837,-0.05118761103301454,bca,0.02614575135032779,5000,0.0005998800239952009,5000,0.017396520695860826,True
2026,vit_method2,sam2_unet,vit_method2 - sam2_unet,postprocessed,iou,segmentation_postprocessed_iou,30,252,252,18,-0.11147677478741949,-0.1849836602114401,-0.06788869744235274,bca,0.02829532255495768,5000,0.0001999600079984003,5000,0.005998800239952009,True
2026,vit_method2,sam2_unet,vit_method2 - sam2_unet,postprocessed,surface_dice,segmentation_postprocessed_surface_dice,30,252,252,18,-0.11211176649813202,-0.14477382002035089,-0.0805918060466042,bca,0.01647577189067636,5000,0.0001999600079984003,5000,0.005998800239952009,True
2026,vit_method2,sam2_unet,vit_method2 - sam2_unet,postprocessed,hausdorff95,segmentation_postprocessed_hausdorff95,30,252,245,18,10.373704610973629,5.505691442907943,17.772608769615914,bca,3.043286351832263,5000,0.0009998000399920016,5000,0.028994201159768047,True
2026,vit_method2,sam2_unet,vit_method2 - sam2_unet,postprocessed,average_symmetric_surface_distance,segmentation_postprocessed_average_symmetric_surface_distance,30,252,245,18,4.255985414137627,2.519365418517584,6.381024203021207,bca,0.9854615439818774,5000,0.0005998800239952009,5000,0.014997000599880022,True
2026,vit_method2,sam2_unet,vit_method2 - sam2_unet,postprocessed,centroid_distance,segmentation_postprocessed_centroid_distance,30,252,245,18,4.067496300533616,1.5151860726798911,9.310764945123855,bca,1.8144218188789898,5000,0.014197160567886422,5000,0.41171765646870623,False
2026,vit_method2,sam2_unet,vit_method2 - sam2_unet,raw,dice,segmentation_raw_dice,30,252,252,18,-0.06989971612725401,-0.10363842964953729,-0.04138979140415152,bca,0.01600998608506789,5000,0.0007998400319936012,5000,0.020795840831833633,True
2026,vit_method2,sam2_unet,vit_method2 - sam2_unet,raw,iou,segmentation_raw_iou,30,252,252,18,-0.09718673665074445,-0.1408028559611621,-0.05911950904591206,bca,0.02095606069789222,5000,0.0005998800239952009,5000,0.014997000599880022,True
2026,vit_method2,sam2_unet,vit_method2 - sam2_unet,raw,surface_dice,segmentation_raw_surface_dice,30,252,252,18,-0.10920828267743815,-0.1424712474520014,-0.07662898159683329,bca,0.017016070547512092,5000,0.0001999600079984003,5000,0.005998800239952009,True
2026,vit_method2,sam2_unet,vit_method2 - sam2_unet,raw,hausdorff95,segmentation_raw_hausdorff95,30,252,252,18,-8.260084471666154,-75.81777908343305,15.602823021051927,bca,20.372880577058684,5000,0.9996000799840032,5000,1.0,False
2026,vit_method2,sam2_unet,vit_method2 - sam2_unet,raw,average_symmetric_surface_distance,segmentation_raw_average_symmetric_surface_distance,30,252,252,18,2.4559554454218735,-5.494781023844403,5.988861432815398,bca,2.5771025831477314,5000,0.4351129774045191,5000,1.0,False
2026,vit_method2,sam2_unet,vit_method2 - sam2_unet,raw,centroid_distance,segmentation_raw_centroid_distance,30,252,252,18,2.9640236642586637,-0.8952573985737456,7.645898955659792,bca,2.1647951499346996,5000,0.22375524895020996,5000,1.0,False
2026,emcad,sam2_unet,emcad - sam2_unet,postprocessed,dice,segmentation_postprocessed_dice,30,252,252,18,-0.04209732705351884,-0.10348468823208354,-0.007607426212930836,bca,0.02302227824495731,5000,0.11057788442311538,5000,1.0,False
2026,emcad,sam2_unet,emcad - sam2_unet,postprocessed,iou,segmentation_postprocessed_iou,30,252,252,18,-0.03920408401052396,-0.0899535578357627,-0.005057235222295883,bca,0.02109283292718658,5000,0.1225754849030194,5000,1.0,False
2026,emcad,sam2_unet,emcad - sam2_unet,postprocessed,surface_dice,segmentation_postprocessed_surface_dice,30,252,252,18,-0.027005013381579443,-0.053129246639030306,0.0022214978814209052,bca,0.014094696369412438,5000,0.1271745650869826,5000,1.0,False
2026,emcad,sam2_unet,emcad - sam2_unet,postprocessed,hausdorff95,segmentation_postprocessed_hausdorff95,30,252,241,18,0.1831839650832901,-3.090970035559075,4.159159837554739,bca,1.8390051066679354,5000,0.9290141971605679,5000,1.0,False
2026,emcad,sam2_unet,emcad - sam2_unet,postprocessed,average_symmetric_surface_distance,segmentation_postprocessed_average_symmetric_surface_distance,30,252,241,18,-0.08250796481901843,-1.531911294170076,1.1826395571927475,bca,0.6862258999850044,5000,0.9050189962007599,5000,1.0,False
2026,emcad,sam2_unet,emcad - sam2_unet,postprocessed,centroid_distance,segmentation_postprocessed_centroid_distance,30,252,241,18,0.7221758824282212,-1.3470023110711098,3.1481325961671165,bca,1.1579535163491983,5000,0.5346930613877224,5000,1.0,False
2026,emcad,sam2_unet,emcad - sam2_unet,raw,dice,segmentation_raw_dice,30,252,252,18,-0.009372660018761888,-0.03769776681316585,0.010883719735564606,bca,0.012216965937130612,5000,0.4969006198760248,5000,1.0,False
2026,emcad,sam2_unet,emcad - sam2_unet,raw,iou,segmentation_raw_iou,30,252,252,18,-0.013245232709418873,-0.04994257339648719,0.01643374532613961,bca,0.016884317545758684,5000,0.46370725854829037,5000,1.0,False
2026,emcad,sam2_unet,emcad - sam2_unet,raw,surface_dice,segmentation_raw_surface_dice,30,252,252,18,-0.015539550926969134,-0.04849143859910343,0.03106520287437352,bca,0.01971034494515313,5000,0.45770845830833834,5000,1.0,False
2026,emcad,sam2_unet,emcad - sam2_unet,raw,hausdorff95,segmentation_raw_hausdorff95,30,252,252,18,3.56425275254028,-17.033766876276044,34.26132769029403,bca,13.327889653990717,5000,0.6352729454109178,5000,1.0,False
2026,emcad,sam2_unet,emcad - sam2_unet,raw,average_symmetric_surface_distance,segmentation_raw_average_symmetric_surface_distance,30,252,252,18,3.2620109233013217,0.6214607655344301,9.951874996300349,bca,2.031607595156518,5000,0.1191761647670466,5000,1.0,False
2026,emcad,sam2_unet,emcad - sam2_unet,raw,centroid_distance,segmentation_raw_centroid_distance,30,252,252,18,6.631813631332279,1.4988936989401822,16.836534662720716,bca,3.5260570362845147,5000,0.08738252349530094,5000,1.0,False
3407,yolo26,vit_method2,yolo26 - vit_method2,postprocessed,dice,segmentation_postprocessed_dice,30,252,252,18,0.010976969692248284,-0.04786829841168563,0.09395584216359647,bca,0.035554499218877135,5000,0.7696460707858428,5000,1.0,False
3407,yolo26,vit_method2,yolo26 - vit_method2,postprocessed,iou,segmentation_postprocessed_iou,30,252,252,18,0.02067222448889475,-0.036424495368875036,0.10639895609437948,bca,0.03510832332232347,5000,0.5974805038992201,5000,1.0,False
3407,yolo26,vit_method2,yolo26 - vit_method2,postprocessed,surface_dice,segmentation_postprocessed_surface_dice,30,252,252,18,-0.04427129556671597,-0.08136490257198627,-0.0036219407100398517,bca,0.01963976702373931,5000,0.06898620275944811,5000,0.620875824835033,False
3407,yolo26,vit_method2,yolo26 - vit_method2,postprocessed,hausdorff95,segmentation_postprocessed_hausdorff95,30,252,226,18,-8.979344862375346,-18.365351008072054,-2.464111959366153,bca,4.000001880005285,5000,0.05058988202359528,5000,1.0,False
3407,yolo26,vit_method2,yolo26 - vit_method2,postprocessed,average_symmetric_surface_distance,segmentation_postprocessed_average_symmetric_surface_distance,30,252,226,18,-2.9175881028018478,-6.730886813885339,-0.43390829417572013,bca,1.5901939200329107,5000,0.13937212557488501,5000,1.0,False
3407,yolo26,vit_method2,yolo26 - vit_method2,postprocessed,centroid_distance,segmentation_postprocessed_centroid_distance,30,252,226,18,-4.511628721331639,-9.786263764740541,-1.0861157491126996,bca,2.168369686030239,5000,0.052389522095580884,5000,1.0,False
3407,yolo26,vit_method2,yolo26 - vit_method2,raw,dice,segmentation_raw_dice,30,252,252,18,-0.00682769875295049,-0.05818595735901025,0.05628526670683378,bca,0.02934916171400039,5000,0.823635272945411,5000,1.0,False
3407,yolo26,vit_method2,yolo26 - vit_method2,raw,iou,segmentation_raw_iou,30,252,252,18,0.00890912288504115,-0.03793447607486333,0.0870108787719703,bca,0.030504599360757466,5000,0.8014397120575885,5000,1.0,False
3407,yolo26,vit_method2,yolo26 - vit_method2,raw,surface_dice,segmentation_raw_surface_dice,30,252,252,18,-0.046347054687165774,-0.07985537112317584,-0.0063789607859279125,bca,0.018470296874026484,5000,0.04279144171165767,5000,0.4103179364127174,False
3407,yolo26,vit_method2,yolo26 - vit_method2,raw,hausdorff95,segmentation_raw_hausdorff95,30,252,234,18,-21.64403492069179,-37.39472562759064,-10.321430997071166,bca,6.7019300840375875,5000,0.007798440311937612,5000,0.1949610077984403,False
3407,yolo26,vit_method2,yolo26 - vit_method2,raw,average_symmetric_surface_distance,segmentation_raw_average_symmetric_surface_distance,30,252,234,18,-4.827622894303691,-9.145759689674112,-1.5826733274226847,bca,1.9266424955599855,5000,0.047590481903619274,5000,0.9518096380723855,False
3407,yolo26,vit_method2,yolo26 - vit_method2,raw,centroid_distance,segmentation_raw_centroid_distance,30,252,234,18,-7.173212124163857,-12.480963946585856,-3.065028946188801,bca,2.419101988791333,5000,0.01219756048790242,5000,0.3049390121975605,False
3407,yolo26,emcad,yolo26 - emcad,postprocessed,dice,segmentation_postprocessed_dice,30,252,252,18,-0.021804951541574354,-0.08685675239999717,0.02074258453023134,bca,0.026212427477109564,5000,0.47530493901219756,5000,1.0,False
3407,yolo26,emcad,yolo26 - emcad,postprocessed,iou,segmentation_postprocessed_iou,30,252,252,18,-0.014034669214330324,-0.06731997547344062,0.031431069834522235,bca,0.025527459044839124,5000,0.6344731053789242,5000,1.0,False
3407,yolo26,emcad,yolo26 - emcad,postprocessed,surface_dice,segmentation_postprocessed_surface_dice,30,252,252,18,-0.045976496191308565,-0.07598052988147846,-0.012082303298760508,bca,0.016445678419434673,5000,0.014597080583883223,5000,0.20435912817436513,False
3407,yolo26,emcad,yolo26 - emcad,postprocessed,hausdorff95,segmentation_postprocessed_hausdorff95,30,252,232,18,-4.399050021955137,-8.421050002443511,-0.12054782164469582,bca,2.081310484750277,5000,0.052189562087582485,5000,1.0,False
3407,yolo26,emcad,yolo26 - emcad,postprocessed,average_symmetric_surface_distance,segmentation_postprocessed_average_symmetric_surface_distance,30,252,232,18,-0.5532969547084908,-2.0007965269113663,1.001509257752856,bca,0.7682076340210013,5000,0.4859028194361128,5000,1.0,False
3407,yolo26,emcad,yolo26 - emcad,postprocessed,centroid_distance,segmentation_postprocessed_centroid_distance,30,252,232,18,-2.5782636058648825,-4.660953586339618,-0.3280627573116527,bca,1.0947039573784014,5000,0.04539092181563687,5000,1.0,False
3407,yolo26,emcad,yolo26 - emcad,raw,dice,segmentation_raw_dice,30,252,252,18,-0.024735414149056712,-0.0921933214084013,0.012784717780011955,bca,0.025019060250505112,5000,0.41671665666866625,5000,1.0,False
3407,yolo26,emcad,yolo26 - emcad,raw,iou,segmentation_raw_iou,30,252,252,18,-0.01585760682836851,-0.06984335188880336,0.02772737316227077,bca,0.024580209507249325,5000,0.5620875824835033,5000,1.0,False
3407,yolo26,emcad,yolo26 - emcad,raw,surface_dice,segmentation_raw_surface_dice,30,252,252,18,-0.04589870373833112,-0.07536626729681706,-0.010910369501880844,bca,0.016581391789753316,5000,0.017196560687862426,5000,0.24075184963007396,False
3407,yolo26,emcad,yolo26 - emcad,raw,hausdorff95,segmentation_raw_hausdorff95,30,252,234,18,-4.5507565898887545,-8.590443606329027,-0.19115621888827147,bca,2.1571206027359913,5000,0.05458908218356329,5000,1.0,False
3407,yolo26,emcad,yolo26 - emcad,raw,average_symmetric_surface_distance,segmentation_raw_average_symmetric_surface_distance,30,252,234,18,-0.7131298934160397,-2.2191584470588284,0.9409799101951696,bca,0.8066307900120393,5000,0.40591881623675263,5000,1.0,False
3407,yolo26,emcad,yolo26 - emcad,raw,centroid_distance,segmentation_raw_centroid_distance,30,252,234,18,-2.6019841981245784,-4.658301592805716,-0.31759997967229425,bca,1.114024967456556,5000,0.04099180163967207,5000,0.9646070785842831,False
3407,yolo26,sam2_unet,yolo26 - sam2_unet,postprocessed,dice,segmentation_postprocessed_dice,30,252,252,18,-0.09765021079502562,-0.16263675457130122,-0.05343155111808266,bca,0.027207699944488746,5000,0.0005998800239952009,5000,0.017396520695860826,True
3407,yolo26,sam2_unet,yolo26 - sam2_unet,postprocessed,iou,segmentation_postprocessed_iou,30,252,252,18,-0.10624360506365305,-0.15601851850012438,-0.057663629720729435,bca,0.025047793352516796,5000,0.0005998800239952009,5000,0.016196760647870425,True
3407,yolo26,sam2_unet,yolo26 - sam2_unet,postprocessed,surface_dice,segmentation_postprocessed_surface_dice,30,252,252,18,-0.1515793044874179,-0.1830646092541517,-0.11604537993570045,bca,0.017087497865610743,5000,0.0001999600079984003,5000,0.005998800239952009,True
3407,yolo26,sam2_unet,yolo26 - sam2_unet,postprocessed,hausdorff95,segmentation_postprocessed_hausdorff95,30,252,234,18,2.7472382374007713,-0.5515828735900263,5.956804258813703,bca,1.6862570878850187,5000,0.15976804639072187,5000,1.0,False
3407,yolo26,sam2_unet,yolo26 - sam2_unet,postprocessed,average_symmetric_surface_distance,segmentation_postprocessed_average_symmetric_surface_distance,30,252,234,18,2.7145134439591883,1.4474974391052151,3.965393141204486,bca,0.6406679944517817,5000,0.003199360127974405,5000,0.06718656268746251,False
3407,yolo26,sam2_unet,yolo26 - sam2_unet,postprocessed,centroid_distance,segmentation_postprocessed_centroid_distance,30,252,234,18,0.2950723718076788,-1.379137779174396,2.0698192254216234,bca,0.8915751679546554,5000,0.754249150169966,5000,1.0,False
3407,yolo26,sam2_unet,yolo26 - sam2_unet,raw,dice,segmentation_raw_dice,30,252,252,18,-0.09775596282617344,-0.16186372317315156,-0.05281371044271199,bca,0.027426842185071777,5000,0.0007998400319936012,5000,0.020795840831833633,True
3407,yolo26,sam2_unet,yolo26 - sam2_unet,raw,iou,segmentation_raw_iou,30,252,252,18,-0.10637144026869702,-0.15598598681678877,-0.0608852495467049,bca,0.02458644878650293,5000,0.0003999200159968006,5000,0.010797840431913617,True
3407,yolo26,sam2_unet,yolo26 - sam2_unet,raw,surface_dice,segmentation_raw_surface_dice,30,252,252,18,-0.15150880809268402,-0.18431214044591013,-0.11594926313263863,bca,0.017351103082235832,5000,0.0001999600079984003,5000,0.005998800239952009,True
3407,yolo26,sam2_unet,yolo26 - sam2_unet,raw,hausdorff95,segmentation_raw_hausdorff95,30,252,234,18,2.8152294803454887,-0.5682562287864731,6.204089863163425,bca,1.729308794374229,5000,0.14677064587082583,5000,1.0,False
3407,yolo26,sam2_unet,yolo26 - sam2_unet,raw,average_symmetric_surface_distance,segmentation_raw_average_symmetric_surface_distance,30,252,234,18,2.725788337878429,1.4514895076028174,4.03639520177052,bca,0.6470448709375173,5000,0.002999400119976005,5000,0.06898620275944811,False
3407,yolo26,sam2_unet,yolo26 - sam2_unet,raw,centroid_distance,segmentation_raw_centroid_distance,30,252,234,18,0.2887977169257585,-1.4152098089937368,2.0222363684194278,bca,0.8876265439079404,5000,0.7484503099380124,5000,1.0,False
3407,vit_method2,emcad,vit_method2 - emcad,postprocessed,dice,segmentation_postprocessed_dice,30,252,252,18,-0.03278192123382264,-0.12692214503455757,0.0483358537098977,bca,0.04420558497584914,5000,0.4967006598680264,5000,1.0,False
3407,vit_method2,emcad,vit_method2 - emcad,postprocessed,iou,segmentation_postprocessed_iou,30,252,252,18,-0.03470689370322507,-0.1324768403048187,0.04738005219203758,bca,0.04566246017199917,5000,0.4819036192761448,5000,1.0,False
3407,vit_method2,emcad,vit_method2 - emcad,postprocessed,surface_dice,segmentation_postprocessed_surface_dice,30,252,252,18,-0.0017052006245925776,-0.05331997265449062,0.04206553674457127,bca,0.02418630464592493,5000,0.9502099580083984,5000,1.0,False
3407,vit_method2,emcad,vit_method2 - emcad,postprocessed,hausdorff95,segmentation_postprocessed_hausdorff95,30,252,235,18,5.022944683436854,-2.831886817087271,14.100283622375617,bca,4.2883707866033935,5000,0.3151369726054789,5000,1.0,False
3407,vit_method2,emcad,vit_method2 - emcad,postprocessed,average_symmetric_surface_distance,segmentation_postprocessed_average_symmetric_surface_distance,30,252,235,18,2.2587254909114236,-0.8694361498123165,5.802377085188831,bca,1.7242809037142266,5000,0.2605478904219156,5000,1.0,False
3407,vit_method2,emcad,vit_method2 - emcad,postprocessed,centroid_distance,segmentation_postprocessed_centroid_distance,30,252,235,18,2.345260939748699,-1.2089871156615453,7.26889454070826,bca,2.113970898481655,5000,0.3105378924215157,5000,1.0,False
3407,vit_method2,emcad,vit_method2 - emcad,raw,dice,segmentation_raw_dice,30,252,252,18,-0.017907715396106232,-0.08436669877898237,0.05370579952021406,bca,0.03486313759557059,5000,0.637872425514897,5000,1.0,False
3407,vit_method2,emcad,vit_method2 - emcad,raw,iou,segmentation_raw_iou,30,252,252,18,-0.024766729713409662,-0.10951725536383469,0.04773317287590946,bca,0.03988118996274419,5000,0.5488902219556089,5000,1.0,False
3407,vit_method2,emcad,vit_method2 - emcad,raw,surface_dice,segmentation_raw_surface_dice,30,252,252,18,0.0004483509488346576,-0.04866147413500185,0.0434959073962875,bca,0.02308555350482663,5000,0.9860027994401119,5000,1.0,False
3407,vit_method2,emcad,vit_method2 - emcad,raw,hausdorff95,segmentation_raw_hausdorff95,30,252,249,18,15.017010918256277,3.680001728421875,28.513082299194995,bca,6.324898536513949,5000,0.04299140171965607,5000,1.0,False
3407,vit_method2,emcad,vit_method2 - emcad,raw,average_symmetric_surface_distance,segmentation_raw_average_symmetric_surface_distance,30,252,249,18,3.043749274426063,-0.8699068465271795,7.433837104507447,bca,2.1079274318421057,5000,0.20975804839032194,5000,1.0,False
3407,vit_method2,emcad,vit_method2 - emcad,raw,centroid_distance,segmentation_raw_centroid_distance,30,252,249,18,3.953686862527718,0.07080834978761934,8.796006568063602,bca,2.2346321203329857,5000,0.13617276544691062,5000,1.0,False
3407,vit_method2,sam2_unet,vit_method2 - sam2_unet,postprocessed,dice,segmentation_postprocessed_dice,30,252,252,18,-0.1086271804872739,-0.18936149995839724,-0.05476277970090802,bca,0.03279148977866976,5000,0.002599480103979204,5000,0.051989602079584085,False
3407,vit_method2,sam2_unet,vit_method2 - sam2_unet,postprocessed,iou,segmentation_postprocessed_iou,30,252,252,18,-0.12691582955254777,-0.2064177320335204,-0.066317163057559,bca,0.03532380371057458,5000,0.001799640071985603,5000,0.03959208158368326,True
3407,vit_method2,sam2_unet,vit_method2 - sam2_unet,postprocessed,surface_dice,segmentation_postprocessed_surface_dice,30,252,252,18,-0.10730800892070191,-0.14304205662545094,-0.06769196690643099,bca,0.019003540964653648,5000,0.0001999600079984003,5000,0.005998800239952009,True
3407,vit_method2,sam2_unet,vit_method2 - sam2_unet,postprocessed,hausdorff95,segmentation_postprocessed_hausdorff95,30,252,244,18,12.226478765971596,5.772287118954733,19.537875160964433,bca,3.5455732820039785,5000,0.003999200159968006,5000,0.09998000399920016,False
3407,vit_method2,sam2_unet,vit_method2 - sam2_unet,postprocessed,average_symmetric_surface_distance,segmentation_postprocessed_average_symmetric_surface_distance,30,252,244,18,5.473560469510961,2.744597670948413,8.636185383537038,bca,1.4927372345145475,5000,0.003599280143971206,5000,0.0683863227354529,False
3407,vit_method2,sam2_unet,vit_method2 - sam2_unet,postprocessed,centroid_distance,segmentation_postprocessed_centroid_distance,30,252,244,18,5.191644914547678,2.035894097132965,9.514603632649886,bca,1.8808784958111389,5000,0.01739652069586083,5000,0.48710257948410324,False
3407,vit_method2,sam2_unet,vit_method2 - sam2_unet,raw,dice,segmentation_raw_dice,30,252,252,18,-0.09092826407322294,-0.1445219911960631,-0.04614866629468618,bca,0.0247428018073185,5000,0.0013997200559888023,5000,0.03219356128774245,True
3407,vit_method2,sam2_unet,vit_method2 - sam2_unet,raw,iou,segmentation_raw_iou,30,252,252,18,-0.11528056315373819,-0.18195647075956797,-0.0595750449384328,bca,0.030591077184057257,5000,0.002599480103979204,5000,0.04939012197560488,True
3407,vit_method2,sam2_unet,vit_method2 - sam2_unet,raw,surface_dice,segmentation_raw_surface_dice,30,252,252,18,-0.10516175340551825,-0.13896517494941987,-0.06704355362090558,bca,0.01845434141706016,5000,0.0003999200159968006,5000,0.008398320335932814,True
3407,vit_method2,sam2_unet,vit_method2 - sam2_unet,raw,hausdorff95,segmentation_raw_hausdorff95,30,252,252,18,22.47371866371125,11.769832264480199,35.694601881008005,bca,5.964573952258658,5000,0.0021995600879824036,5000,0.0593881223755249,False
3407,vit_method2,sam2_unet,vit_method2 - sam2_unet,raw,average_symmetric_surface_distance,segmentation_raw_average_symmetric_surface_distance,30,252,252,18,7.049212211179385,3.5941375547751697,10.6719985299977,bca,1.8067909868183918,5000,0.0015996800639872025,5000,0.03839232153569286,True
3407,vit_method2,sam2_unet,vit_method2 - sam2_unet,raw,centroid_distance,segmentation_raw_centroid_distance,30,252,252,18,6.659755172455885,2.9885246319023846,11.181260997681918,bca,2.0646847504733734,5000,0.008998200359928014,5000,0.23395320935812836,False
3407,emcad,sam2_unet,emcad - sam2_unet,postprocessed,dice,segmentation_postprocessed_dice,30,252,252,18,-0.07584525925345129,-0.17536387723949767,-0.03797999510306163,bca,0.029502661413936537,5000,0.001799640071985603,5000,0.041391721655668866,True
3407,emcad,sam2_unet,emcad - sam2_unet,postprocessed,iou,segmentation_postprocessed_iou,30,252,252,18,-0.09220893584932272,-0.16656097011125068,-0.0482435808768965,bca,0.0283175720462949,5000,0.0013997200559888023,5000,0.033593281343731254,True
3407,emcad,sam2_unet,emcad - sam2_unet,postprocessed,surface_dice,segmentation_postprocessed_surface_dice,30,252,252,18,-0.10560280829610934,-0.1550895369057164,-0.06573265504020497,bca,0.022936619265679442,5000,0.0001999600079984003,5000,0.005998800239952009,True
3407,emcad,sam2_unet,emcad - sam2_unet,postprocessed,hausdorff95,segmentation_postprocessed_hausdorff95,30,252,243,18,6.907422785521803,3.2276721208850567,11.710507060627942,bca,2.1128222605022415,5000,0.0033993201359728054,5000,0.08838232353529295,False
3407,emcad,sam2_unet,emcad - sam2_unet,postprocessed,average_symmetric_surface_distance,segmentation_postprocessed_average_symmetric_surface_distance,30,252,243,18,3.173799518351098,1.826619835026653,4.57978575694763,bca,0.703064134160004,5000,0.0009998000399920016,5000,0.022995400919816035,True
3407,emcad,sam2_unet,emcad - sam2_unet,postprocessed,centroid_distance,segmentation_postprocessed_centroid_distance,30,252,243,18,2.6494728225854844,0.9058517515378522,4.212350059989042,bca,0.8494631170871686,5000,0.009998000399920015,5000,0.29994001199760045,False
3407,emcad,sam2_unet,emcad - sam2_unet,raw,dice,segmentation_raw_dice,30,252,252,18,-0.07302054867711673,-0.16020181551966023,-0.03761009071626747,bca,0.02640358415477176,5000,0.001999600079984003,5000,0.041991601679664065,True
3407,emcad,sam2_unet,emcad - sam2_unet,raw,iou,segmentation_raw_iou,30,252,252,18,-0.09051383344032851,-0.15664274155542987,-0.047188111383548385,bca,0.027068273571814187,5000,0.0015996800639872025,5000,0.033593281343731254,True
3407,emcad,sam2_unet,emcad - sam2_unet,raw,surface_dice,segmentation_raw_surface_dice,30,252,252,18,-0.10561010435435292,-0.15463585778695782,-0.06475549792252433,bca,0.022702555519869536,5000,0.0001999600079984003,5000,0.005998800239952009,True
3407,emcad,sam2_unet,emcad - sam2_unet,raw,hausdorff95,segmentation_raw_hausdorff95,30,252,249,18,8.010347220255257,3.719972816738936,13.604109985672332,bca,2.485286744438052,5000,0.0061987602479504095,5000,0.16116776644671066,False
3407,emcad,sam2_unet,emcad - sam2_unet,raw,average_symmetric_surface_distance,segmentation_raw_average_symmetric_surface_distance,30,252,249,18,4.107280778492853,2.294281153201534,7.430157551258544,bca,1.2398842122356557,5000,0.0007998400319936012,5000,0.01999600079984003,True
3407,emcad,sam2_unet,emcad - sam2_unet,raw,centroid_distance,segmentation_raw_centroid_distance,30,252,249,18,2.900973129282466,0.9186499174787999,4.501979838376182,bca,0.907253362885138,5000,0.007398520295940812,5000,0.19976004799040192,False
9103,yolo26,vit_method2,yolo26 - vit_method2,postprocessed,dice,segmentation_postprocessed_dice,30,252,252,18,0.0027130857955251727,-0.06553639740722102,0.04386924648285586,bca,0.02691977360513285,5000,0.9282143571285743,5000,1.0,False
9103,yolo26,vit_method2,yolo26 - vit_method2,postprocessed,iou,segmentation_postprocessed_iou,30,252,252,18,0.029807738052515145,-0.034679204912290346,0.0781121377416271,bca,0.028178984625468226,5000,0.36112777444511096,5000,1.0,False
9103,yolo26,vit_method2,yolo26 - vit_method2,postprocessed,surface_dice,segmentation_postprocessed_surface_dice,30,252,252,18,0.09332685500554265,0.05216233265986578,0.13412458625504528,bca,0.021390747686540267,5000,0.002599480103979204,5000,0.04419116176764647,True
9103,yolo26,vit_method2,yolo26 - vit_method2,postprocessed,hausdorff95,segmentation_postprocessed_hausdorff95,30,252,233,18,-5.4009913266331315,-10.353018321459453,-2.646179132128099,bca,1.8502437696662433,5000,0.0015996800639872025,5000,0.04319136172765447,True
9103,yolo26,vit_method2,yolo26 - vit_method2,postprocessed,average_symmetric_surface_distance,segmentation_postprocessed_average_symmetric_surface_distance,30,252,233,18,-2.890617547411884,-4.449518715879062,-1.8070716918297214,bca,0.6620077191781713,5000,0.0001999600079984003,5000,0.005998800239952009,True
9103,yolo26,vit_method2,yolo26 - vit_method2,postprocessed,centroid_distance,segmentation_postprocessed_centroid_distance,30,252,233,18,-2.143404169384367,-4.995865694986541,-0.16063166183134808,bca,1.1988195792867522,5000,0.10717856428714258,5000,1.0,False
9103,yolo26,vit_method2,yolo26 - vit_method2,raw,dice,segmentation_raw_dice,30,252,252,18,-0.0042572979184791245,-0.07132040442481492,0.03865961448630949,bca,0.027219548295607913,5000,0.8962207558488302,5000,1.0,False
9103,yolo26,vit_method2,yolo26 - vit_method2,raw,iou,segmentation_raw_iou,30,252,252,18,0.023999257035656335,-0.03741585222271532,0.07304957609006349,bca,0.028076865701234664,5000,0.44991001799640074,5000,1.0,False
9103,yolo26,vit_method2,yolo26 - vit_method2,raw,surface_dice,segmentation_raw_surface_dice,30,252,252,18,0.09171305990088295,0.047350100165632514,0.13377895569612827,bca,0.022057658074549246,5000,0.0023995200959808036,5000,0.03839232153569286,True
9103,yolo26,vit_method2,yolo26 - vit_method2,raw,hausdorff95,segmentation_raw_hausdorff95,30,252,233,18,1.2405479847310508,-6.787822413739681,23.36576091253044,bca,6.6726239834675205,5000,0.999000199960008,5000,1.0,False
9103,yolo26,vit_method2,yolo26 - vit_method2,raw,average_symmetric_surface_distance,segmentation_raw_average_symmetric_surface_distance,30,252,233,18,-1.7366715156319341,-3.604159803900856,2.5311581690691476,bca,1.3747342145584882,5000,0.2535492901419716,5000,1.0,False
9103,yolo26,vit_method2,yolo26 - vit_method2,raw,centroid_distance,segmentation_raw_centroid_distance,30,252,233,18,-1.0079702487011932,-4.028580356141513,2.793761306245215,bca,1.722696004292353,5000,0.5936812637472505,5000,1.0,False
9103,yolo26,emcad,yolo26 - emcad,postprocessed,dice,segmentation_postprocessed_dice,30,252,252,18,0.015154273860082536,-0.06706439048326984,0.07133220433358178,bca,0.034346237878045874,5000,0.6052789442111578,5000,1.0,False
9103,yolo26,emcad,yolo26 - emcad,postprocessed,iou,segmentation_postprocessed_iou,30,252,252,18,0.027389882158255684,-0.05014633573481013,0.08004133720961341,bca,0.03212938060459441,5000,0.4595080983803239,5000,1.0,False
9103,yolo26,emcad,yolo26 - emcad,postprocessed,surface_dice,segmentation_postprocessed_surface_dice,30,252,252,18,0.04371813176280552,0.005716283796415522,0.07791865616572548,bca,0.018562477028230336,5000,0.046390721855628876,5000,0.4641071785642871,False
9103,yolo26,emcad,yolo26 - emcad,postprocessed,hausdorff95,segmentation_postprocessed_hausdorff95,30,252,227,18,-2.18917258813563,-5.425626955443669,0.45346730989430334,bca,1.4982968788768798,5000,0.17716456708658268,5000,1.0,False
9103,yolo26,emcad,yolo26 - emcad,postprocessed,average_symmetric_surface_distance,segmentation_postprocessed_average_symmetric_surface_distance,30,252,227,18,-1.162375284145607,-2.1711303864608813,-0.05617191516631301,bca,0.5479606736741439,5000,0.07118576284743051,5000,0.8542291541691662,False
9103,yolo26,emcad,yolo26 - emcad,postprocessed,centroid_distance,segmentation_postprocessed_centroid_distance,30,252,227,18,-0.5517022517924326,-2.903755257608981,1.4778666984384954,bca,1.1206238666407962,5000,0.649870025994801,5000,1.0,False
9103,yolo26,emcad,yolo26 - emcad,raw,dice,segmentation_raw_dice,30,252,252,18,0.007327044172355204,-0.0768107062242067,0.05528131117304625,bca,0.03204209049312156,5000,0.8126374725054989,5000,1.0,False
9103,yolo26,emcad,yolo26 - emcad,raw,iou,segmentation_raw_iou,30,252,252,18,0.021985847009962523,-0.06187256613875754,0.06970441850825866,bca,0.031214884535972414,5000,0.5380923815236952,5000,1.0,False
9103,yolo26,emcad,yolo26 - emcad,raw,surface_dice,segmentation_raw_surface_dice,30,252,252,18,0.0439340284166452,0.005071796134559855,0.07841407249231379,bca,0.018764754423582213,5000,0.035992801439712056,5000,0.4103179364127174,False
9103,yolo26,emcad,yolo26 - emcad,raw,hausdorff95,segmentation_raw_hausdorff95,30,252,233,18,-9.384188028591288,-41.07727787387023,3.3316739449629087,bca,9.772195486106112,5000,0.5008998200359928,5000,1.0,False
9103,yolo26,emcad,yolo26 - emcad,raw,average_symmetric_surface_distance,segmentation_raw_average_symmetric_surface_distance,30,252,233,18,-2.0080974167620007,-4.7962533773410705,1.0795380733017705,bca,1.484496710990161,5000,0.21755648870225955,5000,1.0,False
9103,yolo26,emcad,yolo26 - emcad,raw,centroid_distance,segmentation_raw_centroid_distance,30,252,233,18,0.12649843423918503,-2.4748008896966134,4.135121933652125,bca,1.61630136327085,5000,0.9428114377124575,5000,1.0,False
9103,yolo26,sam2_unet,yolo26 - sam2_unet,postprocessed,dice,segmentation_postprocessed_dice,30,252,252,18,-0.05520878191514936,-0.13628574524469184,-0.006978199149911481,bca,0.03134420741735908,5000,0.1239752049590082,5000,1.0,False
9103,yolo26,sam2_unet,yolo26 - sam2_unet,postprocessed,iou,segmentation_postprocessed_iou,30,252,252,18,-0.04185926499059969,-0.11333773763135488,0.006309410739885975,bca,0.029356856826229086,5000,0.24935012997400519,5000,1.0,False
9103,yolo26,sam2_unet,yolo26 - sam2_unet,postprocessed,surface_dice,segmentation_postprocessed_surface_dice,30,252,252,18,-0.0054006732250551585,-0.046793397535040186,0.03596959647228096,bca,0.020999213334222878,5000,0.8150369926014797,5000,1.0,False
9103,yolo26,sam2_unet,yolo26 - sam2_unet,postprocessed,hausdorff95,segmentation_postprocessed_hausdorff95,30,252,233,18,-1.6433802111580922,-4.349811054225652,1.9074837614841802,bca,1.5864051940870416,5000,0.34553089382123575,5000,1.0,False
9103,yolo26,sam2_unet,yolo26 - sam2_unet,postprocessed,average_symmetric_surface_distance,segmentation_postprocessed_average_symmetric_surface_distance,30,252,233,18,-0.33414353387839696,-1.2064040730612124,0.7077953561595649,bca,0.4859714520940502,5000,0.52749450109978,5000,1.0,False
9103,yolo26,sam2_unet,yolo26 - sam2_unet,postprocessed,centroid_distance,segmentation_postprocessed_centroid_distance,30,252,233,18,0.5397291989530575,-1.1655046701597227,2.250621903262783,bca,0.8909329189716655,5000,0.5646870625874825,5000,1.0,False
9103,yolo26,sam2_unet,yolo26 - sam2_unet,raw,dice,segmentation_raw_dice,30,252,252,18,-0.05584984053602236,-0.13249076759301595,-0.007453501075869673,bca,0.03076699951708351,5000,0.11717656468706258,5000,1.0,False
9103,yolo26,sam2_unet,yolo26 - sam2_unet,raw,iou,segmentation_raw_iou,30,252,252,18,-0.042894386782144994,-0.1202749697358051,0.004245567000791452,bca,0.030069976331299892,5000,0.23615276944611077,5000,1.0,False
9103,yolo26,sam2_unet,yolo26 - sam2_unet,raw,surface_dice,segmentation_raw_surface_dice,30,252,252,18,-0.005370534024822432,-0.04433174529189391,0.038623353436778904,bca,0.021465059824506454,5000,0.8086382723455309,5000,1.0,False
9103,yolo26,sam2_unet,yolo26 - sam2_unet,raw,hausdorff95,segmentation_raw_hausdorff95,30,252,233,18,-4.274223797504696,-35.30861647621201,12.860137247139253,bca,11.80364979703807,5000,0.5998800239952009,5000,1.0,False
9103,yolo26,sam2_unet,yolo26 - sam2_unet,raw,average_symmetric_surface_distance,segmentation_raw_average_symmetric_surface_distance,30,252,233,18,-0.1888002940582023,-3.6216951793796297,3.3116905651739477,bca,1.7494570042362996,5000,0.8568286342731454,5000,1.0,False
9103,yolo26,sam2_unet,yolo26 - sam2_unet,raw,centroid_distance,segmentation_raw_centroid_distance,30,252,233,18,1.0914425196555797,-1.5102319854374284,5.20362218476535,bca,1.6290678708264759,5000,0.5812837432513497,5000,1.0,False
9103,vit_method2,emcad,vit_method2 - emcad,postprocessed,dice,segmentation_postprocessed_dice,30,252,252,18,0.012441188064557362,-0.02898046043724029,0.08136377469788107,bca,0.026742085626699247,5000,0.6768646270745851,5000,1.0,False
9103,vit_method2,emcad,vit_method2 - emcad,postprocessed,iou,segmentation_postprocessed_iou,30,252,252,18,-0.0024178558942594608,-0.05301300465571834,0.05963935850861821,bca,0.028188983681968878,5000,0.9134173165366927,5000,1.0,False
9103,vit_method2,emcad,vit_method2 - emcad,postprocessed,surface_dice,segmentation_postprocessed_surface_dice,30,252,252,18,-0.049608723242737136,-0.08966581564174461,-0.012335798496431453,bca,0.019485043756157682,5000,0.032993401319736056,5000,0.3959208158368327,False
9103,vit_method2,emcad,vit_method2 - emcad,postprocessed,hausdorff95,segmentation_postprocessed_hausdorff95,30,252,237,18,2.701302759325874,-0.6440083409308138,9.27944322225936,bca,2.2768177658453634,5000,0.34453109378124375,5000,1.0,False
9103,vit_method2,emcad,vit_method2 - emcad,postprocessed,average_symmetric_surface_distance,segmentation_postprocessed_average_symmetric_surface_distance,30,252,237,18,1.4174602801980007,0.33121050813388514,3.1710200283855197,bca,0.6860291087798323,5000,0.05858828234353129,5000,0.7616476704659068,False
9103,vit_method2,emcad,vit_method2 - emcad,postprocessed,centroid_distance,segmentation_postprocessed_centroid_distance,30,252,237,18,1.5278548026930074,-0.5621900931793506,5.276757881826102,bca,1.399674830016065,5000,0.33653269346130776,5000,1.0,False
9103,vit_method2,emcad,vit_method2 - emcad,raw,dice,segmentation_raw_dice,30,252,252,18,0.01158434209083432,-0.03018902117750828,0.06529444848572465,bca,0.02391910811748716,5000,0.6422715456908619,5000,1.0,False
9103,vit_method2,emcad,vit_method2 - emcad,raw,iou,segmentation_raw_iou,30,252,252,18,-0.0020134100256938136,-0.053697035374286384,0.0473416936349258,bca,0.025505008056228108,5000,0.9258148370325935,5000,1.0,False
9103,vit_method2,emcad,vit_method2 - emcad,raw,surface_dice,segmentation_raw_surface_dice,30,252,252,18,-0.04777903148423776,-0.08278667962915437,-0.010648529756504193,bca,0.018551402289510042,5000,0.03419316136772645,5000,0.4103179364127174,False
9103,vit_method2,emcad,vit_method2 - emcad,raw,hausdorff95,segmentation_raw_hausdorff95,30,252,247,18,-12.011616410075229,-43.31982787160372,-0.2886091574514576,bca,9.156569308010567,5000,0.2927414517096581,5000,1.0,False
9103,vit_method2,emcad,vit_method2 - emcad,raw,average_symmetric_surface_distance,segmentation_raw_average_symmetric_surface_distance,30,252,247,18,-1.0397909394357028,-4.1850764348026415,0.9272646199318202,bca,1.255215500676205,5000,0.4615076984603079,5000,1.0,False
9103,vit_method2,emcad,vit_method2 - emcad,raw,centroid_distance,segmentation_raw_centroid_distance,30,252,247,18,0.6957780387049424,-1.0933390648820682,4.5614271468993515,bca,1.2780140987136053,5000,0.6892621475704859,5000,1.0,False
9103,vit_method2,sam2_unet,vit_method2 - sam2_unet,postprocessed,dice,segmentation_postprocessed_dice,30,252,252,18,-0.05792186771067452,-0.14009546706344708,-0.0259435240805114,bca,0.024595296572344258,5000,0.001999600079984003,5000,0.04399120175964807,True
9103,vit_method2,sam2_unet,vit_method2 - sam2_unet,postprocessed,iou,segmentation_postprocessed_iou,30,252,252,18,-0.07166700304311485,-0.1582687051296942,-0.03705601423827894,bca,0.026179266371174528,5000,0.001999600079984003,5000,0.041991601679664065,True
9103,vit_method2,sam2_unet,vit_method2 - sam2_unet,postprocessed,surface_dice,segmentation_postprocessed_surface_dice,30,252,252,18,-0.09872752823059781,-0.13624694163536122,-0.061606625681234796,bca,0.018911681968200474,5000,0.0005998800239952009,5000,0.011997600479904018,True
9103,vit_method2,sam2_unet,vit_method2 - sam2_unet,postprocessed,hausdorff95,segmentation_postprocessed_hausdorff95,30,252,249,18,3.3602520899552264,-0.11809275813484683,12.05004142162403,bca,2.686570955374898,5000,0.27914417116576684,5000,1.0,False
9103,vit_method2,sam2_unet,vit_method2 - sam2_unet,postprocessed,average_symmetric_surface_distance,segmentation_postprocessed_average_symmetric_surface_distance,30,252,249,18,2.4020796863480083,1.218697617577103,5.113432335226246,bca,0.8822644774443373,5000,0.001999600079984003,5000,0.04399120175964807,True
9103,vit_method2,sam2_unet,vit_method2 - sam2_unet,postprocessed,centroid_distance,segmentation_postprocessed_centroid_distance,30,252,249,18,2.6985959720554966,0.8614130881792393,6.220013205592213,bca,1.2554075483420724,5000,0.01919616076784643,5000,0.5182963407318536,False
9103,vit_method2,sam2_unet,vit_method2 - sam2_unet,raw,dice,segmentation_raw_dice,30,252,252,18,-0.05159254261754324,-0.11439791649664934,-0.024536411471715425,bca,0.02018712547045356,5000,0.0027994401119776045,5000,0.05318936212757448,False
9103,vit_method2,sam2_unet,vit_method2 - sam2_unet,raw,iou,segmentation_raw_iou,30,252,252,18,-0.06689364381780133,-0.13393549737916816,-0.0329470620347878,bca,0.023850990925985055,5000,0.001799640071985603,5000,0.035992801439712056,True
9103,vit_method2,sam2_unet,vit_method2 - sam2_unet,raw,surface_dice,segmentation_raw_surface_dice,30,252,252,18,-0.09708359392570538,-0.1344000478161931,-0.059188654774598934,bca,0.01898570705788412,5000,0.0003999200159968006,5000,0.008398320335932814,True
9103,vit_method2,sam2_unet,vit_method2 - sam2_unet,raw,hausdorff95,segmentation_raw_hausdorff95,30,252,252,18,-6.040314045281602,-37.836046706386206,5.260012208981547,bca,9.437581517833866,5000,0.8570285942811438,5000,1.0,False
9103,vit_method2,sam2_unet,vit_method2 - sam2_unet,raw,average_symmetric_surface_distance,segmentation_raw_average_symmetric_surface_distance,30,252,252,18,1.387949102204054,-1.3215048331326888,3.6678384230685563,bca,1.2619508129153265,5000,0.36472705458908217,5000,1.0,False
9103,vit_method2,sam2_unet,vit_method2 - sam2_unet,raw,centroid_distance,segmentation_raw_centroid_distance,30,252,252,18,2.104306654993007,0.06059789358156938,5.751289975034986,bca,1.3497102079624912,5000,0.14417116576684663,5000,1.0,False
9103,emcad,sam2_unet,emcad - sam2_unet,postprocessed,dice,segmentation_postprocessed_dice,30,252,252,18,-0.07036305577523187,-0.1504597715780243,-0.022946868106249428,bca,0.030930578007255422,5000,0.02539492101579684,5000,0.45710857828434315,False
9103,emcad,sam2_unet,emcad - sam2_unet,postprocessed,iou,segmentation_postprocessed_iou,30,252,252,18,-0.06924914714885538,-0.14076390010970793,-0.018354579538935704,bca,0.030157209350620873,5000,0.03779244151169766,5000,0.6424715056988602,False
9103,emcad,sam2_unet,emcad - sam2_unet,postprocessed,surface_dice,segmentation_postprocessed_surface_dice,30,252,252,18,-0.049118804987860684,-0.08940668650552383,-0.006574207196175277,bca,0.02111348120225848,5000,0.042191561687662464,5000,0.4641071785642871,False
9103,emcad,sam2_unet,emcad - sam2_unet,postprocessed,hausdorff95,segmentation_postprocessed_hausdorff95,30,252,237,18,0.73865654675185,-2.682758488867908,4.46710468333973,bca,1.8199192365653325,5000,0.6986602679464107,5000,1.0,False
9103,emcad,sam2_unet,emcad - sam2_unet,postprocessed,average_symmetric_surface_distance,segmentation_postprocessed_average_symmetric_surface_distance,30,252,237,18,0.8886832176818618,-0.44094354447003997,2.336180192761688,bca,0.718320344618459,5000,0.2461507698460308,5000,1.0,False
9103,emcad,sam2_unet,emcad - sam2_unet,postprocessed,centroid_distance,segmentation_postprocessed_centroid_distance,30,252,237,18,1.202778088858517,-0.9933170036564708,2.9760719911103477,bca,1.007828835592206,5000,0.2673465306938612,5000,1.0,False
9103,emcad,sam2_unet,emcad - sam2_unet,raw,dice,segmentation_raw_dice,30,252,252,18,-0.06317688470837755,-0.13801088789106128,-0.01831361427711768,bca,0.0291018730822934,5000,0.032993401319736056,5000,0.5278944211157769,False
9103,emcad,sam2_unet,emcad - sam2_unet,raw,iou,segmentation_raw_iou,30,252,252,18,-0.06488023379210751,-0.137095928722278,-0.017268597141789993,bca,0.029385146874889256,5000,0.03659268146370726,5000,0.5854829034193162,False
9103,emcad,sam2_unet,emcad - sam2_unet,raw,surface_dice,segmentation_raw_surface_dice,30,252,252,18,-0.04930456244146762,-0.08924374657574068,-0.007086380517596552,bca,0.020714017204898117,5000,0.03739252149570086,5000,0.4103179364127174,False
9103,emcad,sam2_unet,emcad - sam2_unet,raw,hausdorff95,segmentation_raw_hausdorff95,30,252,247,18,6.188026791155786,-24.29182516653008,32.09293199088319,bca,13.871185971851492,5000,0.5568886222755449,5000,1.0,False
9103,emcad,sam2_unet,emcad - sam2_unet,raw,average_symmetric_surface_distance,segmentation_raw_average_symmetric_surface_distance,30,252,247,18,2.430088158205554,-1.2151823468291318,5.6496639915097875,bca,1.7173927325423233,5000,0.19636072785442912,5000,1.0,False
9103,emcad,sam2_unet,emcad - sam2_unet,raw,centroid_distance,segmentation_raw_centroid_distance,30,252,247,18,1.424850345852155,-1.460401011156501,4.006717282957063,bca,1.3898121962375827,5000,0.33833233353329334,5000,1.0,False
