task,model,seed,class,n_intended,n_evaluable,n_positive,n_negative,auroc,average_precision
binary,yolo26,17,Abnormal,36,35,15,20,0.8833333333333333,0.895182884748102
binary,yolo26,42,Abnormal,36,36,16,20,0.94375,0.9546506734006734
binary,yolo26,2026,Abnormal,36,30,13,17,0.8778280542986425,0.9201139601139599
binary,yolo26,3407,Abnormal,36,34,14,20,0.825,0.8595360122453719
binary,yolo26,9103,Abnormal,36,34,14,20,0.9821428571428571,0.9778711484593836
binary,vit_method2,17,Abnormal,36,36,16,20,0.853125,0.8870542834358623
binary,vit_method2,42,Abnormal,36,35,15,20,0.92,0.947089947089947
binary,vit_method2,2026,Abnormal,36,35,15,20,0.8600000000000001,0.8465290677674577
binary,vit_method2,3407,Abnormal,36,35,15,20,0.79,0.8041688503067812
binary,vit_method2,9103,Abnormal,36,36,16,20,0.925,0.9060722263847263
binary,emcad,17,Abnormal,36,36,16,20,0.890625,0.9152841733894957
binary,emcad,42,Abnormal,36,36,16,20,0.8406250000000001,0.8894180778371955
binary,emcad,2026,Abnormal,36,34,16,18,0.9409722222222222,0.9588248638838476
binary,emcad,3407,Abnormal,36,35,15,20,0.79,0.8302591044545067
binary,emcad,9103,Abnormal,36,34,14,20,0.9464285714285714,0.9591836734693877
binary,sam2_unet,17,Abnormal,36,36,16,20,0.89375,0.9128646821631878
binary,sam2_unet,42,Abnormal,36,36,16,20,0.909375,0.9193420242493133
binary,sam2_unet,2026,Abnormal,36,36,16,20,0.9781249999999999,0.9790482954545454
binary,sam2_unet,3407,Abnormal,36,36,16,20,0.8625,0.8844207875457876
binary,sam2_unet,9103,Abnormal,36,36,16,20,0.95,0.957427536231884
threeclass,yolo26,17,Normal,18,17,10,7,0.9,0.932651515151515
threeclass,yolo26,42,Normal,18,18,10,8,0.825,0.7636435786435787
threeclass,yolo26,2026,Normal,18,13,8,5,0.9,0.9317956349206349
threeclass,yolo26,3407,Normal,18,16,10,6,0.9,0.9451515151515152
threeclass,yolo26,9103,Normal,18,16,10,6,0.9333333333333333,0.9572979797979797
threeclass,yolo26,17,Papilledema,18,17,3,14,0.7142857142857143,0.34444444444444444
threeclass,yolo26,42,Papilledema,18,18,4,14,0.14285714285714285,0.16663748832866482
threeclass,yolo26,2026,Papilledema,18,13,2,11,0.8636363636363635,0.5
threeclass,yolo26,3407,Papilledema,18,16,3,13,0.8205128205128205,0.5138888888888888
threeclass,yolo26,9103,Papilledema,18,16,3,13,0.8717948717948717,0.5555555555555556
threeclass,yolo26,17,Pseudopapilledema,18,17,4,13,0.6346153846153846,0.33958333333333335
threeclass,yolo26,42,Pseudopapilledema,18,18,4,14,0.5357142857142857,0.33888888888888885
threeclass,yolo26,2026,Pseudopapilledema,18,13,3,10,0.7,0.40277777777777773
threeclass,yolo26,3407,Pseudopapilledema,18,16,3,13,0.5897435897435898,0.2619047619047619
threeclass,yolo26,9103,Pseudopapilledema,18,16,3,13,0.7435897435897436,0.5909090909090908
threeclass,vit_method2,17,Normal,18,18,10,8,0.8625,0.8812626262626262
threeclass,vit_method2,42,Normal,18,17,10,7,0.9571428571428572,0.9697979797979798
threeclass,vit_method2,2026,Normal,18,17,10,7,0.6714285714285715,0.7757242757242756
threeclass,vit_method2,3407,Normal,18,17,10,7,0.8428571428571429,0.8566991341991342
threeclass,vit_method2,9103,Normal,18,18,10,8,0.975,0.9809090909090908
threeclass,vit_method2,17,Papilledema,18,18,4,14,0.8214285714285714,0.6875
threeclass,vit_method2,42,Papilledema,18,17,4,13,0.8653846153846153,0.6845238095238095
threeclass,vit_method2,2026,Papilledema,18,17,4,13,0.7307692307692308,0.6007326007326007
threeclass,vit_method2,3407,Papilledema,18,17,3,14,0.7380952380952381,0.33730158730158727
threeclass,vit_method2,9103,Papilledema,18,18,4,14,0.8035714285714285,0.69375
threeclass,vit_method2,17,Pseudopapilledema,18,18,4,14,0.75,0.6785714285714286
threeclass,vit_method2,42,Pseudopapilledema,18,17,3,14,0.6428571428571429,0.2785714285714286
threeclass,vit_method2,2026,Pseudopapilledema,18,17,3,14,0.4047619047619047,0.19345238095238093
threeclass,vit_method2,3407,Pseudopapilledema,18,17,4,13,0.4423076923076923,0.24734848484848482
threeclass,vit_method2,9103,Pseudopapilledema,18,18,4,14,0.8035714285714286,0.4511904761904762
threeclass,emcad,17,Normal,18,18,10,8,0.9,0.9183658008658008
threeclass,emcad,42,Normal,18,18,10,8,0.8875,0.9016991341991341
threeclass,emcad,2026,Normal,18,16,8,8,0.890625,0.8338789682539682
threeclass,emcad,3407,Normal,18,17,10,7,0.8,0.8243578643578643
threeclass,emcad,9103,Normal,18,16,10,6,0.9166666666666667,0.9430122655122655
threeclass,emcad,17,Papilledema,18,18,4,14,0.7857142857142857,0.4444444444444444
threeclass,emcad,42,Papilledema,18,18,4,14,0.9285714285714286,0.8166666666666667
threeclass,emcad,2026,Papilledema,18,16,4,12,0.7916666666666667,0.5
threeclass,emcad,3407,Papilledema,18,17,4,13,0.846153846153846,0.5428571428571429
threeclass,emcad,9103,Papilledema,18,16,2,14,0.6071428571428572,0.225
threeclass,emcad,17,Pseudopapilledema,18,18,4,14,0.5714285714285714,0.29775641025641025
threeclass,emcad,42,Pseudopapilledema,18,18,4,14,0.625,0.3547619047619048
threeclass,emcad,2026,Pseudopapilledema,18,16,4,12,0.7083333333333333,0.613095238095238
threeclass,emcad,3407,Pseudopapilledema,18,17,3,14,0.35714285714285715,0.18461538461538463
threeclass,emcad,9103,Pseudopapilledema,18,16,4,12,0.9375,0.8041666666666667
threeclass,sam2_unet,17,Normal,18,18,10,8,0.8625,0.8719769119769119
threeclass,sam2_unet,42,Normal,18,18,10,8,0.8875,0.9086435786435786
threeclass,sam2_unet,2026,Normal,18,18,10,8,0.9375,0.9430122655122655
threeclass,sam2_unet,3407,Normal,18,18,10,8,0.8125,0.811024531024531
threeclass,sam2_unet,9103,Normal,18,18,10,8,0.95,0.9572979797979797
threeclass,sam2_unet,17,Papilledema,18,18,4,14,0.7857142857142856,0.475
threeclass,sam2_unet,42,Papilledema,18,18,4,14,0.9107142857142858,0.7333333333333333
threeclass,sam2_unet,2026,Papilledema,18,18,4,14,0.8928571428571428,0.7678571428571428
threeclass,sam2_unet,3407,Papilledema,18,18,4,14,0.8392857142857143,0.5178571428571428
threeclass,sam2_unet,9103,Papilledema,18,18,4,14,0.6964285714285714,0.3988095238095238
threeclass,sam2_unet,17,Pseudopapilledema,18,18,4,14,0.6964285714285714,0.44166666666666665
threeclass,sam2_unet,42,Pseudopapilledema,18,18,4,14,0.6607142857142857,0.3492424242424243
threeclass,sam2_unet,2026,Pseudopapilledema,18,18,4,14,0.6785714285714286,0.3673992673992674
threeclass,sam2_unet,3407,Pseudopapilledema,18,18,4,14,0.5357142857142857,0.30769230769230765
threeclass,sam2_unet,9103,Pseudopapilledema,18,18,4,14,0.75,0.3986111111111111
