model,seed,classifier_strategy,class_label,class_name,n_intended,n_evaluable,coverage,failure_aware_recall,conditional_recall,precision,f1,ovr_auroc,ovr_average_precision
yolo26,17,model_specific,0,normal,10,10,1.0,1.0,1.0,0.8333333333333334,0.9090909090909091,0.9,0.932651515151515
yolo26,17,model_specific,1,papilledema,4,3,0.75,0.5,0.6666666666666666,0.4,0.4444444444444444,0.7142857142857143,0.34444444444444444
yolo26,17,model_specific,2,pseudopapilledema,4,4,1.0,0.0,0.0,0.0,0.0,0.6346153846153846,0.33958333333333335
yolo26,17,standardized_resnet18,0,normal,10,10,1.0,0.8,0.8,0.8,0.8,0.9285714285714286,0.9540404040404039
yolo26,17,standardized_resnet18,1,papilledema,4,3,0.75,0.25,0.3333333333333333,0.3333333333333333,0.2857142857142857,0.6904761904761905,0.5166666666666666
yolo26,17,standardized_resnet18,2,pseudopapilledema,4,4,1.0,0.75,0.75,0.75,0.75,0.9038461538461539,0.6458333333333333
yolo26,42,model_specific,0,normal,10,10,1.0,1.0,1.0,0.8333333333333334,0.9090909090909091,0.825,0.7636435786435787
yolo26,42,model_specific,1,papilledema,4,4,1.0,0.0,0.0,0.0,0.0,0.14285714285714285,0.16663748832866482
yolo26,42,model_specific,2,pseudopapilledema,4,4,1.0,0.5,0.5,0.3333333333333333,0.4,0.5357142857142857,0.33888888888888885
yolo26,42,standardized_resnet18,0,normal,10,10,1.0,1.0,1.0,0.9090909090909091,0.9523809523809523,0.925,0.9263455988455987
yolo26,42,standardized_resnet18,1,papilledema,4,4,1.0,1.0,1.0,0.8,0.8888888888888888,0.9285714285714286,0.6791666666666667
yolo26,42,standardized_resnet18,2,pseudopapilledema,4,4,1.0,0.5,0.5,1.0,0.6666666666666666,0.7321428571428571,0.6651785714285714
yolo26,2026,model_specific,0,normal,10,8,0.8,0.8,1.0,0.8888888888888888,0.8421052631578947,0.9,0.9317956349206349
yolo26,2026,model_specific,1,papilledema,4,2,0.5,0.0,0.0,0.0,0.0,0.8636363636363635,0.5
yolo26,2026,model_specific,2,pseudopapilledema,4,3,0.75,0.5,0.6666666666666666,0.5,0.5,0.7,0.40277777777777773
yolo26,2026,standardized_resnet18,0,normal,10,8,0.8,0.8,1.0,0.8888888888888888,0.8421052631578947,0.8500000000000001,0.8755456349206349
yolo26,2026,standardized_resnet18,1,papilledema,4,2,0.5,0.25,0.5,0.5,0.3333333333333333,0.9090909090909091,0.5833333333333333
yolo26,2026,standardized_resnet18,2,pseudopapilledema,4,3,0.75,0.25,0.3333333333333333,0.5,0.3333333333333333,0.5666666666666667,0.5435897435897437
yolo26,3407,model_specific,0,normal,10,10,1.0,1.0,1.0,0.8333333333333334,0.9090909090909091,0.9,0.9451515151515152
yolo26,3407,model_specific,1,papilledema,4,3,0.75,0.0,0.0,0.0,0.0,0.8205128205128205,0.5138888888888888
yolo26,3407,model_specific,2,pseudopapilledema,4,3,0.75,0.0,0.0,0.0,0.0,0.5897435897435898,0.2619047619047619
yolo26,3407,standardized_resnet18,0,normal,10,10,1.0,0.9,0.9,0.8181818181818182,0.8571428571428571,0.8333333333333334,0.8979292929292929
yolo26,3407,standardized_resnet18,1,papilledema,4,3,0.75,0.0,0.0,0.0,0.0,0.5128205128205128,0.23164983164983166
yolo26,3407,standardized_resnet18,2,pseudopapilledema,4,3,0.75,0.25,0.3333333333333333,0.25,0.25,0.6666666666666666,0.3833333333333333
yolo26,9103,model_specific,0,normal,10,10,1.0,1.0,1.0,0.9090909090909091,0.9523809523809523,0.9333333333333333,0.9572979797979797
yolo26,9103,model_specific,1,papilledema,4,3,0.75,0.5,0.6666666666666666,0.5,0.5,0.8717948717948717,0.5555555555555556
yolo26,9103,model_specific,2,pseudopapilledema,4,3,0.75,0.25,0.3333333333333333,1.0,0.4,0.7435897435897436,0.5909090909090908
yolo26,9103,standardized_resnet18,0,normal,10,10,1.0,1.0,1.0,0.9090909090909091,0.9523809523809523,0.9333333333333333,0.9572979797979797
yolo26,9103,standardized_resnet18,1,papilledema,4,3,0.75,0.5,0.6666666666666666,0.4,0.4444444444444444,0.717948717948718,0.4722222222222222
yolo26,9103,standardized_resnet18,2,pseudopapilledema,4,3,0.75,0.0,0.0,0.0,0.0,0.7435897435897436,0.5555555555555556
vit_method2,17,model_specific,0,normal,10,10,1.0,1.0,1.0,0.8333333333333334,0.9090909090909091,0.8625,0.8812626262626262
vit_method2,17,model_specific,1,papilledema,4,4,1.0,0.75,0.75,0.6,0.6666666666666666,0.8214285714285714,0.6875
vit_method2,17,model_specific,2,pseudopapilledema,4,4,1.0,0.25,0.25,1.0,0.4,0.75,0.6785714285714286
vit_method2,17,standardized_resnet18,0,normal,10,10,1.0,0.8,0.8,0.8,0.8,0.9,0.9229292929292929
vit_method2,17,standardized_resnet18,1,papilledema,4,4,1.0,0.5,0.5,0.6666666666666666,0.5714285714285714,0.7678571428571428,0.5
vit_method2,17,standardized_resnet18,2,pseudopapilledema,4,4,1.0,0.5,0.5,0.4,0.4444444444444444,0.625,0.375
vit_method2,42,model_specific,0,normal,10,10,1.0,0.9,0.9,0.9,0.9,0.9571428571428572,0.9697979797979798
vit_method2,42,model_specific,1,papilledema,4,4,1.0,0.25,0.25,0.3333333333333333,0.2857142857142857,0.8653846153846153,0.6845238095238095
vit_method2,42,model_specific,2,pseudopapilledema,4,3,0.75,0.25,0.3333333333333333,0.25,0.25,0.6428571428571429,0.2785714285714286
vit_method2,42,standardized_resnet18,0,normal,10,10,1.0,0.9,0.9,0.8181818181818182,0.8571428571428571,0.8857142857142857,0.8987698412698412
vit_method2,42,standardized_resnet18,1,papilledema,4,4,1.0,0.5,0.5,0.6666666666666666,0.5714285714285714,0.9423076923076923,0.8541666666666666
vit_method2,42,standardized_resnet18,2,pseudopapilledema,4,3,0.75,0.25,0.3333333333333333,0.3333333333333333,0.2857142857142857,0.738095238095238,0.38888888888888884
vit_method2,2026,model_specific,0,normal,10,10,1.0,0.1,0.1,1.0,0.18181818181818182,0.6714285714285715,0.7757242757242756
vit_method2,2026,model_specific,1,papilledema,4,4,1.0,0.5,0.5,0.6666666666666666,0.5714285714285714,0.7307692307692308,0.6007326007326007
vit_method2,2026,model_specific,2,pseudopapilledema,4,3,0.75,0.5,0.6666666666666666,0.15384615384615385,0.23529411764705882,0.4047619047619047,0.19345238095238093
vit_method2,2026,standardized_resnet18,0,normal,10,10,1.0,1.0,1.0,0.9090909090909091,0.9523809523809523,1.0,0.9999999999999999
vit_method2,2026,standardized_resnet18,1,papilledema,4,4,1.0,1.0,1.0,0.8,0.8888888888888888,0.9807692307692308,0.95
vit_method2,2026,standardized_resnet18,2,pseudopapilledema,4,3,0.75,0.25,0.3333333333333333,1.0,0.4,0.7380952380952381,0.4722222222222222
vit_method2,3407,model_specific,0,normal,10,10,1.0,0.9,0.9,0.8181818181818182,0.8571428571428571,0.8428571428571429,0.8566991341991342
vit_method2,3407,model_specific,1,papilledema,4,3,0.75,0.0,0.0,0.0,0.0,0.7380952380952381,0.33730158730158727
vit_method2,3407,model_specific,2,pseudopapilledema,4,4,1.0,0.0,0.0,0.0,0.0,0.4423076923076923,0.24734848484848482
vit_method2,3407,standardized_resnet18,0,normal,10,10,1.0,1.0,1.0,0.8333333333333334,0.9090909090909091,0.8428571428571429,0.8322546897546897
vit_method2,3407,standardized_resnet18,1,papilledema,4,3,0.75,0.0,0.0,0.0,0.0,0.619047619047619,0.2619047619047619
vit_method2,3407,standardized_resnet18,2,pseudopapilledema,4,4,1.0,0.25,0.25,0.25,0.25,0.6346153846153845,0.4125
vit_method2,9103,model_specific,0,normal,10,10,1.0,0.8,0.8,0.8888888888888888,0.8421052631578947,0.975,0.9809090909090908
vit_method2,9103,model_specific,1,papilledema,4,4,1.0,0.25,0.25,1.0,0.4,0.8035714285714285,0.69375
vit_method2,9103,model_specific,2,pseudopapilledema,4,4,1.0,1.0,1.0,0.5,0.6666666666666666,0.8035714285714286,0.4511904761904762
vit_method2,9103,standardized_resnet18,0,normal,10,10,1.0,0.9,0.9,0.9,0.9,0.925,0.9263455988455987
vit_method2,9103,standardized_resnet18,1,papilledema,4,4,1.0,0.25,0.25,0.5,0.3333333333333333,0.75,0.5583333333333333
vit_method2,9103,standardized_resnet18,2,pseudopapilledema,4,4,1.0,0.75,0.75,0.5,0.6,0.8571428571428571,0.5595238095238095
emcad,17,model_specific,0,normal,10,10,1.0,0.9,0.9,0.8181818181818182,0.8571428571428571,0.9,0.9183658008658008
emcad,17,model_specific,1,papilledema,4,4,1.0,0.75,0.75,0.5,0.6,0.7857142857142857,0.4444444444444444
emcad,17,model_specific,2,pseudopapilledema,4,4,1.0,0.0,0.0,0.0,0.0,0.5714285714285714,0.29775641025641025
emcad,17,standardized_resnet18,0,normal,10,10,1.0,0.9,0.9,0.8181818181818182,0.8571428571428571,0.9125,0.9187698412698412
emcad,17,standardized_resnet18,1,papilledema,4,4,1.0,0.25,0.25,0.5,0.3333333333333333,0.8392857142857143,0.6950757575757576
emcad,17,standardized_resnet18,2,pseudopapilledema,4,4,1.0,0.5,0.5,0.4,0.4444444444444444,0.75,0.6785714285714286
emcad,42,model_specific,0,normal,10,10,1.0,1.0,1.0,0.8333333333333334,0.9090909090909091,0.8875,0.9016991341991341
emcad,42,model_specific,1,papilledema,4,4,1.0,1.0,1.0,0.6666666666666666,0.8,0.9285714285714286,0.8166666666666667
emcad,42,model_specific,2,pseudopapilledema,4,4,1.0,0.0,0.0,0.0,0.0,0.625,0.3547619047619048
emcad,42,standardized_resnet18,0,normal,10,10,1.0,1.0,1.0,0.9090909090909091,0.9523809523809523,0.9,0.8813455988455987
emcad,42,standardized_resnet18,1,papilledema,4,4,1.0,0.75,0.75,0.6,0.6666666666666666,0.8928571428571429,0.6916666666666667
emcad,42,standardized_resnet18,2,pseudopapilledema,4,4,1.0,0.25,0.25,0.5,0.3333333333333333,0.5714285714285714,0.45535714285714285
emcad,2026,model_specific,0,normal,10,8,0.8,0.8,1.0,0.8888888888888888,0.8421052631578947,0.890625,0.8338789682539682
emcad,2026,model_specific,1,papilledema,4,4,1.0,0.5,0.5,0.5,0.5,0.7916666666666667,0.5
emcad,2026,model_specific,2,pseudopapilledema,4,4,1.0,0.25,0.25,0.3333333333333333,0.2857142857142857,0.7083333333333333,0.613095238095238
emcad,2026,standardized_resnet18,0,normal,10,8,0.8,0.8,1.0,0.8888888888888888,0.8421052631578947,0.9375,0.931795634920635
emcad,2026,standardized_resnet18,1,papilledema,4,4,1.0,1.0,1.0,0.5714285714285714,0.7272727272727273,0.9375,0.8541666666666666
emcad,2026,standardized_resnet18,2,pseudopapilledema,4,4,1.0,0.0,0.0,0.0,0.0,0.7291666666666667,0.5185897435897435
emcad,3407,model_specific,0,normal,10,10,1.0,0.6,0.6,0.75,0.6666666666666666,0.8,0.8243578643578643
emcad,3407,model_specific,1,papilledema,4,4,1.0,0.25,0.25,0.16666666666666666,0.2,0.846153846153846,0.5428571428571429
emcad,3407,model_specific,2,pseudopapilledema,4,3,0.75,0.0,0.0,0.0,0.0,0.35714285714285715,0.18461538461538463
emcad,3407,standardized_resnet18,0,normal,10,10,1.0,0.6,0.6,0.75,0.6666666666666666,0.8428571428571429,0.8812626262626262
emcad,3407,standardized_resnet18,1,papilledema,4,4,1.0,0.5,0.5,0.3333333333333333,0.4,0.5961538461538461,0.33630952380952384
emcad,3407,standardized_resnet18,2,pseudopapilledema,4,3,0.75,0.25,0.3333333333333333,0.3333333333333333,0.2857142857142857,0.6190476190476191,0.33882783882783885
emcad,9103,model_specific,0,normal,10,10,1.0,1.0,1.0,0.9090909090909091,0.9523809523809523,0.9166666666666667,0.9430122655122655
emcad,9103,model_specific,1,papilledema,4,2,0.5,0.25,0.5,0.2,0.2222222222222222,0.6071428571428572,0.225
emcad,9103,model_specific,2,pseudopapilledema,4,4,1.0,0.0,0.0,0.0,0.0,0.9375,0.8041666666666667
emcad,9103,standardized_resnet18,0,normal,10,10,1.0,0.9,0.9,0.9,0.9,0.9666666666666667,0.980909090909091
emcad,9103,standardized_resnet18,1,papilledema,4,2,0.5,0.25,0.5,0.2,0.2222222222222222,0.8214285714285714,0.41666666666666663
emcad,9103,standardized_resnet18,2,pseudopapilledema,4,4,1.0,0.0,0.0,0.0,0.0,0.7291666666666667,0.4833333333333333
sam2_unet,17,model_specific,0,normal,10,10,1.0,1.0,1.0,0.8333333333333334,0.9090909090909091,0.8625,0.8719769119769119
sam2_unet,17,model_specific,1,papilledema,4,4,1.0,0.25,0.25,0.5,0.3333333333333333,0.7857142857142856,0.475
sam2_unet,17,model_specific,2,pseudopapilledema,4,4,1.0,0.5,0.5,0.5,0.5,0.6964285714285714,0.44166666666666665
sam2_unet,17,standardized_resnet18,0,normal,10,10,1.0,1.0,1.0,0.8333333333333334,0.9090909090909091,0.875,0.8919769119769119
sam2_unet,17,standardized_resnet18,1,papilledema,4,4,1.0,0.25,0.25,0.5,0.3333333333333333,0.8571428571428572,0.5666666666666667
sam2_unet,17,standardized_resnet18,2,pseudopapilledema,4,4,1.0,0.5,0.5,0.5,0.5,0.6785714285714286,0.5630952380952381
sam2_unet,42,model_specific,0,normal,10,10,1.0,1.0,1.0,0.8333333333333334,0.9090909090909091,0.8875,0.9086435786435786
sam2_unet,42,model_specific,1,papilledema,4,4,1.0,0.25,0.25,1.0,0.4,0.9107142857142858,0.7333333333333333
sam2_unet,42,model_specific,2,pseudopapilledema,4,4,1.0,0.5,0.5,0.4,0.4444444444444444,0.6607142857142857,0.3492424242424243
sam2_unet,42,standardized_resnet18,0,normal,10,10,1.0,1.0,1.0,0.9090909090909091,0.9523809523809523,0.875,0.7980122655122655
sam2_unet,42,standardized_resnet18,1,papilledema,4,4,1.0,0.75,0.75,0.5,0.6,0.9285714285714286,0.7708333333333333
sam2_unet,42,standardized_resnet18,2,pseudopapilledema,4,4,1.0,0.0,0.0,0.0,0.0,0.6607142857142857,0.4125
sam2_unet,2026,model_specific,0,normal,10,10,1.0,0.9,0.9,0.9,0.9,0.9375,0.9430122655122655
sam2_unet,2026,model_specific,1,papilledema,4,4,1.0,0.0,0.0,0.0,0.0,0.8928571428571428,0.7678571428571428
sam2_unet,2026,model_specific,2,pseudopapilledema,4,4,1.0,0.75,0.75,0.375,0.5,0.6785714285714286,0.3673992673992674
sam2_unet,2026,standardized_resnet18,0,normal,10,10,1.0,1.0,1.0,0.9090909090909091,0.9523809523809523,0.95,0.9572979797979797
sam2_unet,2026,standardized_resnet18,1,papilledema,4,4,1.0,0.75,0.75,0.6,0.6666666666666666,0.8571428571428571,0.5428571428571429
sam2_unet,2026,standardized_resnet18,2,pseudopapilledema,4,4,1.0,0.25,0.25,0.5,0.3333333333333333,0.5,0.31805555555555554
sam2_unet,3407,model_specific,0,normal,10,10,1.0,0.9,0.9,0.8181818181818182,0.8571428571428571,0.8125,0.811024531024531
sam2_unet,3407,model_specific,1,papilledema,4,4,1.0,0.0,0.0,0.0,0.0,0.8392857142857143,0.5178571428571428
sam2_unet,3407,model_specific,2,pseudopapilledema,4,4,1.0,0.5,0.5,0.3333333333333333,0.4,0.5357142857142857,0.30769230769230765
sam2_unet,3407,standardized_resnet18,0,normal,10,10,1.0,0.6,0.6,0.75,0.6666666666666666,0.825,0.8298523698523699
sam2_unet,3407,standardized_resnet18,1,papilledema,4,4,1.0,0.0,0.0,0.0,0.0,0.3928571428571429,0.22499999999999998
sam2_unet,3407,standardized_resnet18,2,pseudopapilledema,4,4,1.0,0.5,0.5,0.2857142857142857,0.36363636363636365,0.5535714285714286,0.4583333333333333
sam2_unet,9103,model_specific,0,normal,10,10,1.0,0.9,0.9,0.9,0.9,0.95,0.9572979797979797
sam2_unet,9103,model_specific,1,papilledema,4,4,1.0,0.25,0.25,0.2,0.2222222222222222,0.6964285714285714,0.3988095238095238
sam2_unet,9103,model_specific,2,pseudopapilledema,4,4,1.0,0.0,0.0,0.0,0.0,0.75,0.3986111111111111
sam2_unet,9103,standardized_resnet18,0,normal,10,10,1.0,0.9,0.9,0.9,0.9,0.925,0.9263455988455987
sam2_unet,9103,standardized_resnet18,1,papilledema,4,4,1.0,0.5,0.5,0.5,0.5,0.6071428571428571,0.36090686274509803
sam2_unet,9103,standardized_resnet18,2,pseudopapilledema,4,4,1.0,0.5,0.5,0.5,0.5,0.6785714285714286,0.44358974358974357
