model,seed,classifier_strategy,true_label,predicted_label,count
yolo26,17,model_specific,0,0,10
yolo26,17,model_specific,0,1,0
yolo26,17,model_specific,0,2,0
yolo26,17,model_specific,0,3,0
yolo26,17,model_specific,1,0,1
yolo26,17,model_specific,1,1,2
yolo26,17,model_specific,1,2,0
yolo26,17,model_specific,1,3,1
yolo26,17,model_specific,2,0,1
yolo26,17,model_specific,2,1,3
yolo26,17,model_specific,2,2,0
yolo26,17,model_specific,2,3,0
yolo26,17,standardized_resnet18,0,0,8
yolo26,17,standardized_resnet18,0,1,2
yolo26,17,standardized_resnet18,0,2,0
yolo26,17,standardized_resnet18,0,3,0
yolo26,17,standardized_resnet18,1,0,1
yolo26,17,standardized_resnet18,1,1,1
yolo26,17,standardized_resnet18,1,2,1
yolo26,17,standardized_resnet18,1,3,1
yolo26,17,standardized_resnet18,2,0,1
yolo26,17,standardized_resnet18,2,1,0
yolo26,17,standardized_resnet18,2,2,3
yolo26,17,standardized_resnet18,2,3,0
yolo26,42,model_specific,0,0,10
yolo26,42,model_specific,0,1,0
yolo26,42,model_specific,0,2,0
yolo26,42,model_specific,0,3,0
yolo26,42,model_specific,1,0,0
yolo26,42,model_specific,1,1,0
yolo26,42,model_specific,1,2,4
yolo26,42,model_specific,1,3,0
yolo26,42,model_specific,2,0,2
yolo26,42,model_specific,2,1,0
yolo26,42,model_specific,2,2,2
yolo26,42,model_specific,2,3,0
yolo26,42,standardized_resnet18,0,0,10
yolo26,42,standardized_resnet18,0,1,0
yolo26,42,standardized_resnet18,0,2,0
yolo26,42,standardized_resnet18,0,3,0
yolo26,42,standardized_resnet18,1,0,0
yolo26,42,standardized_resnet18,1,1,4
yolo26,42,standardized_resnet18,1,2,0
yolo26,42,standardized_resnet18,1,3,0
yolo26,42,standardized_resnet18,2,0,1
yolo26,42,standardized_resnet18,2,1,1
yolo26,42,standardized_resnet18,2,2,2
yolo26,42,standardized_resnet18,2,3,0
yolo26,2026,model_specific,0,0,8
yolo26,2026,model_specific,0,1,0
yolo26,2026,model_specific,0,2,0
yolo26,2026,model_specific,0,3,2
yolo26,2026,model_specific,1,0,0
yolo26,2026,model_specific,1,1,0
yolo26,2026,model_specific,1,2,2
yolo26,2026,model_specific,1,3,2
yolo26,2026,model_specific,2,0,1
yolo26,2026,model_specific,2,1,0
yolo26,2026,model_specific,2,2,2
yolo26,2026,model_specific,2,3,1
yolo26,2026,standardized_resnet18,0,0,8
yolo26,2026,standardized_resnet18,0,1,0
yolo26,2026,standardized_resnet18,0,2,0
yolo26,2026,standardized_resnet18,0,3,2
yolo26,2026,standardized_resnet18,1,0,0
yolo26,2026,standardized_resnet18,1,1,1
yolo26,2026,standardized_resnet18,1,2,1
yolo26,2026,standardized_resnet18,1,3,2
yolo26,2026,standardized_resnet18,2,0,1
yolo26,2026,standardized_resnet18,2,1,1
yolo26,2026,standardized_resnet18,2,2,1
yolo26,2026,standardized_resnet18,2,3,1
yolo26,3407,model_specific,0,0,10
yolo26,3407,model_specific,0,1,0
yolo26,3407,model_specific,0,2,0
yolo26,3407,model_specific,0,3,0
yolo26,3407,model_specific,1,0,0
yolo26,3407,model_specific,1,1,0
yolo26,3407,model_specific,1,2,3
yolo26,3407,model_specific,1,3,1
yolo26,3407,model_specific,2,0,2
yolo26,3407,model_specific,2,1,1
yolo26,3407,model_specific,2,2,0
yolo26,3407,model_specific,2,3,1
yolo26,3407,standardized_resnet18,0,0,9
yolo26,3407,standardized_resnet18,0,1,1
yolo26,3407,standardized_resnet18,0,2,0
yolo26,3407,standardized_resnet18,0,3,0
yolo26,3407,standardized_resnet18,1,0,0
yolo26,3407,standardized_resnet18,1,1,0
yolo26,3407,standardized_resnet18,1,2,3
yolo26,3407,standardized_resnet18,1,3,1
yolo26,3407,standardized_resnet18,2,0,2
yolo26,3407,standardized_resnet18,2,1,0
yolo26,3407,standardized_resnet18,2,2,1
yolo26,3407,standardized_resnet18,2,3,1
yolo26,9103,model_specific,0,0,10
yolo26,9103,model_specific,0,1,0
yolo26,9103,model_specific,0,2,0
yolo26,9103,model_specific,0,3,0
yolo26,9103,model_specific,1,0,1
yolo26,9103,model_specific,1,1,2
yolo26,9103,model_specific,1,2,0
yolo26,9103,model_specific,1,3,1
yolo26,9103,model_specific,2,0,0
yolo26,9103,model_specific,2,1,2
yolo26,9103,model_specific,2,2,1
yolo26,9103,model_specific,2,3,1
yolo26,9103,standardized_resnet18,0,0,10
yolo26,9103,standardized_resnet18,0,1,0
yolo26,9103,standardized_resnet18,0,2,0
yolo26,9103,standardized_resnet18,0,3,0
yolo26,9103,standardized_resnet18,1,0,1
yolo26,9103,standardized_resnet18,1,1,2
yolo26,9103,standardized_resnet18,1,2,0
yolo26,9103,standardized_resnet18,1,3,1
yolo26,9103,standardized_resnet18,2,0,0
yolo26,9103,standardized_resnet18,2,1,3
yolo26,9103,standardized_resnet18,2,2,0
yolo26,9103,standardized_resnet18,2,3,1
vit_method2,17,model_specific,0,0,10
vit_method2,17,model_specific,0,1,0
vit_method2,17,model_specific,0,2,0
vit_method2,17,model_specific,0,3,0
vit_method2,17,model_specific,1,0,1
vit_method2,17,model_specific,1,1,3
vit_method2,17,model_specific,1,2,0
vit_method2,17,model_specific,1,3,0
vit_method2,17,model_specific,2,0,1
vit_method2,17,model_specific,2,1,2
vit_method2,17,model_specific,2,2,1
vit_method2,17,model_specific,2,3,0
vit_method2,17,standardized_resnet18,0,0,8
vit_method2,17,standardized_resnet18,0,1,0
vit_method2,17,standardized_resnet18,0,2,2
vit_method2,17,standardized_resnet18,0,3,0
vit_method2,17,standardized_resnet18,1,0,1
vit_method2,17,standardized_resnet18,1,1,2
vit_method2,17,standardized_resnet18,1,2,1
vit_method2,17,standardized_resnet18,1,3,0
vit_method2,17,standardized_resnet18,2,0,1
vit_method2,17,standardized_resnet18,2,1,1
vit_method2,17,standardized_resnet18,2,2,2
vit_method2,17,standardized_resnet18,2,3,0
vit_method2,42,model_specific,0,0,9
vit_method2,42,model_specific,0,1,1
vit_method2,42,model_specific,0,2,0
vit_method2,42,model_specific,0,3,0
vit_method2,42,model_specific,1,0,0
vit_method2,42,model_specific,1,1,1
vit_method2,42,model_specific,1,2,3
vit_method2,42,model_specific,1,3,0
vit_method2,42,model_specific,2,0,1
vit_method2,42,model_specific,2,1,1
vit_method2,42,model_specific,2,2,1
vit_method2,42,model_specific,2,3,1
vit_method2,42,standardized_resnet18,0,0,9
vit_method2,42,standardized_resnet18,0,1,1
vit_method2,42,standardized_resnet18,0,2,0
vit_method2,42,standardized_resnet18,0,3,0
vit_method2,42,standardized_resnet18,1,0,0
vit_method2,42,standardized_resnet18,1,1,2
vit_method2,42,standardized_resnet18,1,2,2
vit_method2,42,standardized_resnet18,1,3,0
vit_method2,42,standardized_resnet18,2,0,2
vit_method2,42,standardized_resnet18,2,1,0
vit_method2,42,standardized_resnet18,2,2,1
vit_method2,42,standardized_resnet18,2,3,1
vit_method2,2026,model_specific,0,0,1
vit_method2,2026,model_specific,0,1,0
vit_method2,2026,model_specific,0,2,9
vit_method2,2026,model_specific,0,3,0
vit_method2,2026,model_specific,1,0,0
vit_method2,2026,model_specific,1,1,2
vit_method2,2026,model_specific,1,2,2
vit_method2,2026,model_specific,1,3,0
vit_method2,2026,model_specific,2,0,0
vit_method2,2026,model_specific,2,1,1
vit_method2,2026,model_specific,2,2,2
vit_method2,2026,model_specific,2,3,1
vit_method2,2026,standardized_resnet18,0,0,10
vit_method2,2026,standardized_resnet18,0,1,0
vit_method2,2026,standardized_resnet18,0,2,0
vit_method2,2026,standardized_resnet18,0,3,0
vit_method2,2026,standardized_resnet18,1,0,0
vit_method2,2026,standardized_resnet18,1,1,4
vit_method2,2026,standardized_resnet18,1,2,0
vit_method2,2026,standardized_resnet18,1,3,0
vit_method2,2026,standardized_resnet18,2,0,1
vit_method2,2026,standardized_resnet18,2,1,1
vit_method2,2026,standardized_resnet18,2,2,1
vit_method2,2026,standardized_resnet18,2,3,1
vit_method2,3407,model_specific,0,0,9
vit_method2,3407,model_specific,0,1,1
vit_method2,3407,model_specific,0,2,0
vit_method2,3407,model_specific,0,3,0
vit_method2,3407,model_specific,1,0,0
vit_method2,3407,model_specific,1,1,0
vit_method2,3407,model_specific,1,2,3
vit_method2,3407,model_specific,1,3,1
vit_method2,3407,model_specific,2,0,2
vit_method2,3407,model_specific,2,1,2
vit_method2,3407,model_specific,2,2,0
vit_method2,3407,model_specific,2,3,0
vit_method2,3407,standardized_resnet18,0,0,10
vit_method2,3407,standardized_resnet18,0,1,0
vit_method2,3407,standardized_resnet18,0,2,0
vit_method2,3407,standardized_resnet18,0,3,0
vit_method2,3407,standardized_resnet18,1,0,0
vit_method2,3407,standardized_resnet18,1,1,0
vit_method2,3407,standardized_resnet18,1,2,3
vit_method2,3407,standardized_resnet18,1,3,1
vit_method2,3407,standardized_resnet18,2,0,2
vit_method2,3407,standardized_resnet18,2,1,1
vit_method2,3407,standardized_resnet18,2,2,1
vit_method2,3407,standardized_resnet18,2,3,0
vit_method2,9103,model_specific,0,0,8
vit_method2,9103,model_specific,0,1,0
vit_method2,9103,model_specific,0,2,2
vit_method2,9103,model_specific,0,3,0
vit_method2,9103,model_specific,1,0,1
vit_method2,9103,model_specific,1,1,1
vit_method2,9103,model_specific,1,2,2
vit_method2,9103,model_specific,1,3,0
vit_method2,9103,model_specific,2,0,0
vit_method2,9103,model_specific,2,1,0
vit_method2,9103,model_specific,2,2,4
vit_method2,9103,model_specific,2,3,0
vit_method2,9103,standardized_resnet18,0,0,9
vit_method2,9103,standardized_resnet18,0,1,0
vit_method2,9103,standardized_resnet18,0,2,1
vit_method2,9103,standardized_resnet18,0,3,0
vit_method2,9103,standardized_resnet18,1,0,1
vit_method2,9103,standardized_resnet18,1,1,1
vit_method2,9103,standardized_resnet18,1,2,2
vit_method2,9103,standardized_resnet18,1,3,0
vit_method2,9103,standardized_resnet18,2,0,0
vit_method2,9103,standardized_resnet18,2,1,1
vit_method2,9103,standardized_resnet18,2,2,3
vit_method2,9103,standardized_resnet18,2,3,0
emcad,17,model_specific,0,0,9
emcad,17,model_specific,0,1,0
emcad,17,model_specific,0,2,1
emcad,17,model_specific,0,3,0
emcad,17,model_specific,1,0,1
emcad,17,model_specific,1,1,3
emcad,17,model_specific,1,2,0
emcad,17,model_specific,1,3,0
emcad,17,model_specific,2,0,1
emcad,17,model_specific,2,1,3
emcad,17,model_specific,2,2,0
emcad,17,model_specific,2,3,0
emcad,17,standardized_resnet18,0,0,9
emcad,17,standardized_resnet18,0,1,0
emcad,17,standardized_resnet18,0,2,1
emcad,17,standardized_resnet18,0,3,0
emcad,17,standardized_resnet18,1,0,1
emcad,17,standardized_resnet18,1,1,1
emcad,17,standardized_resnet18,1,2,2
emcad,17,standardized_resnet18,1,3,0
emcad,17,standardized_resnet18,2,0,1
emcad,17,standardized_resnet18,2,1,1
emcad,17,standardized_resnet18,2,2,2
emcad,17,standardized_resnet18,2,3,0
emcad,42,model_specific,0,0,10
emcad,42,model_specific,0,1,0
emcad,42,model_specific,0,2,0
emcad,42,model_specific,0,3,0
emcad,42,model_specific,1,0,0
emcad,42,model_specific,1,1,4
emcad,42,model_specific,1,2,0
emcad,42,model_specific,1,3,0
emcad,42,model_specific,2,0,2
emcad,42,model_specific,2,1,2
emcad,42,model_specific,2,2,0
emcad,42,model_specific,2,3,0
emcad,42,standardized_resnet18,0,0,10
emcad,42,standardized_resnet18,0,1,0
emcad,42,standardized_resnet18,0,2,0
emcad,42,standardized_resnet18,0,3,0
emcad,42,standardized_resnet18,1,0,0
emcad,42,standardized_resnet18,1,1,3
emcad,42,standardized_resnet18,1,2,1
emcad,42,standardized_resnet18,1,3,0
emcad,42,standardized_resnet18,2,0,1
emcad,42,standardized_resnet18,2,1,2
emcad,42,standardized_resnet18,2,2,1
emcad,42,standardized_resnet18,2,3,0
emcad,2026,model_specific,0,0,8
emcad,2026,model_specific,0,1,0
emcad,2026,model_specific,0,2,0
emcad,2026,model_specific,0,3,2
emcad,2026,model_specific,1,0,0
emcad,2026,model_specific,1,1,2
emcad,2026,model_specific,1,2,2
emcad,2026,model_specific,1,3,0
emcad,2026,model_specific,2,0,1
emcad,2026,model_specific,2,1,2
emcad,2026,model_specific,2,2,1
emcad,2026,model_specific,2,3,0
emcad,2026,standardized_resnet18,0,0,8
emcad,2026,standardized_resnet18,0,1,0
emcad,2026,standardized_resnet18,0,2,0
emcad,2026,standardized_resnet18,0,3,2
emcad,2026,standardized_resnet18,1,0,0
emcad,2026,standardized_resnet18,1,1,4
emcad,2026,standardized_resnet18,1,2,0
emcad,2026,standardized_resnet18,1,3,0
emcad,2026,standardized_resnet18,2,0,1
emcad,2026,standardized_resnet18,2,1,3
emcad,2026,standardized_resnet18,2,2,0
emcad,2026,standardized_resnet18,2,3,0
emcad,3407,model_specific,0,0,6
emcad,3407,model_specific,0,1,4
emcad,3407,model_specific,0,2,0
emcad,3407,model_specific,0,3,0
emcad,3407,model_specific,1,0,0
emcad,3407,model_specific,1,1,1
emcad,3407,model_specific,1,2,3
emcad,3407,model_specific,1,3,0
emcad,3407,model_specific,2,0,2
emcad,3407,model_specific,2,1,1
emcad,3407,model_specific,2,2,0
emcad,3407,model_specific,2,3,1
emcad,3407,standardized_resnet18,0,0,6
emcad,3407,standardized_resnet18,0,1,4
emcad,3407,standardized_resnet18,0,2,0
emcad,3407,standardized_resnet18,0,3,0
emcad,3407,standardized_resnet18,1,0,0
emcad,3407,standardized_resnet18,1,1,2
emcad,3407,standardized_resnet18,1,2,2
emcad,3407,standardized_resnet18,1,3,0
emcad,3407,standardized_resnet18,2,0,2
emcad,3407,standardized_resnet18,2,1,0
emcad,3407,standardized_resnet18,2,2,1
emcad,3407,standardized_resnet18,2,3,1
emcad,9103,model_specific,0,0,10
emcad,9103,model_specific,0,1,0
emcad,9103,model_specific,0,2,0
emcad,9103,model_specific,0,3,0
emcad,9103,model_specific,1,0,1
emcad,9103,model_specific,1,1,1
emcad,9103,model_specific,1,2,0
emcad,9103,model_specific,1,3,2
emcad,9103,model_specific,2,0,0
emcad,9103,model_specific,2,1,4
emcad,9103,model_specific,2,2,0
emcad,9103,model_specific,2,3,0
emcad,9103,standardized_resnet18,0,0,9
emcad,9103,standardized_resnet18,0,1,0
emcad,9103,standardized_resnet18,0,2,1
emcad,9103,standardized_resnet18,0,3,0
emcad,9103,standardized_resnet18,1,0,1
emcad,9103,standardized_resnet18,1,1,1
emcad,9103,standardized_resnet18,1,2,0
emcad,9103,standardized_resnet18,1,3,2
emcad,9103,standardized_resnet18,2,0,0
emcad,9103,standardized_resnet18,2,1,4
emcad,9103,standardized_resnet18,2,2,0
emcad,9103,standardized_resnet18,2,3,0
sam2_unet,17,model_specific,0,0,10
sam2_unet,17,model_specific,0,1,0
sam2_unet,17,model_specific,0,2,0
sam2_unet,17,model_specific,0,3,0
sam2_unet,17,model_specific,1,0,1
sam2_unet,17,model_specific,1,1,1
sam2_unet,17,model_specific,1,2,2
sam2_unet,17,model_specific,1,3,0
sam2_unet,17,model_specific,2,0,1
sam2_unet,17,model_specific,2,1,1
sam2_unet,17,model_specific,2,2,2
sam2_unet,17,model_specific,2,3,0
sam2_unet,17,standardized_resnet18,0,0,10
sam2_unet,17,standardized_resnet18,0,1,0
sam2_unet,17,standardized_resnet18,0,2,0
sam2_unet,17,standardized_resnet18,0,3,0
sam2_unet,17,standardized_resnet18,1,0,1
sam2_unet,17,standardized_resnet18,1,1,1
sam2_unet,17,standardized_resnet18,1,2,2
sam2_unet,17,standardized_resnet18,1,3,0
sam2_unet,17,standardized_resnet18,2,0,1
sam2_unet,17,standardized_resnet18,2,1,1
sam2_unet,17,standardized_resnet18,2,2,2
sam2_unet,17,standardized_resnet18,2,3,0
sam2_unet,42,model_specific,0,0,10
sam2_unet,42,model_specific,0,1,0
sam2_unet,42,model_specific,0,2,0
sam2_unet,42,model_specific,0,3,0
sam2_unet,42,model_specific,1,0,0
sam2_unet,42,model_specific,1,1,1
sam2_unet,42,model_specific,1,2,3
sam2_unet,42,model_specific,1,3,0
sam2_unet,42,model_specific,2,0,2
sam2_unet,42,model_specific,2,1,0
sam2_unet,42,model_specific,2,2,2
sam2_unet,42,model_specific,2,3,0
sam2_unet,42,standardized_resnet18,0,0,10
sam2_unet,42,standardized_resnet18,0,1,0
sam2_unet,42,standardized_resnet18,0,2,0
sam2_unet,42,standardized_resnet18,0,3,0
sam2_unet,42,standardized_resnet18,1,0,0
sam2_unet,42,standardized_resnet18,1,1,3
sam2_unet,42,standardized_resnet18,1,2,1
sam2_unet,42,standardized_resnet18,1,3,0
sam2_unet,42,standardized_resnet18,2,0,1
sam2_unet,42,standardized_resnet18,2,1,3
sam2_unet,42,standardized_resnet18,2,2,0
sam2_unet,42,standardized_resnet18,2,3,0
sam2_unet,2026,model_specific,0,0,9
sam2_unet,2026,model_specific,0,1,0
sam2_unet,2026,model_specific,0,2,1
sam2_unet,2026,model_specific,0,3,0
sam2_unet,2026,model_specific,1,0,0
sam2_unet,2026,model_specific,1,1,0
sam2_unet,2026,model_specific,1,2,4
sam2_unet,2026,model_specific,1,3,0
sam2_unet,2026,model_specific,2,0,1
sam2_unet,2026,model_specific,2,1,0
sam2_unet,2026,model_specific,2,2,3
sam2_unet,2026,model_specific,2,3,0
sam2_unet,2026,standardized_resnet18,0,0,10
sam2_unet,2026,standardized_resnet18,0,1,0
sam2_unet,2026,standardized_resnet18,0,2,0
sam2_unet,2026,standardized_resnet18,0,3,0
sam2_unet,2026,standardized_resnet18,1,0,0
sam2_unet,2026,standardized_resnet18,1,1,3
sam2_unet,2026,standardized_resnet18,1,2,1
sam2_unet,2026,standardized_resnet18,1,3,0
sam2_unet,2026,standardized_resnet18,2,0,1
sam2_unet,2026,standardized_resnet18,2,1,2
sam2_unet,2026,standardized_resnet18,2,2,1
sam2_unet,2026,standardized_resnet18,2,3,0
sam2_unet,3407,model_specific,0,0,9
sam2_unet,3407,model_specific,0,1,1
sam2_unet,3407,model_specific,0,2,0
sam2_unet,3407,model_specific,0,3,0
sam2_unet,3407,model_specific,1,0,0
sam2_unet,3407,model_specific,1,1,0
sam2_unet,3407,model_specific,1,2,4
sam2_unet,3407,model_specific,1,3,0
sam2_unet,3407,model_specific,2,0,2
sam2_unet,3407,model_specific,2,1,0
sam2_unet,3407,model_specific,2,2,2
sam2_unet,3407,model_specific,2,3,0
sam2_unet,3407,standardized_resnet18,0,0,6
sam2_unet,3407,standardized_resnet18,0,1,3
sam2_unet,3407,standardized_resnet18,0,2,1
sam2_unet,3407,standardized_resnet18,0,3,0
sam2_unet,3407,standardized_resnet18,1,0,0
sam2_unet,3407,standardized_resnet18,1,1,0
sam2_unet,3407,standardized_resnet18,1,2,4
sam2_unet,3407,standardized_resnet18,1,3,0
sam2_unet,3407,standardized_resnet18,2,0,2
sam2_unet,3407,standardized_resnet18,2,1,0
sam2_unet,3407,standardized_resnet18,2,2,2
sam2_unet,3407,standardized_resnet18,2,3,0
sam2_unet,9103,model_specific,0,0,9
sam2_unet,9103,model_specific,0,1,0
sam2_unet,9103,model_specific,0,2,1
sam2_unet,9103,model_specific,0,3,0
sam2_unet,9103,model_specific,1,0,1
sam2_unet,9103,model_specific,1,1,1
sam2_unet,9103,model_specific,1,2,2
sam2_unet,9103,model_specific,1,3,0
sam2_unet,9103,model_specific,2,0,0
sam2_unet,9103,model_specific,2,1,4
sam2_unet,9103,model_specific,2,2,0
sam2_unet,9103,model_specific,2,3,0
sam2_unet,9103,standardized_resnet18,0,0,9
sam2_unet,9103,standardized_resnet18,0,1,0
sam2_unet,9103,standardized_resnet18,0,2,1
sam2_unet,9103,standardized_resnet18,0,3,0
sam2_unet,9103,standardized_resnet18,1,0,1
sam2_unet,9103,standardized_resnet18,1,1,2
sam2_unet,9103,standardized_resnet18,1,2,1
sam2_unet,9103,standardized_resnet18,1,3,0
sam2_unet,9103,standardized_resnet18,2,0,0
sam2_unet,9103,standardized_resnet18,2,1,2
sam2_unet,9103,standardized_resnet18,2,2,2
sam2_unet,9103,standardized_resnet18,2,3,0
