seed,left_model,right_model,contrast,metric,difference_left_minus_right,ci_low,ci_high,ci_method,ci_fallback_reason,confidence_level,bootstrap_se,bootstrap_draws,valid_bootstrap_draws,bootstrap_seed,bootstrap_stratified_by_class,paired,resampling_unit,n_paired_patients,n_class_0,n_class_1,n_class_2,p_value_randomization_two_sided,p_value_two_sided,p_value_method,randomization_draws,valid_randomization_draws,randomization_seed,family_id,planned_family_size,analysis_status,exploratory,descriptive,confirmatory,pooled_across_seeds,overlapping_seed_holdouts_not_independent,pair_index_within_seed,p_value_holm,reject_holm_0_05
17,yolo26,vit_method2,yolo26 - vit_method2,patient_failure_aware_balanced_accuracy,-0.16666666666666666,-0.4166666666666667,0.0,bca,,0.95,0.10185078952947133,5000,5000,1410603896,True,True,patient_within_seed,18,10,4,4,0.49610077984403117,0.49610077984403117,whole-patient paired model-label-swap sign-flip Monte Carlo randomization with plus-one correction,5000,5000,1472206367,primary_patient_failure_aware_balanced_accuracy_30_test_holm,30,exploratory_post_hoc_internal,True,False,False,False,True,0,1.0,False
17,yolo26,emcad,yolo26 - emcad,patient_failure_aware_balanced_accuracy,-0.049999999999999996,-0.25,0.06666666666666667,bca,,0.95,0.07924509351283561,5000,5000,108447333,True,True,patient_within_seed,18,10,4,4,1.0,1.0,whole-patient paired model-label-swap sign-flip Monte Carlo randomization with plus-one correction,5000,5000,1290743869,primary_patient_failure_aware_balanced_accuracy_30_test_holm,30,exploratory_post_hoc_internal,True,False,False,False,True,1,1.0,False
17,yolo26,sam2_unet,yolo26 - sam2_unet,patient_failure_aware_balanced_accuracy,-0.08333333333333333,-0.25,0.16666666666666666,bca,,0.95,0.11130892517787484,5000,5000,1888531496,True,True,patient_within_seed,18,10,4,4,1.0,1.0,whole-patient paired model-label-swap sign-flip Monte Carlo randomization with plus-one correction,5000,5000,3600413554,primary_patient_failure_aware_balanced_accuracy_30_test_holm,30,exploratory_post_hoc_internal,True,False,False,False,True,2,1.0,False
17,vit_method2,emcad,vit_method2 - emcad,patient_failure_aware_balanced_accuracy,0.11666666666666665,0.0,0.35000000000000003,bca,,0.95,0.07978785961993697,5000,5000,375275634,True,True,patient_within_seed,18,10,4,4,0.4939012197560488,0.4939012197560488,whole-patient paired model-label-swap sign-flip Monte Carlo randomization with plus-one correction,5000,5000,460472319,primary_patient_failure_aware_balanced_accuracy_30_test_holm,30,exploratory_post_hoc_internal,True,False,False,False,True,3,1.0,False
17,vit_method2,sam2_unet,vit_method2 - sam2_unet,patient_failure_aware_balanced_accuracy,0.08333333333333333,-0.16666666666666666,0.4166666666666667,bca,,0.95,0.15902996326778956,5000,5000,2084649031,True,True,patient_within_seed,18,10,4,4,1.0,1.0,whole-patient paired model-label-swap sign-flip Monte Carlo randomization with plus-one correction,5000,5000,2275774514,primary_patient_failure_aware_balanced_accuracy_30_test_holm,30,exploratory_post_hoc_internal,True,False,False,False,True,4,1.0,False
17,emcad,sam2_unet,emcad - sam2_unet,patient_failure_aware_balanced_accuracy,-0.033333333333333326,-0.26666666666666666,0.21666666666666667,bca,,0.95,0.12335827161101598,5000,5000,2171708122,True,True,patient_within_seed,18,10,4,4,1.0,1.0,whole-patient paired model-label-swap sign-flip Monte Carlo randomization with plus-one correction,5000,5000,2971389483,primary_patient_failure_aware_balanced_accuracy_30_test_holm,30,exploratory_post_hoc_internal,True,False,False,False,True,5,1.0,False
42,yolo26,vit_method2,yolo26 - vit_method2,patient_failure_aware_balanced_accuracy,0.03333333333333333,-0.16666666666666666,0.25,bca,,0.95,0.10616202620756177,5000,5000,3687033316,True,True,patient_within_seed,18,10,4,4,1.0,1.0,whole-patient paired model-label-swap sign-flip Monte Carlo randomization with plus-one correction,5000,5000,976181568,primary_patient_failure_aware_balanced_accuracy_30_test_holm,30,exploratory_post_hoc_internal,True,False,False,False,True,0,1.0,False
42,yolo26,emcad,yolo26 - emcad,patient_failure_aware_balanced_accuracy,-0.16666666666666666,-0.3333333333333333,0.0,bca,,0.95,0.08278202646779406,5000,5000,3921119871,True,True,patient_within_seed,18,10,4,4,0.674865026994601,0.674865026994601,whole-patient paired model-label-swap sign-flip Monte Carlo randomization with plus-one correction,5000,5000,2613580730,primary_patient_failure_aware_balanced_accuracy_30_test_holm,30,exploratory_post_hoc_internal,True,False,False,False,True,1,1.0,False
42,yolo26,sam2_unet,yolo26 - sam2_unet,patient_failure_aware_balanced_accuracy,-0.08333333333333333,-0.25,0.0,bca,,0.95,0.07237679694282344,5000,5000,495606111,True,True,patient_within_seed,18,10,4,4,1.0,1.0,whole-patient paired model-label-swap sign-flip Monte Carlo randomization with plus-one correction,5000,5000,672266863,primary_patient_failure_aware_balanced_accuracy_30_test_holm,30,exploratory_post_hoc_internal,True,False,False,False,True,2,1.0,False
42,vit_method2,emcad,vit_method2 - emcad,patient_failure_aware_balanced_accuracy,-0.19999999999999998,-0.3666666666666667,0.08333333333333333,bca,,0.95,0.10665594393118909,5000,5000,344856129,True,True,patient_within_seed,18,10,4,4,0.383123375324935,0.383123375324935,whole-patient paired model-label-swap sign-flip Monte Carlo randomization with plus-one correction,5000,5000,4153729564,primary_patient_failure_aware_balanced_accuracy_30_test_holm,30,exploratory_post_hoc_internal,True,False,False,False,True,3,1.0,False
42,vit_method2,sam2_unet,vit_method2 - sam2_unet,patient_failure_aware_balanced_accuracy,-0.11666666666666665,-0.35000000000000003,0.0,bca,,0.95,0.07868929950588517,5000,5000,186948566,True,True,patient_within_seed,18,10,4,4,0.4993001399720056,0.4993001399720056,whole-patient paired model-label-swap sign-flip Monte Carlo randomization with plus-one correction,5000,5000,1135835633,primary_patient_failure_aware_balanced_accuracy_30_test_holm,30,exploratory_post_hoc_internal,True,False,False,False,True,4,1.0,False
42,emcad,sam2_unet,emcad - sam2_unet,patient_failure_aware_balanced_accuracy,0.08333333333333333,-0.16666666666666666,0.25,bca,,0.95,0.10999180487394453,5000,5000,1591545213,True,True,patient_within_seed,18,10,4,4,1.0,1.0,whole-patient paired model-label-swap sign-flip Monte Carlo randomization with plus-one correction,5000,5000,2079728176,primary_patient_failure_aware_balanced_accuracy_30_test_holm,30,exploratory_post_hoc_internal,True,False,False,False,True,5,1.0,False
2026,yolo26,vit_method2,yolo26 - vit_method2,patient_failure_aware_balanced_accuracy,0.06666666666666665,-0.26666666666666666,0.3666666666666667,bca,,0.95,0.16183533493995378,5000,5000,1313757729,True,True,patient_within_seed,18,10,4,4,0.7812437512497501,0.7812437512497501,whole-patient paired model-label-swap sign-flip Monte Carlo randomization with plus-one correction,5000,5000,3881963519,primary_patient_failure_aware_balanced_accuracy_30_test_holm,30,exploratory_post_hoc_internal,True,False,False,False,True,0,1.0,False
2026,yolo26,emcad,yolo26 - emcad,patient_failure_aware_balanced_accuracy,-0.08333333333333333,-0.2833333333333334,0.16666666666666666,bca,,0.95,0.11915020944185352,5000,5000,2437486826,True,True,patient_within_seed,18,10,4,4,0.7998400319936013,0.7998400319936013,whole-patient paired model-label-swap sign-flip Monte Carlo randomization with plus-one correction,5000,5000,2677676252,primary_patient_failure_aware_balanced_accuracy_30_test_holm,30,exploratory_post_hoc_internal,True,False,False,False,True,1,1.0,False
2026,yolo26,sam2_unet,yolo26 - sam2_unet,patient_failure_aware_balanced_accuracy,-0.11666666666666665,-0.35000000000000003,0.03333333333333333,bca,,0.95,0.09241748132104824,5000,5000,3340223905,True,True,patient_within_seed,18,10,4,4,0.4993001399720056,0.4993001399720056,whole-patient paired model-label-swap sign-flip Monte Carlo randomization with plus-one correction,5000,5000,4288740477,primary_patient_failure_aware_balanced_accuracy_30_test_holm,30,exploratory_post_hoc_internal,True,False,False,False,True,2,1.0,False
2026,vit_method2,emcad,vit_method2 - emcad,patient_failure_aware_balanced_accuracy,-0.15,-0.26666666666666666,0.08333333333333333,bca,,0.95,0.08707401538121863,5000,5000,3007881439,True,True,patient_within_seed,18,10,4,4,0.242751449710058,0.242751449710058,whole-patient paired model-label-swap sign-flip Monte Carlo randomization with plus-one correction,5000,5000,1184263349,primary_patient_failure_aware_balanced_accuracy_30_test_holm,30,exploratory_post_hoc_internal,True,False,False,False,True,3,1.0,False
2026,vit_method2,sam2_unet,vit_method2 - sam2_unet,patient_failure_aware_balanced_accuracy,-0.18333333333333335,-0.48333333333333334,0.18333333333333335,bca,,0.95,0.16818910918553273,5000,5000,2953472138,True,True,patient_within_seed,18,10,4,4,0.42031593681263746,0.42031593681263746,whole-patient paired model-label-swap sign-flip Monte Carlo randomization with plus-one correction,5000,5000,2770476973,primary_patient_failure_aware_balanced_accuracy_30_test_holm,30,exploratory_post_hoc_internal,True,False,False,False,True,4,1.0,False
2026,emcad,sam2_unet,emcad - sam2_unet,patient_failure_aware_balanced_accuracy,-0.033333333333333326,-0.2833333333333333,0.2333333333333333,bca,,0.95,0.12991482305737012,5000,5000,3792231932,True,True,patient_within_seed,18,10,4,4,1.0,1.0,whole-patient paired model-label-swap sign-flip Monte Carlo randomization with plus-one correction,5000,5000,1021347975,primary_patient_failure_aware_balanced_accuracy_30_test_holm,30,exploratory_post_hoc_internal,True,False,False,False,True,5,1.0,False
3407,yolo26,vit_method2,yolo26 - vit_method2,patient_failure_aware_balanced_accuracy,0.03333333333333333,0.0,0.16666666666666666,bca,,0.95,0.03138457969788678,5000,5000,2766095282,True,True,patient_within_seed,18,10,4,4,1.0,1.0,whole-patient paired model-label-swap sign-flip Monte Carlo randomization with plus-one correction,5000,5000,931713800,primary_patient_failure_aware_balanced_accuracy_30_test_holm,30,exploratory_post_hoc_internal,True,False,False,False,True,0,1.0,False
3407,yolo26,emcad,yolo26 - emcad,patient_failure_aware_balanced_accuracy,0.05000000000000001,-0.16666666666666666,0.19999999999999998,bca,,0.95,0.08844764287667264,5000,5000,1269817549,True,True,patient_within_seed,18,10,4,4,0.7550489902019596,0.7550489902019596,whole-patient paired model-label-swap sign-flip Monte Carlo randomization with plus-one correction,5000,5000,3274707526,primary_patient_failure_aware_balanced_accuracy_30_test_holm,30,exploratory_post_hoc_internal,True,False,False,False,True,1,1.0,False
3407,yolo26,sam2_unet,yolo26 - sam2_unet,patient_failure_aware_balanced_accuracy,-0.13333333333333333,-0.3,0.03333333333333333,bca,,0.95,0.08966706085864123,5000,5000,3851011505,True,True,patient_within_seed,18,10,4,4,0.5052989402119576,0.5052989402119576,whole-patient paired model-label-swap sign-flip Monte Carlo randomization with plus-one correction,5000,5000,1502199531,primary_patient_failure_aware_balanced_accuracy_30_test_holm,30,exploratory_post_hoc_internal,True,False,False,False,True,2,1.0,False
3407,vit_method2,emcad,vit_method2 - emcad,patient_failure_aware_balanced_accuracy,0.016666666666666663,-0.18333333333333335,0.16666666666666666,bca,,0.95,0.08679806508812757,5000,5000,732686459,True,True,patient_within_seed,18,10,4,4,1.0,1.0,whole-patient paired model-label-swap sign-flip Monte Carlo randomization with plus-one correction,5000,5000,329621672,primary_patient_failure_aware_balanced_accuracy_30_test_holm,30,exploratory_post_hoc_internal,True,False,False,False,True,3,1.0,False
3407,vit_method2,sam2_unet,vit_method2 - sam2_unet,patient_failure_aware_balanced_accuracy,-0.16666666666666666,-0.3666666666666667,0.016666666666666663,bca,,0.95,0.09626459939584016,5000,5000,2215665049,True,True,patient_within_seed,18,10,4,4,0.3785242951409718,0.3785242951409718,whole-patient paired model-label-swap sign-flip Monte Carlo randomization with plus-one correction,5000,5000,1991473292,primary_patient_failure_aware_balanced_accuracy_30_test_holm,30,exploratory_post_hoc_internal,True,False,False,False,True,4,1.0,False
3407,emcad,sam2_unet,emcad - sam2_unet,patient_failure_aware_balanced_accuracy,-0.18333333333333335,-0.39999999999999997,0.06666666666666667,bca,,0.95,0.1190011614311014,5000,5000,3658227558,True,True,patient_within_seed,18,10,4,4,0.3203359328134373,0.3203359328134373,whole-patient paired model-label-swap sign-flip Monte Carlo randomization with plus-one correction,5000,5000,3343503677,primary_patient_failure_aware_balanced_accuracy_30_test_holm,30,exploratory_post_hoc_internal,True,False,False,False,True,5,1.0,False
9103,yolo26,vit_method2,yolo26 - vit_method2,patient_failure_aware_balanced_accuracy,-0.09999999999999999,-0.26666666666666666,0.18333333333333335,bca,,0.95,0.11012909346712167,5000,5000,741758957,True,True,patient_within_seed,18,10,4,4,0.6174765046990602,0.6174765046990602,whole-patient paired model-label-swap sign-flip Monte Carlo randomization with plus-one correction,5000,5000,4257019203,primary_patient_failure_aware_balanced_accuracy_30_test_holm,30,exploratory_post_hoc_internal,True,False,False,False,True,0,1.0,False
9103,yolo26,emcad,yolo26 - emcad,patient_failure_aware_balanced_accuracy,0.16666666666666666,0.0,0.4166666666666667,bca,,0.95,0.10064902268465252,5000,5000,1661475297,True,True,patient_within_seed,18,10,4,4,0.4923015396920616,0.4923015396920616,whole-patient paired model-label-swap sign-flip Monte Carlo randomization with plus-one correction,5000,5000,200705117,primary_patient_failure_aware_balanced_accuracy_30_test_holm,30,exploratory_post_hoc_internal,True,False,False,False,True,1,1.0,False
9103,yolo26,sam2_unet,yolo26 - sam2_unet,patient_failure_aware_balanced_accuracy,0.19999999999999998,0.03333333333333333,0.48551533669980623,bca,,0.95,0.10796956308134743,5000,5000,1569382147,True,True,patient_within_seed,18,10,4,4,0.264747050589882,0.264747050589882,whole-patient paired model-label-swap sign-flip Monte Carlo randomization with plus-one correction,5000,5000,2513965217,primary_patient_failure_aware_balanced_accuracy_30_test_holm,30,exploratory_post_hoc_internal,True,False,False,False,True,2,1.0,False
9103,vit_method2,emcad,vit_method2 - emcad,patient_failure_aware_balanced_accuracy,0.26666666666666666,0.16666666666666666,0.3333333333333333,bca,,0.95,0.041728260935045496,5000,5000,2167855708,True,True,patient_within_seed,18,10,4,4,0.13517296540691862,0.13517296540691862,whole-patient paired model-label-swap sign-flip Monte Carlo randomization with plus-one correction,5000,5000,1408982750,primary_patient_failure_aware_balanced_accuracy_30_test_holm,30,exploratory_post_hoc_internal,True,False,False,False,True,3,1.0,False
9103,vit_method2,sam2_unet,vit_method2 - sam2_unet,patient_failure_aware_balanced_accuracy,0.3,0.16666666666666666,0.3333333333333333,bca,,0.95,0.031474316052277226,5000,5000,2279224671,True,True,patient_within_seed,18,10,4,4,0.1231753649270146,0.1231753649270146,whole-patient paired model-label-swap sign-flip Monte Carlo randomization with plus-one correction,5000,5000,814375509,primary_patient_failure_aware_balanced_accuracy_30_test_holm,30,exploratory_post_hoc_internal,True,False,False,False,True,4,1.0,False
9103,emcad,sam2_unet,emcad - sam2_unet,patient_failure_aware_balanced_accuracy,0.03333333333333333,0.0,0.13333333333333333,bca,,0.95,0.03198057285754819,5000,5000,1313454323,True,True,patient_within_seed,18,10,4,4,1.0,1.0,whole-patient paired model-label-swap sign-flip Monte Carlo randomization with plus-one correction,5000,5000,618816889,primary_patient_failure_aware_balanced_accuracy_30_test_holm,30,exploratory_post_hoc_internal,True,False,False,False,True,5,1.0,False
