study_id,model,seed,classifier_strategy,probability_scale,n_intended,n_evaluable,n_abstained,coverage,failure_aware_balanced_accuracy,conditional_balanced_accuracy,accuracy,macro_f1,multiclass_mcc,macro_ovr_auroc,macro_ovr_average_precision,multiclass_nll,multiclass_brier,aurc,localized_rate,localized_diagnostic_success_rate
strict_predicted_roi_threeclass_4model_v1_0_0,yolo26,17,model_specific,raw,18,17,1,0.9444444444444444,0.5,0.5555555555555555,0.6666666666666666,0.4511784511784511,0.44197999993927367,0.7496336996336996,0.5388930976430976,0.8866768678664352,0.5146755100666621,0.21872429041546687,0.9444444444444444,0.6666666666666666
strict_predicted_roi_threeclass_4model_v1_0_0,yolo26,17,model_specific,calibrated,18,17,1,0.9444444444444444,0.5,0.5555555555555555,0.6666666666666666,0.4511784511784511,0.44197999993927367,0.7496336996336996,0.5388930976430976,1.1102992627611463,0.5550102380306415,0.21872429041546687,0.9444444444444444,0.6666666666666666
strict_predicted_roi_threeclass_4model_v1_0_0,yolo26,17,standardized_resnet18,raw,18,17,1,0.9444444444444444,0.6,0.6277777777777778,0.6666666666666666,0.611904761904762,0.45133546692422,0.8489010989010989,0.7094817219817219,0.6869785234488415,0.4216496457976725,0.18189807650591963,0.9444444444444444,0.6666666666666666
strict_predicted_roi_threeclass_4model_v1_0_0,yolo26,17,standardized_resnet18,calibrated,18,17,1,0.9444444444444444,0.6,0.6277777777777778,0.6666666666666666,0.611904761904762,0.45133546692422,0.840964590964591,0.7055134680134678,0.7080301929339978,0.4291463474117977,0.18189807650591963,0.9444444444444444,0.6666666666666666
strict_predicted_roi_threeclass_4model_v1_0_0,yolo26,42,model_specific,raw,18,18,0,1.0,0.5,0.5,0.6666666666666666,0.43636363636363634,0.4330127018922193,0.48154761904761906,0.4219683883654472,1.005572202696956,0.5768618730721958,0.547356637552716,0.9444444444444444,0.6666666666666666
strict_predicted_roi_threeclass_4model_v1_0_0,yolo26,42,model_specific,calibrated,18,18,0,1.0,0.5,0.5,0.6666666666666666,0.43636363636363634,0.4330127018922193,0.5011904761904762,0.4230566519537107,0.9280504596647456,0.5502152433256884,0.5513248915209701,0.9444444444444444,0.6666666666666666
strict_predicted_roi_threeclass_4model_v1_0_0,yolo26,42,standardized_resnet18,raw,18,18,0,1.0,0.8333333333333334,0.8333333333333334,0.8888888888888888,0.8359788359788359,0.8206652053732659,0.861904761904762,0.7568969456469455,0.6107374589127547,0.2841937220689277,0.11543969828283555,0.9444444444444444,0.8333333333333334
strict_predicted_roi_threeclass_4model_v1_0_0,yolo26,42,standardized_resnet18,calibrated,18,18,0,1.0,0.8333333333333334,0.8333333333333334,0.8888888888888888,0.8359788359788359,0.8206652053732659,0.861904761904762,0.7568969456469455,0.5064177576859633,0.2991568336108572,0.11543969828283555,0.9444444444444444,0.8333333333333334
strict_predicted_roi_threeclass_4model_v1_0_0,yolo26,2026,model_specific,raw,18,13,5,0.7222222222222222,0.43333333333333335,0.5555555555555555,0.5555555555555556,0.4473684210526316,0.37575556446235425,0.8212121212121213,0.6115244708994708,0.5779855456390746,0.3420431644853795,0.19718823297254667,0.6666666666666666,0.5
strict_predicted_roi_threeclass_4model_v1_0_0,yolo26,2026,model_specific,calibrated,18,13,5,0.7222222222222222,0.43333333333333335,0.5555555555555555,0.5555555555555556,0.4473684210526316,0.37575556446235425,0.8212121212121213,0.6115244708994708,0.7159140513679765,0.4000719327401775,0.19718823297254667,0.6666666666666666,0.5
strict_predicted_roi_threeclass_4model_v1_0_0,yolo26,2026,standardized_resnet18,raw,18,13,5,0.7222222222222222,0.43333333333333335,0.611111111111111,0.5555555555555556,0.5029239766081871,0.36852882121143804,0.7752525252525254,0.6674895706145705,0.7188398359473597,0.3505998650027026,0.23303278965043667,0.6666666666666666,0.5
strict_predicted_roi_threeclass_4model_v1_0_0,yolo26,2026,standardized_resnet18,calibrated,18,13,5,0.7222222222222222,0.43333333333333335,0.611111111111111,0.5555555555555556,0.5029239766081871,0.36852882121143804,0.7752525252525254,0.6674895706145705,0.7579380890437886,0.43268443830981823,0.2659692975869447,0.6666666666666666,0.5
strict_predicted_roi_threeclass_4model_v1_0_0,yolo26,3407,model_specific,raw,18,16,2,0.8888888888888888,0.3333333333333333,0.3333333333333333,0.5555555555555556,0.30303030303030304,0.24646089322152145,0.77008547008547,0.5597594997594997,1.4115751104515348,0.6343003677061956,0.24885893880991924,0.7777777777777778,0.4444444444444444
strict_predicted_roi_threeclass_4model_v1_0_0,yolo26,3407,model_specific,calibrated,18,16,2,0.8888888888888888,0.3333333333333333,0.3333333333333333,0.5555555555555556,0.30303030303030304,0.24646089322152145,0.7700854700854701,0.5736483886483886,0.8008983199078932,0.5069227470626945,0.24268609930374638,0.7777777777777778,0.4444444444444444
strict_predicted_roi_threeclass_4model_v1_0_0,yolo26,3407,standardized_resnet18,raw,18,16,2,0.8888888888888888,0.3833333333333333,0.41111111111111115,0.5555555555555556,0.36904761904761907,0.26747530781932055,0.6623931623931624,0.5487485970819304,1.6725808208132456,0.6359695328060643,0.33082743327841374,0.7777777777777778,0.4444444444444444
strict_predicted_roi_threeclass_4model_v1_0_0,yolo26,3407,standardized_resnet18,calibrated,18,16,2,0.8888888888888888,0.3833333333333333,0.41111111111111115,0.5555555555555556,0.36904761904761907,0.26747530781932055,0.6709401709401709,0.504304152637486,1.2621901547818974,0.6144231924163679,0.35490150735248777,0.7777777777777778,0.4444444444444444
strict_predicted_roi_threeclass_4model_v1_0_0,yolo26,9103,model_specific,raw,18,16,2,0.8888888888888888,0.5833333333333334,0.6666666666666666,0.7222222222222222,0.6174603174603175,0.5563486402641867,0.8495726495726496,0.7012542087542087,0.6258684911435943,0.34105653588943163,0.16054147831108614,0.8888888888888888,0.7222222222222222
strict_predicted_roi_threeclass_4model_v1_0_0,yolo26,9103,model_specific,calibrated,18,16,2,0.8888888888888888,0.5833333333333334,0.6666666666666666,0.7222222222222222,0.6174603174603175,0.5563486402641867,0.8495726495726496,0.7012542087542087,0.5461737359005482,0.34562868717170603,0.16517110794071577,0.8888888888888888,0.7222222222222222
strict_predicted_roi_threeclass_4model_v1_0_0,yolo26,9103,standardized_resnet18,raw,18,16,2,0.8888888888888888,0.5,0.5555555555555555,0.6666666666666666,0.4656084656084656,0.47051471774733916,0.817948717948718,0.6769696969696971,0.6992372853814464,0.34934012910224266,0.1223115210860309,0.8888888888888888,0.6666666666666666
strict_predicted_roi_threeclass_4model_v1_0_0,yolo26,9103,standardized_resnet18,calibrated,18,16,2,0.8888888888888888,0.5,0.5555555555555555,0.6666666666666666,0.4656084656084656,0.47051471774733916,0.7982905982905982,0.6616919191919192,0.666322755345864,0.3599216161712351,0.14329917540701856,0.8888888888888888,0.6666666666666666
strict_predicted_roi_threeclass_4model_v1_0_0,vit_method2,17,model_specific,raw,18,18,0,1.0,0.6666666666666666,0.6666666666666666,0.7777777777777778,0.6585858585858585,0.6280768420189679,0.8113095238095238,0.7217303992303993,0.6954472795355454,0.4055585772150284,0.17658767793571714,1.0,0.7777777777777778
strict_predicted_roi_threeclass_4model_v1_0_0,vit_method2,17,model_specific,calibrated,18,18,0,1.0,0.6666666666666666,0.6666666666666666,0.7777777777777778,0.6585858585858585,0.6280768420189679,0.8113095238095238,0.7491113516113517,0.7950537358937128,0.3811559734828615,0.16598161732965655,1.0,0.7777777777777778
strict_predicted_roi_threeclass_4model_v1_0_0,vit_method2,17,standardized_resnet18,raw,18,18,0,1.0,0.6,0.6,0.6666666666666666,0.6052910052910053,0.43979660370628026,0.768452380952381,0.602550505050505,0.927772668960188,0.5335317475693099,0.2089727991688776,1.0,0.6666666666666666
strict_predicted_roi_threeclass_4model_v1_0_0,vit_method2,17,standardized_resnet18,calibrated,18,18,0,1.0,0.6,0.6,0.6666666666666666,0.6052910052910053,0.43979660370628026,0.7642857142857142,0.5993097643097643,0.794457576522623,0.47553675347535673,0.21384832487773664,1.0,0.6666666666666666
strict_predicted_roi_threeclass_4model_v1_0_0,vit_method2,42,model_specific,raw,18,17,1,0.9444444444444444,0.4666666666666666,0.4944444444444444,0.6111111111111112,0.4785714285714286,0.35901684868972045,0.8474358974358974,0.690407647907648,0.6780391262741869,0.405126643841854,0.15962453940395116,0.7777777777777778,0.5555555555555556
strict_predicted_roi_threeclass_4model_v1_0_0,vit_method2,42,model_specific,calibrated,18,17,1,0.9444444444444444,0.4666666666666666,0.4944444444444444,0.6111111111111112,0.4785714285714286,0.35901684868972045,0.8217948717948719,0.6442977392977393,0.6011288283146441,0.3814432885521508,0.15962453940395116,0.7777777777777778,0.5555555555555556
strict_predicted_roi_threeclass_4model_v1_0_0,vit_method2,42,standardized_resnet18,raw,18,17,1,0.9444444444444444,0.5499999999999999,0.5777777777777777,0.6666666666666666,0.5714285714285713,0.43626897201385867,0.8553724053724053,0.7139417989417988,0.6491738809795925,0.39943656397851507,0.16481253858704836,0.7777777777777778,0.6111111111111112
strict_predicted_roi_threeclass_4model_v1_0_0,vit_method2,42,standardized_resnet18,calibrated,18,17,1,0.9444444444444444,0.5499999999999999,0.5777777777777777,0.6666666666666666,0.5714285714285713,0.43626897201385867,0.8553724053724053,0.7139417989417988,0.6657958965294631,0.4001069480242565,0.17248449625900605,0.7777777777777778,0.6111111111111112
strict_predicted_roi_threeclass_4model_v1_0_0,vit_method2,2026,model_specific,raw,18,17,1,0.9444444444444444,0.3666666666666667,0.4222222222222222,0.2777777777777778,0.32951362363127074,0.09622504486493763,0.5785103785103786,0.5157634032634032,1.1878382057306371,0.7278680233466474,0.7108191599613167,0.8333333333333334,0.2222222222222222
strict_predicted_roi_threeclass_4model_v1_0_0,vit_method2,2026,model_specific,calibrated,18,17,1,0.9444444444444444,0.3666666666666667,0.4222222222222222,0.2777777777777778,0.32951362363127074,0.09622504486493763,0.6023199023199023,0.5233030858030857,1.0936604108369485,0.6642741358560356,0.5558327883082783,0.8333333333333334,0.2222222222222222
strict_predicted_roi_threeclass_4model_v1_0_0,vit_method2,2026,standardized_resnet18,raw,18,17,1,0.9444444444444444,0.75,0.7777777777777778,0.8333333333333334,0.7470899470899471,0.7398300378117159,0.93009768009768,0.8685185185185184,0.44647799778818087,0.205211394686404,0.039314742991213576,0.8333333333333334,0.7777777777777778
strict_predicted_roi_threeclass_4model_v1_0_0,vit_method2,2026,standardized_resnet18,calibrated,18,17,1,0.9444444444444444,0.75,0.7777777777777778,0.8333333333333334,0.7470899470899471,0.7398300378117159,0.9062881562881563,0.8074074074074074,0.6307580808966834,0.33304103779141847,0.039314742991213576,0.8333333333333334,0.7777777777777778
strict_predicted_roi_threeclass_4model_v1_0_0,vit_method2,3407,model_specific,raw,18,17,1,0.9444444444444444,0.3,0.3,0.5,0.2857142857142857,0.148969892882781,0.7095238095238096,0.5050108225108225,0.9122084759931451,0.5681262961370402,0.3963294693686851,0.6111111111111112,0.3888888888888889
strict_predicted_roi_threeclass_4model_v1_0_0,vit_method2,3407,model_specific,calibrated,18,17,1,0.9444444444444444,0.3,0.3,0.5,0.2857142857142857,0.148969892882781,0.6744200244200244,0.48044973544973546,1.1840180839777008,0.6315447642276708,0.34180945234866805,0.6111111111111112,0.3888888888888889
strict_predicted_roi_threeclass_4model_v1_0_0,vit_method2,3407,standardized_resnet18,raw,18,17,1,0.9444444444444444,0.4166666666666667,0.4166666666666667,0.6111111111111112,0.3863636363636364,0.328866678429223,0.6988400488400487,0.5022198172198172,1.6326172055014432,0.572929770630858,0.3346355623316407,0.6111111111111112,0.4444444444444444
strict_predicted_roi_threeclass_4model_v1_0_0,vit_method2,3407,standardized_resnet18,calibrated,18,17,1,0.9444444444444444,0.4166666666666667,0.4166666666666667,0.6111111111111112,0.3863636363636364,0.328866678429223,0.6988400488400487,0.5022198172198172,1.1412248814398105,0.5422772407172014,0.3207466734427518,0.6111111111111112,0.4444444444444444
strict_predicted_roi_threeclass_4model_v1_0_0,vit_method2,9103,model_specific,raw,18,18,0,1.0,0.6833333333333332,0.6833333333333332,0.7222222222222222,0.6362573099415204,0.5842021352506859,0.8904761904761904,0.7609974747474747,0.7274043539790334,0.42327959481531047,0.09602567004527789,0.7777777777777778,0.5555555555555556
strict_predicted_roi_threeclass_4model_v1_0_0,vit_method2,9103,model_specific,calibrated,18,18,0,1.0,0.6833333333333332,0.6833333333333332,0.7222222222222222,0.6362573099415204,0.5842021352506859,0.8607142857142858,0.7086165223665223,0.9279356012108776,0.4369854749879075,0.12647479608263923,0.7777777777777778,0.5555555555555556
strict_predicted_roi_threeclass_4model_v1_0_0,vit_method2,9103,standardized_resnet18,raw,18,18,0,1.0,0.6333333333333333,0.6333333333333333,0.7222222222222222,0.6111111111111112,0.5426760383587023,0.85,0.684873136123136,1.1249329583953376,0.4461283331065586,0.19697404991522638,0.7777777777777778,0.6111111111111112
strict_predicted_roi_threeclass_4model_v1_0_0,vit_method2,9103,standardized_resnet18,calibrated,18,18,0,1.0,0.6333333333333333,0.6333333333333333,0.7222222222222222,0.6111111111111112,0.5426760383587023,0.844047619047619,0.6814009139009137,1.993634691663857,0.4877008826653686,0.19697404991522638,0.7777777777777778,0.6111111111111112
strict_predicted_roi_threeclass_4model_v1_0_0,emcad,17,model_specific,raw,18,18,0,1.0,0.5499999999999999,0.5499999999999999,0.6666666666666666,0.4857142857142857,0.4369079470745153,0.7821428571428571,0.5711809486809486,0.700232242427104,0.4422490638995179,0.21369199972141148,1.0,0.6666666666666666
strict_predicted_roi_threeclass_4model_v1_0_0,emcad,17,model_specific,calibrated,18,18,0,1.0,0.5499999999999999,0.5499999999999999,0.6666666666666666,0.4857142857142857,0.4369079470745153,0.7523809523809524,0.5535222185222185,0.7041435118646048,0.46282919795586697,0.19660646180254024,1.0,0.6666666666666666
strict_predicted_roi_threeclass_4model_v1_0_0,emcad,17,standardized_resnet18,raw,18,18,0,1.0,0.5499999999999999,0.5499999999999999,0.6666666666666666,0.544973544973545,0.4267459067940983,0.8339285714285714,0.7641390091390091,1.0506020955030804,0.41935618774476474,0.1376313864058962,1.0,0.6666666666666666
strict_predicted_roi_threeclass_4model_v1_0_0,emcad,17,standardized_resnet18,calibrated,18,18,0,1.0,0.5499999999999999,0.5499999999999999,0.6666666666666666,0.544973544973545,0.4267459067940983,0.8339285714285714,0.7641390091390091,1.205016343064945,0.43350340123202025,0.1376313864058962,1.0,0.6666666666666666
strict_predicted_roi_threeclass_4model_v1_0_0,emcad,42,model_specific,raw,18,18,0,1.0,0.6666666666666666,0.6666666666666666,0.7777777777777778,0.5696969696969697,0.649519052838329,0.8095238095238096,0.6843759018759018,0.5820784561190998,0.3636943514357642,0.15885836204463655,1.0,0.7777777777777778
strict_predicted_roi_threeclass_4model_v1_0_0,emcad,42,model_specific,calibrated,18,18,0,1.0,0.6666666666666666,0.6666666666666666,0.7777777777777778,0.5696969696969697,0.649519052838329,0.8136904761904762,0.6910425685425685,0.6189497829351976,0.38783919237713843,0.14496947315574768,1.0,0.7777777777777778
strict_predicted_roi_threeclass_4model_v1_0_0,emcad,42,standardized_resnet18,raw,18,18,0,1.0,0.6666666666666666,0.6666666666666666,0.7777777777777778,0.6507936507936508,0.6237055560836822,0.7880952380952381,0.676123136123136,0.6039026895789361,0.38177073869584643,0.18776810970438423,1.0,0.7777777777777778
strict_predicted_roi_threeclass_4model_v1_0_0,emcad,42,standardized_resnet18,calibrated,18,18,0,1.0,0.6666666666666666,0.6666666666666666,0.7777777777777778,0.6507936507936508,0.6237055560836822,0.7880952380952381,0.676123136123136,0.6014192110073914,0.38167611666714707,0.18776810970438423,1.0,0.7777777777777778
strict_predicted_roi_threeclass_4model_v1_0_0,emcad,2026,model_specific,raw,18,16,2,0.8888888888888888,0.5166666666666667,0.5833333333333334,0.6111111111111112,0.5426065162907268,0.3946685189819292,0.7951388888888888,0.6513723544973545,0.734095355542331,0.4076475840753102,0.21528832006773183,0.8333333333333334,0.6111111111111112
strict_predicted_roi_threeclass_4model_v1_0_0,emcad,2026,model_specific,calibrated,18,16,2,0.8888888888888888,0.5166666666666667,0.5833333333333334,0.6111111111111112,0.5426065162907268,0.3946685189819292,0.796875,0.648991402116402,0.7308059935768391,0.42704177685482825,0.24496543307817817,0.8333333333333334,0.6111111111111112
strict_predicted_roi_threeclass_4model_v1_0_0,emcad,2026,standardized_resnet18,raw,18,16,2,0.8888888888888888,0.6,0.6666666666666666,0.6666666666666666,0.5231259968102073,0.5130960376573269,0.8559027777777778,0.7411541005291005,0.7751178012499618,0.37116163388258994,0.15976203353654334,0.8333333333333334,0.6666666666666666
strict_predicted_roi_threeclass_4model_v1_0_0,emcad,2026,standardized_resnet18,calibrated,18,16,2,0.8888888888888888,0.6,0.6666666666666666,0.6666666666666666,0.5231259968102073,0.5130960376573269,0.8680555555555557,0.7681840150590151,0.6992468531363147,0.3871057188619259,0.14159964037415018,0.8333333333333334,0.6666666666666666
strict_predicted_roi_threeclass_4model_v1_0_0,emcad,3407,model_specific,raw,18,17,1,0.9444444444444444,0.2833333333333333,0.2833333333333333,0.3888888888888889,0.2888888888888889,0.04933356487274115,0.694932844932845,0.5651960076960076,0.8927575721067874,0.5432126408843535,0.36186914483483107,0.8333333333333334,0.3888888888888889
strict_predicted_roi_threeclass_4model_v1_0_0,emcad,3407,model_specific,calibrated,18,17,1,0.9444444444444444,0.2833333333333333,0.2833333333333333,0.3888888888888889,0.2888888888888889,0.04933356487274115,0.6677655677655677,0.5172767972767972,0.9320406583931402,0.5654383193158455,0.36186914483483107,0.8333333333333334,0.3888888888888889
strict_predicted_roi_threeclass_4model_v1_0_0,emcad,3407,standardized_resnet18,raw,18,17,1,0.9444444444444444,0.45,0.4777777777777778,0.5,0.4507936507936508,0.2269343984146093,0.6844932844932844,0.5164190439190438,1.0199865691587688,0.6182496307111707,0.41051196896785136,0.8333333333333334,0.5
strict_predicted_roi_threeclass_4model_v1_0_0,emcad,3407,standardized_resnet18,calibrated,18,17,1,0.9444444444444444,0.45,0.4777777777777778,0.5,0.4507936507936508,0.2269343984146093,0.6860195360195359,0.5187999962999963,1.170376782720184,0.6654070413494367,0.41051196896785136,0.8333333333333334,0.5
strict_predicted_roi_threeclass_4model_v1_0_0,emcad,9103,model_specific,raw,18,16,2,0.8888888888888888,0.4166666666666667,0.5,0.6111111111111112,0.39153439153439146,0.3720348931025472,0.808531746031746,0.649059644059644,0.5871779287929604,0.3221933422913968,0.1559643107437225,0.7777777777777778,0.5555555555555556
strict_predicted_roi_threeclass_4model_v1_0_0,emcad,9103,model_specific,calibrated,18,16,2,0.8888888888888888,0.4166666666666667,0.5,0.6111111111111112,0.39153439153439146,0.3720348931025472,0.8204365079365079,0.6573929773929774,0.5898191604315116,0.3224951424341441,0.1522606070400188,0.7777777777777778,0.5555555555555556
strict_predicted_roi_threeclass_4model_v1_0_0,emcad,9103,standardized_resnet18,raw,18,16,2,0.8888888888888888,0.3833333333333333,0.4666666666666666,0.5555555555555556,0.37407407407407406,0.2901593353013874,0.8390873015873016,0.626969696969697,0.7982405606288248,0.46619513656247014,0.19482393060824432,0.7777777777777778,0.5
strict_predicted_roi_threeclass_4model_v1_0_0,emcad,9103,standardized_resnet18,calibrated,18,16,2,0.8888888888888888,0.3833333333333333,0.4666666666666666,0.5555555555555556,0.37407407407407406,0.2901593353013874,0.8390873015873016,0.626969696969697,0.7207928525924228,0.44000607186849633,0.19482393060824432,0.7777777777777778,0.5
strict_predicted_roi_threeclass_4model_v1_0_0,sam2_unet,17,model_specific,raw,18,18,0,1.0,0.5833333333333334,0.5833333333333334,0.7222222222222222,0.5808080808080808,0.5134898976610932,0.781547619047619,0.5962145262145262,0.6960592033170498,0.4285466103869975,0.2147560364472129,1.0,0.7222222222222222
strict_predicted_roi_threeclass_4model_v1_0_0,sam2_unet,17,model_specific,calibrated,18,18,0,1.0,0.5833333333333334,0.5833333333333334,0.7222222222222222,0.5808080808080808,0.5134898976610932,0.781547619047619,0.5962145262145262,0.8329929141345321,0.4540047244903268,0.20122327291444936,1.0,0.7222222222222222
strict_predicted_roi_threeclass_4model_v1_0_0,sam2_unet,17,standardized_resnet18,raw,18,18,0,1.0,0.5833333333333334,0.5833333333333334,0.7222222222222222,0.5808080808080808,0.5134898976610932,0.793452380952381,0.6620081770081769,0.7600716276786552,0.4638883417317428,0.21937464314915292,1.0,0.7222222222222222
strict_predicted_roi_threeclass_4model_v1_0_0,sam2_unet,17,standardized_resnet18,calibrated,18,18,0,1.0,0.5833333333333334,0.5833333333333334,0.7222222222222222,0.5808080808080808,0.5134898976610932,0.8035714285714285,0.6739129389129389,0.666225528981681,0.4344506463736139,0.21243019870470847,1.0,0.7222222222222222
strict_predicted_roi_threeclass_4model_v1_0_0,sam2_unet,42,model_specific,raw,18,18,0,1.0,0.5833333333333334,0.5833333333333334,0.7222222222222222,0.5845117845117845,0.5233973683491399,0.8196428571428571,0.6637397787397787,0.6139691446698979,0.3714515488096561,0.16654313823431469,1.0,0.7222222222222222
strict_predicted_roi_threeclass_4model_v1_0_0,sam2_unet,42,model_specific,calibrated,18,18,0,1.0,0.5833333333333334,0.5833333333333334,0.7222222222222222,0.5845117845117845,0.5233973683491399,0.8196428571428571,0.6637397787397787,0.6013432256195943,0.3795198056035037,0.16654313823431469,1.0,0.7222222222222222
strict_predicted_roi_threeclass_4model_v1_0_0,sam2_unet,42,standardized_resnet18,raw,18,18,0,1.0,0.5833333333333334,0.5833333333333334,0.7222222222222222,0.5174603174603174,0.537732857937865,0.8214285714285715,0.6604485329485329,0.6146329177374885,0.3565685920768156,0.2581198258894337,1.0,0.7222222222222222
strict_predicted_roi_threeclass_4model_v1_0_0,sam2_unet,42,standardized_resnet18,calibrated,18,18,0,1.0,0.5833333333333334,0.5833333333333334,0.7222222222222222,0.5174603174603174,0.537732857937865,0.8214285714285715,0.6604485329485329,0.6144247982172949,0.3575674484629535,0.2581198258894337,1.0,0.7222222222222222
strict_predicted_roi_threeclass_4model_v1_0_0,sam2_unet,2026,model_specific,raw,18,18,0,1.0,0.5499999999999999,0.5499999999999999,0.6666666666666666,0.4666666666666666,0.47925723781702034,0.8422619047619048,0.6812482887482888,1.040684142371534,0.6279114460291063,0.27906759634700806,1.0,0.6666666666666666
strict_predicted_roi_threeclass_4model_v1_0_0,sam2_unet,2026,model_specific,calibrated,18,18,0,1.0,0.5499999999999999,0.5499999999999999,0.6666666666666666,0.4666666666666666,0.47925723781702034,0.8363095238095237,0.6927562252562253,0.7769580614001241,0.46875010597384215,0.23508611486552664,1.0,0.6666666666666666
strict_predicted_roi_threeclass_4model_v1_0_0,sam2_unet,2026,standardized_resnet18,raw,18,18,0,1.0,0.6666666666666666,0.6666666666666666,0.7777777777777778,0.6507936507936508,0.6237055560836822,0.7749999999999999,0.6088480038480039,0.7777052898205151,0.3971388918489836,0.2876598845961591,1.0,0.7777777777777778
strict_predicted_roi_threeclass_4model_v1_0_0,sam2_unet,2026,standardized_resnet18,calibrated,18,18,0,1.0,0.6666666666666666,0.6666666666666666,0.7777777777777778,0.6507936507936508,0.6237055560836822,0.769047619047619,0.6060702260702261,0.7452297586854262,0.43267131574383033,0.31041120734748184,1.0,0.7777777777777778
strict_predicted_roi_threeclass_4model_v1_0_0,sam2_unet,3407,model_specific,raw,18,18,0,1.0,0.4666666666666666,0.4666666666666666,0.6111111111111112,0.41904761904761906,0.33608303621116564,0.7351190476190478,0.5538579938579938,0.8085863624789263,0.4730445039907763,0.26639261700536215,0.9444444444444444,0.5555555555555556
strict_predicted_roi_threeclass_4model_v1_0_0,sam2_unet,3407,model_specific,calibrated,18,18,0,1.0,0.4666666666666666,0.4666666666666666,0.6111111111111112,0.41904761904761906,0.33608303621116564,0.7291666666666666,0.5455246605246605,0.8459388761371669,0.47884792530799675,0.26041618602893113,0.9444444444444444,0.5555555555555556
strict_predicted_roi_threeclass_4model_v1_0_0,sam2_unet,3407,standardized_resnet18,raw,18,18,0,1.0,0.3666666666666667,0.3666666666666667,0.4444444444444444,0.3434343434343434,0.12186666955535813,0.5821428571428572,0.49145262145262136,1.7027439041482737,0.7752635066512956,0.45244698565777,0.9444444444444444,0.4444444444444444
strict_predicted_roi_threeclass_4model_v1_0_0,sam2_unet,3407,standardized_resnet18,calibrated,18,18,0,1.0,0.3666666666666667,0.3666666666666667,0.4444444444444444,0.3434343434343434,0.12186666955535813,0.5904761904761905,0.5043952343952344,1.427500695268091,0.7373979788676763,0.42027105973184403,0.9444444444444444,0.4444444444444444
strict_predicted_roi_threeclass_4model_v1_0_0,sam2_unet,9103,model_specific,raw,18,18,0,1.0,0.3833333333333333,0.3833333333333333,0.5555555555555556,0.37407407407407406,0.2513123449750173,0.8047619047619047,0.5895358345358345,0.6647974892889486,0.4096177959454482,0.18488464150228856,1.0,0.5555555555555556
strict_predicted_roi_threeclass_4model_v1_0_0,sam2_unet,9103,model_specific,calibrated,18,18,0,1.0,0.3833333333333333,0.3833333333333333,0.5555555555555556,0.37407407407407406,0.2513123449750173,0.7988095238095237,0.5849062049062048,0.7119824179882236,0.43364385505355413,0.1733105674282145,1.0,0.5555555555555556
strict_predicted_roi_threeclass_4model_v1_0_0,sam2_unet,9103,standardized_resnet18,raw,18,18,0,1.0,0.6333333333333333,0.6333333333333333,0.7222222222222222,0.6333333333333333,0.53125,0.7369047619047618,0.5769474017268135,1.4376613685159534,0.5370751740137618,0.2439084970947716,1.0,0.7222222222222222
strict_predicted_roi_threeclass_4model_v1_0_0,sam2_unet,9103,standardized_resnet18,calibrated,18,18,0,1.0,0.6333333333333333,0.6333333333333333,0.7222222222222222,0.6333333333333333,0.53125,0.7369047619047618,0.5769474017268135,1.4694382015175855,0.5368529635367338,0.2439084970947716,1.0,0.7222222222222222
