model,seed,class_index,class_name,frames,eyes,patients,roi_coverage,roi_failures,dice_all_mean,dice_all_sd,dice_valid_mean,iou_all_mean,iou_all_sd,iou_valid_mean,roi_hit_all_mean,roi_hit_all_sd,roi_hit_valid_mean
yolo26,17,0,normal,140,20,10,0.9785714285714284,3,0.8435326081237351,0.1347123450526824,0.8620041250899483,0.7445066938188092,0.1339540333124144,0.7608097601068121,0.9785714285714284,0.1453280656301975,1.0
yolo26,17,1,papilledema,56,8,4,0.8928571428571429,6,0.7471116178824381,0.2737344116356173,0.8367650120283306,0.6500040930898826,0.2533093248993509,0.7280045842606687,0.8392857142857143,0.3705909636481472,0.94
yolo26,17,2,pseudopapilledema,56,8,4,0.9107142857142856,5,0.7835246358420358,0.2516509333986776,0.8603407766108628,0.6900988179030048,0.2279969359060678,0.7577555647562405,0.9107142857142856,0.2877363511831756,1.0
yolo26,42,0,normal,140,20,10,1.0,0,0.8523946468127491,0.0634613772426772,0.8523946468127491,0.7478386074219383,0.0927405490626116,0.7478386074219383,0.9857142857142858,0.1190921465202281,0.9857142857142858
yolo26,42,1,papilledema,56,8,4,0.875,7,0.6609634092279743,0.2735795381371804,0.755386753403399,0.5418898578748389,0.2439335348281904,0.6193026947141016,0.6785714285714286,0.4712514425207864,0.7755102040816326
yolo26,42,2,pseudopapilledema,56,8,4,1.0,0,0.8299696810622323,0.0677749898515732,0.8299696810622323,0.714680213154095,0.0938079637487903,0.714680213154095,0.9821428571428572,0.1336306209562122,0.9821428571428572
yolo26,2026,0,normal,140,20,10,0.8142857142857143,26,0.7079277151929921,0.3448961350831483,0.8693849133949028,0.6311038575440745,0.3160161710187171,0.7750398250541267,0.8,0.4014362703302863,0.9824561403508772
yolo26,2026,1,papilledema,56,8,4,0.7678571428571429,13,0.6223196697922097,0.3531004620309501,0.8104628257759008,0.5291914407530556,0.3099499914643471,0.6891795507481654,0.75,0.4369314487526515,0.9767441860465116
yolo26,2026,2,pseudopapilledema,56,8,4,0.7678571428571429,13,0.6314086886178273,0.355211932201615,0.8222996875022868,0.5399580932397368,0.3096919717091778,0.703201237707564,0.75,0.4369314487526515,0.9767441860465116
yolo26,3407,0,normal,140,20,10,0.9857142857142858,2,0.7824810019694257,0.1255429149514336,0.7938213063457943,0.6559289811941481,0.1326587665121688,0.6654351983129039,0.9071428571428573,0.2912742674344506,0.9202898550724636
yolo26,3407,1,papilledema,56,8,4,0.8392857142857143,9,0.6910126560468814,0.3134827194968329,0.8233342284813907,0.5930963886693891,0.2794076691449865,0.7066680375635274,0.8035714285714286,0.4008918628686365,0.9574468085106383
yolo26,3407,2,pseudopapilledema,56,8,4,0.875,7,0.7041558526643756,0.2770223536104906,0.8047495459021435,0.5942840963423413,0.2447881432647941,0.679181824391247,0.8392857142857143,0.3705909636481472,0.9591836734693876
yolo26,9103,0,normal,140,20,10,0.9785714285714284,3,0.8577412699670265,0.1402567306056084,0.8765239255137496,0.7680994273426277,0.1449262350302939,0.7849191228318824,0.9785714285714284,0.1453280656301975,1.0
yolo26,9103,1,papilledema,56,8,4,0.8571428571428571,8,0.7301980659619682,0.3046823637661242,0.8518977436222963,0.6390338154389078,0.2732143736267781,0.7455394513453925,0.8571428571428571,0.3530939318018998,1.0
yolo26,9103,2,pseudopapilledema,56,8,4,0.8571428571428571,8,0.7204601083289209,0.309041577388699,0.8405367930504077,0.6296413968304909,0.2833382741521927,0.7345816296355728,0.8214285714285714,0.386459117308221,0.9583333333333334
vit_method2,17,0,normal,140,20,10,1.0,0,0.8500678555980389,0.0644002685564762,0.8500678555980389,0.7444190226877274,0.0934422274213273,0.7444190226877274,0.9928571428571428,0.0845154254728516,0.9928571428571428
vit_method2,17,1,papilledema,56,8,4,1.0,0,0.7934065378557438,0.0768992088640401,0.7934065378557438,0.6639155157742845,0.1018071454442372,0.6639155157742845,0.9107142857142856,0.2877363511831756,0.9107142857142856
vit_method2,17,2,pseudopapilledema,56,8,4,1.0,0,0.8632091641944457,0.0424531162839296,0.8632091641944457,0.761708948951164,0.064704943900756,0.761708948951164,1.0,0.0,1.0
vit_method2,42,0,normal,140,20,10,1.0,0,0.814248327932835,0.0696801490094552,0.814248327932835,0.6923538970184965,0.0972286397361324,0.6923538970184965,0.9714285714285714,0.1671968272244295,0.9714285714285714
vit_method2,42,1,papilledema,56,8,4,1.0,0,0.7291645814010337,0.1125029234638618,0.7291645814010337,0.5857348857296208,0.1381437670009311,0.5857348857296208,0.6785714285714286,0.4712514425207864,0.6785714285714286
vit_method2,42,2,pseudopapilledema,56,8,4,0.9285714285714286,4,0.7471047402402746,0.225865641032095,0.8045743356433727,0.6327118131406696,0.2087808517562902,0.6813819526130289,0.8392857142857143,0.3705909636481472,0.903846153846154
vit_method2,2026,0,normal,140,20,10,1.0,0,0.8162710323213619,0.0839168112915761,0.8162710323213619,0.697870714239085,0.118004468818056,0.697870714239085,0.9714285714285714,0.1671968272244295,0.9714285714285714
vit_method2,2026,1,papilledema,56,8,4,1.0,0,0.822141973810707,0.0659579497381519,0.822141973810707,0.7029998634888815,0.0910344893528518,0.7029998634888815,0.9821428571428572,0.1336306209562122,0.9821428571428572
vit_method2,2026,2,pseudopapilledema,56,8,4,0.875,7,0.6270888509706047,0.2596730773537097,0.716672972537834,0.4985589769634249,0.2295552803214574,0.5697816879581998,0.6071428571428571,0.4928053803045811,0.6938775510204082
vit_method2,3407,0,normal,140,20,10,1.0,0,0.7776145452413701,0.1383566924108514,0.7776145452413701,0.6551156319635753,0.1698150918650476,0.6551156319635753,0.8071428571428572,0.3959585141307626,0.8071428571428572
vit_method2,3407,1,papilledema,56,8,4,0.875,7,0.6139448546255888,0.2613656053175284,0.7016512624292442,0.4851927097481767,0.2324344981893114,0.5545059539979161,0.4821428571428571,0.5042031130613726,0.5510204081632653
vit_method2,3407,2,pseudopapilledema,56,8,4,0.9821428571428572,1,0.7439934322906907,0.1501357437042724,0.7575205856050669,0.6111961381399592,0.1645637828785113,0.6223087951970495,0.7321428571428571,0.4468504500113261,0.7454545454545455
vit_method2,9103,0,normal,140,20,10,1.0,0,0.8166969125183788,0.102246018408819,0.8166969125183788,0.7013342892035372,0.1306611499352089,0.7013342892035372,0.9071428571428573,0.2912742674344506,0.9071428571428573
vit_method2,9103,1,papilledema,56,8,4,0.9464285714285714,3,0.7365019533069066,0.2250768769298702,0.7781907431167313,0.6211050709446552,0.2217521724462979,0.656261961752843,0.75,0.4369314487526515,0.7924528301886793
vit_method2,9103,2,pseudopapilledema,56,8,4,1.0,0,0.8045582285257383,0.0812301994262111,0.8045582285257383,0.6803481654361523,0.1100387354086211,0.6803481654361523,0.8928571428571429,0.3120938919661796,0.8928571428571429
emcad,17,0,normal,140,20,10,1.0,0,0.8614662275491767,0.0460978423053857,0.8614662275491767,0.7594566954215917,0.0700155761687043,0.7594566954215917,1.0,0.0,1.0
emcad,17,1,papilledema,56,8,4,1.0,0,0.8382663588932034,0.0665801590264228,0.8382663588932034,0.7270340524711101,0.0973034793774322,0.7270340524711101,1.0,0.0,1.0
emcad,17,2,pseudopapilledema,56,8,4,1.0,0,0.8739278695400637,0.0461365564044072,0.8739278695400637,0.7789064396098763,0.0701942108059655,0.7789064396098763,1.0,0.0,1.0
emcad,42,0,normal,140,20,10,1.0,0,0.8475403097766806,0.0504561138703774,0.8475403097766806,0.7386323066296866,0.0740209232597642,0.7386323066296866,1.0,0.0,1.0
emcad,42,1,papilledema,56,8,4,1.0,0,0.8124771679321638,0.0531047852623647,0.8124771679321638,0.6874359737035063,0.0742551176047591,0.6874359737035063,1.0,0.0,1.0
emcad,42,2,pseudopapilledema,56,8,4,1.0,0,0.8683968720514964,0.0328016244087547,0.8683968720514964,0.7688260626269762,0.0499902480273687,0.7688260626269762,1.0,0.0,1.0
emcad,2026,0,normal,140,20,10,0.9214285714285714,11,0.8062273427406673,0.242189089414493,0.8749754107263055,0.7203601102130777,0.2256008585165715,0.7817861661227199,0.9214285714285714,0.2700348270332812,1.0
emcad,2026,1,papilledema,56,8,4,1.0,0,0.8573088385799649,0.0740922156334479,0.8573088385799649,0.7568486878391013,0.1039430079258684,0.7568486878391013,0.9642857142857144,0.1872563351797078,0.9642857142857144
emcad,2026,2,pseudopapilledema,56,8,4,1.0,0,0.8251332299139259,0.1024619783691053,0.8251332299139259,0.7137137711742534,0.1336510336821767,0.7137137711742534,0.875,0.3337119062359573,0.875
emcad,3407,0,normal,140,20,10,1.0,0,0.7839623137226809,0.0727698162407988,0.7839623137226809,0.6502992262797854,0.0950297216142227,0.6502992262797854,0.9642857142857144,0.1862432186284849,0.9642857142857144
emcad,3407,1,papilledema,56,8,4,1.0,0,0.8043170326309527,0.0925574174663443,0.8043170326309527,0.6813273694069962,0.1143948256337941,0.6813273694069962,0.9285714285714286,0.259870097418821,0.9285714285714286
emcad,3407,2,pseudopapilledema,56,8,4,0.8392857142857143,9,0.6852704786342514,0.3086073106148508,0.8164924851812354,0.5832835143551268,0.2711912937510777,0.6949761022103637,0.8035714285714286,0.4008918628686365,0.9574468085106383
emcad,9103,0,normal,140,20,10,1.0,0,0.8395085376522637,0.1023927845282583,0.8395085376522637,0.7352018674242558,0.1354768563857531,0.7352018674242558,0.9142857142857144,0.2809468647300489,0.9142857142857144
emcad,9103,1,papilledema,56,8,4,0.75,14,0.6321386498781169,0.371632463775951,0.8428515331708224,0.549382748330303,0.3283117009309857,0.7325103311070706,0.75,0.4369314487526515,1.0
emcad,9103,2,pseudopapilledema,56,8,4,0.9821428571428572,1,0.7959071228293076,0.1429135434473273,0.8103781614262039,0.6782818940228748,0.1519128273595988,0.6906142920960181,0.9107142857142856,0.2877363511831756,0.9272727272727272
sam2_unet,17,0,normal,140,20,10,1.0,0,0.8885209751593434,0.0521044631324961,0.8885209751593434,0.803127786470878,0.0801791906642014,0.803127786470878,1.0,0.0,1.0
sam2_unet,17,1,papilledema,56,8,4,1.0,0,0.8384914826338806,0.0610260533633596,0.8384914826338806,0.7264602981922935,0.0885505254693611,0.7264602981922935,1.0,0.0,1.0
sam2_unet,17,2,pseudopapilledema,56,8,4,1.0,0,0.8585983639614823,0.0603224904980595,0.8585983639614823,0.7568481486628038,0.0890140207586716,0.7568481486628038,1.0,0.0,1.0
sam2_unet,42,0,normal,140,20,10,1.0,0,0.8716386145400171,0.0567977444695994,0.8716386145400171,0.7768251513013708,0.0870582850922495,0.7768251513013708,1.0,0.0,1.0
sam2_unet,42,1,papilledema,56,8,4,1.0,0,0.8010777001301858,0.0808268791070431,0.8010777001301858,0.6753451497136034,0.1086762216874697,0.6753451497136034,0.8928571428571429,0.3120938919661796,0.8928571428571429
sam2_unet,42,2,pseudopapilledema,56,8,4,1.0,0,0.8645039997060641,0.0581957848612107,0.8645039997060641,0.7658071928030122,0.0887828278754131,0.7658071928030122,1.0,0.0,1.0
sam2_unet,2026,0,normal,140,20,10,1.0,0,0.8849010726778774,0.0529021900782273,0.8849010726778774,0.7974654215830529,0.0829503060836272,0.7974654215830529,1.0,0.0,1.0
sam2_unet,2026,1,papilledema,56,8,4,1.0,0,0.8321385511586955,0.0837374400844947,0.8321385511586955,0.7207589375303456,0.1170449527089829,0.7207589375303456,0.9464285714285714,0.227207782928703,0.9464285714285714
sam2_unet,2026,2,pseudopapilledema,56,8,4,1.0,0,0.8430571642330046,0.0619030913975904,0.8430571642330046,0.733458621105429,0.0907658445314494,0.733458621105429,1.0,0.0,1.0
sam2_unet,3407,0,normal,140,20,10,1.0,0,0.8522701465792609,0.0776579255825706,0.8522701465792609,0.7498922310098765,0.1094729874620543,0.7498922310098765,0.9571428571428572,0.203262192779082,0.9571428571428572
sam2_unet,3407,1,papilledema,56,8,4,1.0,0,0.8157965045367558,0.0635069632345051,0.8157965045367558,0.6934802298590643,0.0871691579130629,0.6934802298590643,0.9642857142857144,0.1872563351797078,0.9642857142857144
sam2_unet,3407,2,pseudopapilledema,56,8,4,1.0,0,0.844325091227529,0.0724781000152201,0.844325091227529,0.7370883533997834,0.105688514856357,0.7370883533997834,1.0,0.0,1.0
sam2_unet,9103,0,normal,140,20,10,1.0,0,0.8694848452346076,0.0636587588055882,0.8694848452346076,0.7745185668452335,0.0970153633435471,0.7745185668452335,1.0,0.0,1.0
sam2_unet,9103,1,papilledema,56,8,4,1.0,0,0.8471449050051207,0.0535991410480031,0.8471449050051207,0.7383729770254556,0.0778460137536409,0.7383729770254556,1.0,0.0,1.0
sam2_unet,9103,2,pseudopapilledema,56,8,4,1.0,0,0.8225938497349875,0.0565671148531292,0.8225938497349875,0.7026210789451273,0.0842495012019748,0.7026210789451273,1.0,0.0,1.0
