model,seed,classifier_strategy,rank,coverage,selective_risk,confidence_definition
yolo26,17,model_specific,1,0.05555555555555555,0.0,maximum_calibrated_patient_probability
yolo26,17,model_specific,2,0.1111111111111111,0.0,maximum_calibrated_patient_probability
yolo26,17,model_specific,3,0.16666666666666666,0.0,maximum_calibrated_patient_probability
yolo26,17,model_specific,4,0.2222222222222222,0.0,maximum_calibrated_patient_probability
yolo26,17,model_specific,5,0.2777777777777778,0.2,maximum_calibrated_patient_probability
yolo26,17,model_specific,6,0.3333333333333333,0.16666666666666666,maximum_calibrated_patient_probability
yolo26,17,model_specific,7,0.3888888888888889,0.14285714285714285,maximum_calibrated_patient_probability
yolo26,17,model_specific,8,0.4444444444444444,0.25,maximum_calibrated_patient_probability
yolo26,17,model_specific,9,0.5,0.3333333333333333,maximum_calibrated_patient_probability
yolo26,17,model_specific,10,0.5555555555555556,0.3,maximum_calibrated_patient_probability
yolo26,17,model_specific,11,0.6111111111111112,0.2727272727272727,maximum_calibrated_patient_probability
yolo26,17,model_specific,12,0.6666666666666666,0.3333333333333333,maximum_calibrated_patient_probability
yolo26,17,model_specific,13,0.7222222222222222,0.3076923076923077,maximum_calibrated_patient_probability
yolo26,17,model_specific,14,0.7777777777777778,0.35714285714285715,maximum_calibrated_patient_probability
yolo26,17,model_specific,15,0.8333333333333334,0.3333333333333333,maximum_calibrated_patient_probability
yolo26,17,model_specific,16,0.8888888888888888,0.3125,maximum_calibrated_patient_probability
yolo26,17,model_specific,17,0.9444444444444444,0.29411764705882354,maximum_calibrated_patient_probability
yolo26,17,model_specific,18,1.0,0.3333333333333333,maximum_calibrated_patient_probability
yolo26,17,standardized_resnet18,1,0.05555555555555555,0.0,maximum_calibrated_patient_probability
yolo26,17,standardized_resnet18,2,0.1111111111111111,0.0,maximum_calibrated_patient_probability
yolo26,17,standardized_resnet18,3,0.16666666666666666,0.0,maximum_calibrated_patient_probability
yolo26,17,standardized_resnet18,4,0.2222222222222222,0.0,maximum_calibrated_patient_probability
yolo26,17,standardized_resnet18,5,0.2777777777777778,0.2,maximum_calibrated_patient_probability
yolo26,17,standardized_resnet18,6,0.3333333333333333,0.16666666666666666,maximum_calibrated_patient_probability
yolo26,17,standardized_resnet18,7,0.3888888888888889,0.14285714285714285,maximum_calibrated_patient_probability
yolo26,17,standardized_resnet18,8,0.4444444444444444,0.25,maximum_calibrated_patient_probability
yolo26,17,standardized_resnet18,9,0.5,0.2222222222222222,maximum_calibrated_patient_probability
yolo26,17,standardized_resnet18,10,0.5555555555555556,0.2,maximum_calibrated_patient_probability
yolo26,17,standardized_resnet18,11,0.6111111111111112,0.18181818181818182,maximum_calibrated_patient_probability
yolo26,17,standardized_resnet18,12,0.6666666666666666,0.25,maximum_calibrated_patient_probability
yolo26,17,standardized_resnet18,13,0.7222222222222222,0.23076923076923078,maximum_calibrated_patient_probability
yolo26,17,standardized_resnet18,14,0.7777777777777778,0.2857142857142857,maximum_calibrated_patient_probability
yolo26,17,standardized_resnet18,15,0.8333333333333334,0.26666666666666666,maximum_calibrated_patient_probability
yolo26,17,standardized_resnet18,16,0.8888888888888888,0.25,maximum_calibrated_patient_probability
yolo26,17,standardized_resnet18,17,0.9444444444444444,0.29411764705882354,maximum_calibrated_patient_probability
yolo26,17,standardized_resnet18,18,1.0,0.3333333333333333,maximum_calibrated_patient_probability
yolo26,42,model_specific,1,0.05555555555555555,1.0,maximum_calibrated_patient_probability
yolo26,42,model_specific,2,0.1111111111111111,0.5,maximum_calibrated_patient_probability
yolo26,42,model_specific,3,0.16666666666666666,0.6666666666666666,maximum_calibrated_patient_probability
yolo26,42,model_specific,4,0.2222222222222222,0.75,maximum_calibrated_patient_probability
yolo26,42,model_specific,5,0.2777777777777778,0.8,maximum_calibrated_patient_probability
yolo26,42,model_specific,6,0.3333333333333333,0.6666666666666666,maximum_calibrated_patient_probability
yolo26,42,model_specific,7,0.3888888888888889,0.7142857142857143,maximum_calibrated_patient_probability
yolo26,42,model_specific,8,0.4444444444444444,0.625,maximum_calibrated_patient_probability
yolo26,42,model_specific,9,0.5,0.5555555555555556,maximum_calibrated_patient_probability
yolo26,42,model_specific,10,0.5555555555555556,0.5,maximum_calibrated_patient_probability
yolo26,42,model_specific,11,0.6111111111111112,0.45454545454545453,maximum_calibrated_patient_probability
yolo26,42,model_specific,12,0.6666666666666666,0.4166666666666667,maximum_calibrated_patient_probability
yolo26,42,model_specific,13,0.7222222222222222,0.38461538461538464,maximum_calibrated_patient_probability
yolo26,42,model_specific,14,0.7777777777777778,0.42857142857142855,maximum_calibrated_patient_probability
yolo26,42,model_specific,15,0.8333333333333334,0.4,maximum_calibrated_patient_probability
yolo26,42,model_specific,16,0.8888888888888888,0.375,maximum_calibrated_patient_probability
yolo26,42,model_specific,17,0.9444444444444444,0.35294117647058826,maximum_calibrated_patient_probability
yolo26,42,model_specific,18,1.0,0.3333333333333333,maximum_calibrated_patient_probability
yolo26,42,standardized_resnet18,1,0.05555555555555555,0.0,maximum_calibrated_patient_probability
yolo26,42,standardized_resnet18,2,0.1111111111111111,0.0,maximum_calibrated_patient_probability
yolo26,42,standardized_resnet18,3,0.16666666666666666,0.0,maximum_calibrated_patient_probability
yolo26,42,standardized_resnet18,4,0.2222222222222222,0.0,maximum_calibrated_patient_probability
yolo26,42,standardized_resnet18,5,0.2777777777777778,0.2,maximum_calibrated_patient_probability
yolo26,42,standardized_resnet18,6,0.3333333333333333,0.16666666666666666,maximum_calibrated_patient_probability
yolo26,42,standardized_resnet18,7,0.3888888888888889,0.14285714285714285,maximum_calibrated_patient_probability
yolo26,42,standardized_resnet18,8,0.4444444444444444,0.125,maximum_calibrated_patient_probability
yolo26,42,standardized_resnet18,9,0.5,0.1111111111111111,maximum_calibrated_patient_probability
yolo26,42,standardized_resnet18,10,0.5555555555555556,0.2,maximum_calibrated_patient_probability
yolo26,42,standardized_resnet18,11,0.6111111111111112,0.18181818181818182,maximum_calibrated_patient_probability
yolo26,42,standardized_resnet18,12,0.6666666666666666,0.16666666666666666,maximum_calibrated_patient_probability
yolo26,42,standardized_resnet18,13,0.7222222222222222,0.15384615384615385,maximum_calibrated_patient_probability
yolo26,42,standardized_resnet18,14,0.7777777777777778,0.14285714285714285,maximum_calibrated_patient_probability
yolo26,42,standardized_resnet18,15,0.8333333333333334,0.13333333333333333,maximum_calibrated_patient_probability
yolo26,42,standardized_resnet18,16,0.8888888888888888,0.125,maximum_calibrated_patient_probability
yolo26,42,standardized_resnet18,17,0.9444444444444444,0.11764705882352941,maximum_calibrated_patient_probability
yolo26,42,standardized_resnet18,18,1.0,0.1111111111111111,maximum_calibrated_patient_probability
yolo26,2026,model_specific,1,0.05555555555555555,0.0,maximum_calibrated_patient_probability
yolo26,2026,model_specific,2,0.1111111111111111,0.0,maximum_calibrated_patient_probability
yolo26,2026,model_specific,3,0.16666666666666666,0.0,maximum_calibrated_patient_probability
yolo26,2026,model_specific,4,0.2222222222222222,0.0,maximum_calibrated_patient_probability
yolo26,2026,model_specific,5,0.2777777777777778,0.2,maximum_calibrated_patient_probability
yolo26,2026,model_specific,6,0.3333333333333333,0.16666666666666666,maximum_calibrated_patient_probability
yolo26,2026,model_specific,7,0.3888888888888889,0.14285714285714285,maximum_calibrated_patient_probability
yolo26,2026,model_specific,8,0.4444444444444444,0.125,maximum_calibrated_patient_probability
yolo26,2026,model_specific,9,0.5,0.1111111111111111,maximum_calibrated_patient_probability
yolo26,2026,model_specific,10,0.5555555555555556,0.2,maximum_calibrated_patient_probability
yolo26,2026,model_specific,11,0.6111111111111112,0.2727272727272727,maximum_calibrated_patient_probability
yolo26,2026,model_specific,12,0.6666666666666666,0.25,maximum_calibrated_patient_probability
yolo26,2026,model_specific,13,0.7222222222222222,0.23076923076923078,maximum_calibrated_patient_probability
yolo26,2026,model_specific,14,0.7777777777777778,0.2857142857142857,maximum_calibrated_patient_probability
yolo26,2026,model_specific,15,0.8333333333333334,0.3333333333333333,maximum_calibrated_patient_probability
yolo26,2026,model_specific,16,0.8888888888888888,0.375,maximum_calibrated_patient_probability
yolo26,2026,model_specific,17,0.9444444444444444,0.4117647058823529,maximum_calibrated_patient_probability
yolo26,2026,model_specific,18,1.0,0.4444444444444444,maximum_calibrated_patient_probability
yolo26,2026,standardized_resnet18,1,0.05555555555555555,0.0,maximum_calibrated_patient_probability
yolo26,2026,standardized_resnet18,2,0.1111111111111111,0.0,maximum_calibrated_patient_probability
yolo26,2026,standardized_resnet18,3,0.16666666666666666,0.3333333333333333,maximum_calibrated_patient_probability
yolo26,2026,standardized_resnet18,4,0.2222222222222222,0.25,maximum_calibrated_patient_probability
yolo26,2026,standardized_resnet18,5,0.2777777777777778,0.4,maximum_calibrated_patient_probability
yolo26,2026,standardized_resnet18,6,0.3333333333333333,0.3333333333333333,maximum_calibrated_patient_probability
yolo26,2026,standardized_resnet18,7,0.3888888888888889,0.2857142857142857,maximum_calibrated_patient_probability
yolo26,2026,standardized_resnet18,8,0.4444444444444444,0.25,maximum_calibrated_patient_probability
yolo26,2026,standardized_resnet18,9,0.5,0.2222222222222222,maximum_calibrated_patient_probability
yolo26,2026,standardized_resnet18,10,0.5555555555555556,0.2,maximum_calibrated_patient_probability
yolo26,2026,standardized_resnet18,11,0.6111111111111112,0.18181818181818182,maximum_calibrated_patient_probability
yolo26,2026,standardized_resnet18,12,0.6666666666666666,0.25,maximum_calibrated_patient_probability
yolo26,2026,standardized_resnet18,13,0.7222222222222222,0.23076923076923078,maximum_calibrated_patient_probability
yolo26,2026,standardized_resnet18,14,0.7777777777777778,0.2857142857142857,maximum_calibrated_patient_probability
yolo26,2026,standardized_resnet18,15,0.8333333333333334,0.3333333333333333,maximum_calibrated_patient_probability
yolo26,2026,standardized_resnet18,16,0.8888888888888888,0.375,maximum_calibrated_patient_probability
yolo26,2026,standardized_resnet18,17,0.9444444444444444,0.4117647058823529,maximum_calibrated_patient_probability
yolo26,2026,standardized_resnet18,18,1.0,0.4444444444444444,maximum_calibrated_patient_probability
yolo26,3407,model_specific,1,0.05555555555555555,0.0,maximum_calibrated_patient_probability
yolo26,3407,model_specific,2,0.1111111111111111,0.0,maximum_calibrated_patient_probability
yolo26,3407,model_specific,3,0.16666666666666666,0.0,maximum_calibrated_patient_probability
yolo26,3407,model_specific,4,0.2222222222222222,0.0,maximum_calibrated_patient_probability
yolo26,3407,model_specific,5,0.2777777777777778,0.2,maximum_calibrated_patient_probability
yolo26,3407,model_specific,6,0.3333333333333333,0.16666666666666666,maximum_calibrated_patient_probability
yolo26,3407,model_specific,7,0.3888888888888889,0.14285714285714285,maximum_calibrated_patient_probability
yolo26,3407,model_specific,8,0.4444444444444444,0.25,maximum_calibrated_patient_probability
yolo26,3407,model_specific,9,0.5,0.2222222222222222,maximum_calibrated_patient_probability
yolo26,3407,model_specific,10,0.5555555555555556,0.3,maximum_calibrated_patient_probability
yolo26,3407,model_specific,11,0.6111111111111112,0.36363636363636365,maximum_calibrated_patient_probability
yolo26,3407,model_specific,12,0.6666666666666666,0.4166666666666667,maximum_calibrated_patient_probability
yolo26,3407,model_specific,13,0.7222222222222222,0.38461538461538464,maximum_calibrated_patient_probability
yolo26,3407,model_specific,14,0.7777777777777778,0.35714285714285715,maximum_calibrated_patient_probability
yolo26,3407,model_specific,15,0.8333333333333334,0.3333333333333333,maximum_calibrated_patient_probability
yolo26,3407,model_specific,16,0.8888888888888888,0.375,maximum_calibrated_patient_probability
yolo26,3407,model_specific,17,0.9444444444444444,0.4117647058823529,maximum_calibrated_patient_probability
yolo26,3407,model_specific,18,1.0,0.4444444444444444,maximum_calibrated_patient_probability
yolo26,3407,standardized_resnet18,1,0.05555555555555555,0.0,maximum_calibrated_patient_probability
yolo26,3407,standardized_resnet18,2,0.1111111111111111,0.5,maximum_calibrated_patient_probability
yolo26,3407,standardized_resnet18,3,0.16666666666666666,0.3333333333333333,maximum_calibrated_patient_probability
yolo26,3407,standardized_resnet18,4,0.2222222222222222,0.25,maximum_calibrated_patient_probability
yolo26,3407,standardized_resnet18,5,0.2777777777777778,0.4,maximum_calibrated_patient_probability
yolo26,3407,standardized_resnet18,6,0.3333333333333333,0.3333333333333333,maximum_calibrated_patient_probability
yolo26,3407,standardized_resnet18,7,0.3888888888888889,0.2857142857142857,maximum_calibrated_patient_probability
yolo26,3407,standardized_resnet18,8,0.4444444444444444,0.375,maximum_calibrated_patient_probability
yolo26,3407,standardized_resnet18,9,0.5,0.3333333333333333,maximum_calibrated_patient_probability
yolo26,3407,standardized_resnet18,10,0.5555555555555556,0.4,maximum_calibrated_patient_probability
yolo26,3407,standardized_resnet18,11,0.6111111111111112,0.45454545454545453,maximum_calibrated_patient_probability
yolo26,3407,standardized_resnet18,12,0.6666666666666666,0.4166666666666667,maximum_calibrated_patient_probability
yolo26,3407,standardized_resnet18,13,0.7222222222222222,0.38461538461538464,maximum_calibrated_patient_probability
yolo26,3407,standardized_resnet18,14,0.7777777777777778,0.35714285714285715,maximum_calibrated_patient_probability
yolo26,3407,standardized_resnet18,15,0.8333333333333334,0.3333333333333333,maximum_calibrated_patient_probability
yolo26,3407,standardized_resnet18,16,0.8888888888888888,0.375,maximum_calibrated_patient_probability
yolo26,3407,standardized_resnet18,17,0.9444444444444444,0.4117647058823529,maximum_calibrated_patient_probability
yolo26,3407,standardized_resnet18,18,1.0,0.4444444444444444,maximum_calibrated_patient_probability
yolo26,9103,model_specific,1,0.05555555555555555,0.0,maximum_calibrated_patient_probability
yolo26,9103,model_specific,2,0.1111111111111111,0.0,maximum_calibrated_patient_probability
yolo26,9103,model_specific,3,0.16666666666666666,0.0,maximum_calibrated_patient_probability
yolo26,9103,model_specific,4,0.2222222222222222,0.25,maximum_calibrated_patient_probability
yolo26,9103,model_specific,5,0.2777777777777778,0.2,maximum_calibrated_patient_probability
yolo26,9103,model_specific,6,0.3333333333333333,0.16666666666666666,maximum_calibrated_patient_probability
yolo26,9103,model_specific,7,0.3888888888888889,0.14285714285714285,maximum_calibrated_patient_probability
yolo26,9103,model_specific,8,0.4444444444444444,0.125,maximum_calibrated_patient_probability
yolo26,9103,model_specific,9,0.5,0.1111111111111111,maximum_calibrated_patient_probability
yolo26,9103,model_specific,10,0.5555555555555556,0.2,maximum_calibrated_patient_probability
yolo26,9103,model_specific,11,0.6111111111111112,0.18181818181818182,maximum_calibrated_patient_probability
yolo26,9103,model_specific,12,0.6666666666666666,0.25,maximum_calibrated_patient_probability
yolo26,9103,model_specific,13,0.7222222222222222,0.23076923076923078,maximum_calibrated_patient_probability
yolo26,9103,model_specific,14,0.7777777777777778,0.21428571428571427,maximum_calibrated_patient_probability
yolo26,9103,model_specific,15,0.8333333333333334,0.2,maximum_calibrated_patient_probability
yolo26,9103,model_specific,16,0.8888888888888888,0.1875,maximum_calibrated_patient_probability
yolo26,9103,model_specific,17,0.9444444444444444,0.23529411764705882,maximum_calibrated_patient_probability
yolo26,9103,model_specific,18,1.0,0.2777777777777778,maximum_calibrated_patient_probability
yolo26,9103,standardized_resnet18,1,0.05555555555555555,0.0,maximum_calibrated_patient_probability
yolo26,9103,standardized_resnet18,2,0.1111111111111111,0.0,maximum_calibrated_patient_probability
yolo26,9103,standardized_resnet18,3,0.16666666666666666,0.0,maximum_calibrated_patient_probability
yolo26,9103,standardized_resnet18,4,0.2222222222222222,0.0,maximum_calibrated_patient_probability
yolo26,9103,standardized_resnet18,5,0.2777777777777778,0.0,maximum_calibrated_patient_probability
yolo26,9103,standardized_resnet18,6,0.3333333333333333,0.16666666666666666,maximum_calibrated_patient_probability
yolo26,9103,standardized_resnet18,7,0.3888888888888889,0.14285714285714285,maximum_calibrated_patient_probability
yolo26,9103,standardized_resnet18,8,0.4444444444444444,0.125,maximum_calibrated_patient_probability
yolo26,9103,standardized_resnet18,9,0.5,0.2222222222222222,maximum_calibrated_patient_probability
yolo26,9103,standardized_resnet18,10,0.5555555555555556,0.2,maximum_calibrated_patient_probability
yolo26,9103,standardized_resnet18,11,0.6111111111111112,0.18181818181818182,maximum_calibrated_patient_probability
yolo26,9103,standardized_resnet18,12,0.6666666666666666,0.16666666666666666,maximum_calibrated_patient_probability
yolo26,9103,standardized_resnet18,13,0.7222222222222222,0.15384615384615385,maximum_calibrated_patient_probability
yolo26,9103,standardized_resnet18,14,0.7777777777777778,0.14285714285714285,maximum_calibrated_patient_probability
yolo26,9103,standardized_resnet18,15,0.8333333333333334,0.2,maximum_calibrated_patient_probability
yolo26,9103,standardized_resnet18,16,0.8888888888888888,0.25,maximum_calibrated_patient_probability
yolo26,9103,standardized_resnet18,17,0.9444444444444444,0.29411764705882354,maximum_calibrated_patient_probability
yolo26,9103,standardized_resnet18,18,1.0,0.3333333333333333,maximum_calibrated_patient_probability
vit_method2,17,model_specific,1,0.05555555555555555,0.0,maximum_calibrated_patient_probability
vit_method2,17,model_specific,2,0.1111111111111111,0.0,maximum_calibrated_patient_probability
vit_method2,17,model_specific,3,0.16666666666666666,0.0,maximum_calibrated_patient_probability
vit_method2,17,model_specific,4,0.2222222222222222,0.0,maximum_calibrated_patient_probability
vit_method2,17,model_specific,5,0.2777777777777778,0.2,maximum_calibrated_patient_probability
vit_method2,17,model_specific,6,0.3333333333333333,0.16666666666666666,maximum_calibrated_patient_probability
vit_method2,17,model_specific,7,0.3888888888888889,0.2857142857142857,maximum_calibrated_patient_probability
vit_method2,17,model_specific,8,0.4444444444444444,0.25,maximum_calibrated_patient_probability
vit_method2,17,model_specific,9,0.5,0.2222222222222222,maximum_calibrated_patient_probability
vit_method2,17,model_specific,10,0.5555555555555556,0.2,maximum_calibrated_patient_probability
vit_method2,17,model_specific,11,0.6111111111111112,0.18181818181818182,maximum_calibrated_patient_probability
vit_method2,17,model_specific,12,0.6666666666666666,0.25,maximum_calibrated_patient_probability
vit_method2,17,model_specific,13,0.7222222222222222,0.23076923076923078,maximum_calibrated_patient_probability
vit_method2,17,model_specific,14,0.7777777777777778,0.21428571428571427,maximum_calibrated_patient_probability
vit_method2,17,model_specific,15,0.8333333333333334,0.2,maximum_calibrated_patient_probability
vit_method2,17,model_specific,16,0.8888888888888888,0.1875,maximum_calibrated_patient_probability
vit_method2,17,model_specific,17,0.9444444444444444,0.17647058823529413,maximum_calibrated_patient_probability
vit_method2,17,model_specific,18,1.0,0.2222222222222222,maximum_calibrated_patient_probability
vit_method2,17,standardized_resnet18,1,0.05555555555555555,0.0,maximum_calibrated_patient_probability
vit_method2,17,standardized_resnet18,2,0.1111111111111111,0.0,maximum_calibrated_patient_probability
vit_method2,17,standardized_resnet18,3,0.16666666666666666,0.0,maximum_calibrated_patient_probability
vit_method2,17,standardized_resnet18,4,0.2222222222222222,0.0,maximum_calibrated_patient_probability
vit_method2,17,standardized_resnet18,5,0.2777777777777778,0.0,maximum_calibrated_patient_probability
vit_method2,17,standardized_resnet18,6,0.3333333333333333,0.0,maximum_calibrated_patient_probability
vit_method2,17,standardized_resnet18,7,0.3888888888888889,0.14285714285714285,maximum_calibrated_patient_probability
vit_method2,17,standardized_resnet18,8,0.4444444444444444,0.25,maximum_calibrated_patient_probability
vit_method2,17,standardized_resnet18,9,0.5,0.3333333333333333,maximum_calibrated_patient_probability
vit_method2,17,standardized_resnet18,10,0.5555555555555556,0.3,maximum_calibrated_patient_probability
vit_method2,17,standardized_resnet18,11,0.6111111111111112,0.36363636363636365,maximum_calibrated_patient_probability
vit_method2,17,standardized_resnet18,12,0.6666666666666666,0.3333333333333333,maximum_calibrated_patient_probability
vit_method2,17,standardized_resnet18,13,0.7222222222222222,0.3076923076923077,maximum_calibrated_patient_probability
vit_method2,17,standardized_resnet18,14,0.7777777777777778,0.35714285714285715,maximum_calibrated_patient_probability
vit_method2,17,standardized_resnet18,15,0.8333333333333334,0.4,maximum_calibrated_patient_probability
vit_method2,17,standardized_resnet18,16,0.8888888888888888,0.375,maximum_calibrated_patient_probability
vit_method2,17,standardized_resnet18,17,0.9444444444444444,0.35294117647058826,maximum_calibrated_patient_probability
vit_method2,17,standardized_resnet18,18,1.0,0.3333333333333333,maximum_calibrated_patient_probability
vit_method2,42,model_specific,1,0.05555555555555555,0.0,maximum_calibrated_patient_probability
vit_method2,42,model_specific,2,0.1111111111111111,0.0,maximum_calibrated_patient_probability
vit_method2,42,model_specific,3,0.16666666666666666,0.0,maximum_calibrated_patient_probability
vit_method2,42,model_specific,4,0.2222222222222222,0.0,maximum_calibrated_patient_probability
vit_method2,42,model_specific,5,0.2777777777777778,0.0,maximum_calibrated_patient_probability
vit_method2,42,model_specific,6,0.3333333333333333,0.0,maximum_calibrated_patient_probability
vit_method2,42,model_specific,7,0.3888888888888889,0.0,maximum_calibrated_patient_probability
vit_method2,42,model_specific,8,0.4444444444444444,0.125,maximum_calibrated_patient_probability
vit_method2,42,model_specific,9,0.5,0.1111111111111111,maximum_calibrated_patient_probability
vit_method2,42,model_specific,10,0.5555555555555556,0.2,maximum_calibrated_patient_probability
vit_method2,42,model_specific,11,0.6111111111111112,0.2727272727272727,maximum_calibrated_patient_probability
vit_method2,42,model_specific,12,0.6666666666666666,0.25,maximum_calibrated_patient_probability
vit_method2,42,model_specific,13,0.7222222222222222,0.3076923076923077,maximum_calibrated_patient_probability
vit_method2,42,model_specific,14,0.7777777777777778,0.2857142857142857,maximum_calibrated_patient_probability
vit_method2,42,model_specific,15,0.8333333333333334,0.26666666666666666,maximum_calibrated_patient_probability
vit_method2,42,model_specific,16,0.8888888888888888,0.3125,maximum_calibrated_patient_probability
vit_method2,42,model_specific,17,0.9444444444444444,0.35294117647058826,maximum_calibrated_patient_probability
vit_method2,42,model_specific,18,1.0,0.3888888888888889,maximum_calibrated_patient_probability
vit_method2,42,standardized_resnet18,1,0.05555555555555555,0.0,maximum_calibrated_patient_probability
vit_method2,42,standardized_resnet18,2,0.1111111111111111,0.0,maximum_calibrated_patient_probability
vit_method2,42,standardized_resnet18,3,0.16666666666666666,0.0,maximum_calibrated_patient_probability
vit_method2,42,standardized_resnet18,4,0.2222222222222222,0.25,maximum_calibrated_patient_probability
vit_method2,42,standardized_resnet18,5,0.2777777777777778,0.2,maximum_calibrated_patient_probability
vit_method2,42,standardized_resnet18,6,0.3333333333333333,0.16666666666666666,maximum_calibrated_patient_probability
vit_method2,42,standardized_resnet18,7,0.3888888888888889,0.14285714285714285,maximum_calibrated_patient_probability
vit_method2,42,standardized_resnet18,8,0.4444444444444444,0.125,maximum_calibrated_patient_probability
vit_method2,42,standardized_resnet18,9,0.5,0.1111111111111111,maximum_calibrated_patient_probability
vit_method2,42,standardized_resnet18,10,0.5555555555555556,0.1,maximum_calibrated_patient_probability
vit_method2,42,standardized_resnet18,11,0.6111111111111112,0.18181818181818182,maximum_calibrated_patient_probability
vit_method2,42,standardized_resnet18,12,0.6666666666666666,0.16666666666666666,maximum_calibrated_patient_probability
vit_method2,42,standardized_resnet18,13,0.7222222222222222,0.23076923076923078,maximum_calibrated_patient_probability
vit_method2,42,standardized_resnet18,14,0.7777777777777778,0.2857142857142857,maximum_calibrated_patient_probability
vit_method2,42,standardized_resnet18,15,0.8333333333333334,0.26666666666666666,maximum_calibrated_patient_probability
vit_method2,42,standardized_resnet18,16,0.8888888888888888,0.25,maximum_calibrated_patient_probability
vit_method2,42,standardized_resnet18,17,0.9444444444444444,0.29411764705882354,maximum_calibrated_patient_probability
vit_method2,42,standardized_resnet18,18,1.0,0.3333333333333333,maximum_calibrated_patient_probability
vit_method2,2026,model_specific,1,0.05555555555555555,0.0,maximum_calibrated_patient_probability
vit_method2,2026,model_specific,2,0.1111111111111111,0.5,maximum_calibrated_patient_probability
vit_method2,2026,model_specific,3,0.16666666666666666,0.3333333333333333,maximum_calibrated_patient_probability
vit_method2,2026,model_specific,4,0.2222222222222222,0.25,maximum_calibrated_patient_probability
vit_method2,2026,model_specific,5,0.2777777777777778,0.4,maximum_calibrated_patient_probability
vit_method2,2026,model_specific,6,0.3333333333333333,0.5,maximum_calibrated_patient_probability
vit_method2,2026,model_specific,7,0.3888888888888889,0.5714285714285714,maximum_calibrated_patient_probability
vit_method2,2026,model_specific,8,0.4444444444444444,0.625,maximum_calibrated_patient_probability
vit_method2,2026,model_specific,9,0.5,0.6666666666666666,maximum_calibrated_patient_probability
vit_method2,2026,model_specific,10,0.5555555555555556,0.6,maximum_calibrated_patient_probability
vit_method2,2026,model_specific,11,0.6111111111111112,0.6363636363636364,maximum_calibrated_patient_probability
vit_method2,2026,model_specific,12,0.6666666666666666,0.6666666666666666,maximum_calibrated_patient_probability
vit_method2,2026,model_specific,13,0.7222222222222222,0.6923076923076923,maximum_calibrated_patient_probability
vit_method2,2026,model_specific,14,0.7777777777777778,0.7142857142857143,maximum_calibrated_patient_probability
vit_method2,2026,model_specific,15,0.8333333333333334,0.7333333333333333,maximum_calibrated_patient_probability
vit_method2,2026,model_specific,16,0.8888888888888888,0.6875,maximum_calibrated_patient_probability
vit_method2,2026,model_specific,17,0.9444444444444444,0.7058823529411765,maximum_calibrated_patient_probability
vit_method2,2026,model_specific,18,1.0,0.7222222222222222,maximum_calibrated_patient_probability
vit_method2,2026,standardized_resnet18,1,0.05555555555555555,0.0,maximum_calibrated_patient_probability
vit_method2,2026,standardized_resnet18,2,0.1111111111111111,0.0,maximum_calibrated_patient_probability
vit_method2,2026,standardized_resnet18,3,0.16666666666666666,0.0,maximum_calibrated_patient_probability
vit_method2,2026,standardized_resnet18,4,0.2222222222222222,0.0,maximum_calibrated_patient_probability
vit_method2,2026,standardized_resnet18,5,0.2777777777777778,0.0,maximum_calibrated_patient_probability
vit_method2,2026,standardized_resnet18,6,0.3333333333333333,0.0,maximum_calibrated_patient_probability
vit_method2,2026,standardized_resnet18,7,0.3888888888888889,0.0,maximum_calibrated_patient_probability
vit_method2,2026,standardized_resnet18,8,0.4444444444444444,0.0,maximum_calibrated_patient_probability
vit_method2,2026,standardized_resnet18,9,0.5,0.0,maximum_calibrated_patient_probability
vit_method2,2026,standardized_resnet18,10,0.5555555555555556,0.0,maximum_calibrated_patient_probability
vit_method2,2026,standardized_resnet18,11,0.6111111111111112,0.0,maximum_calibrated_patient_probability
vit_method2,2026,standardized_resnet18,12,0.6666666666666666,0.08333333333333333,maximum_calibrated_patient_probability
vit_method2,2026,standardized_resnet18,13,0.7222222222222222,0.07692307692307693,maximum_calibrated_patient_probability
vit_method2,2026,standardized_resnet18,14,0.7777777777777778,0.07142857142857142,maximum_calibrated_patient_probability
vit_method2,2026,standardized_resnet18,15,0.8333333333333334,0.06666666666666667,maximum_calibrated_patient_probability
vit_method2,2026,standardized_resnet18,16,0.8888888888888888,0.125,maximum_calibrated_patient_probability
vit_method2,2026,standardized_resnet18,17,0.9444444444444444,0.11764705882352941,maximum_calibrated_patient_probability
vit_method2,2026,standardized_resnet18,18,1.0,0.16666666666666666,maximum_calibrated_patient_probability
vit_method2,3407,model_specific,1,0.05555555555555555,0.0,maximum_calibrated_patient_probability
vit_method2,3407,model_specific,2,0.1111111111111111,0.0,maximum_calibrated_patient_probability
vit_method2,3407,model_specific,3,0.16666666666666666,0.3333333333333333,maximum_calibrated_patient_probability
vit_method2,3407,model_specific,4,0.2222222222222222,0.25,maximum_calibrated_patient_probability
vit_method2,3407,model_specific,5,0.2777777777777778,0.2,maximum_calibrated_patient_probability
vit_method2,3407,model_specific,6,0.3333333333333333,0.3333333333333333,maximum_calibrated_patient_probability
vit_method2,3407,model_specific,7,0.3888888888888889,0.2857142857142857,maximum_calibrated_patient_probability
vit_method2,3407,model_specific,8,0.4444444444444444,0.375,maximum_calibrated_patient_probability
vit_method2,3407,model_specific,9,0.5,0.4444444444444444,maximum_calibrated_patient_probability
vit_method2,3407,model_specific,10,0.5555555555555556,0.4,maximum_calibrated_patient_probability
vit_method2,3407,model_specific,11,0.6111111111111112,0.36363636363636365,maximum_calibrated_patient_probability
vit_method2,3407,model_specific,12,0.6666666666666666,0.4166666666666667,maximum_calibrated_patient_probability
vit_method2,3407,model_specific,13,0.7222222222222222,0.38461538461538464,maximum_calibrated_patient_probability
vit_method2,3407,model_specific,14,0.7777777777777778,0.42857142857142855,maximum_calibrated_patient_probability
vit_method2,3407,model_specific,15,0.8333333333333334,0.4666666666666667,maximum_calibrated_patient_probability
vit_method2,3407,model_specific,16,0.8888888888888888,0.5,maximum_calibrated_patient_probability
vit_method2,3407,model_specific,17,0.9444444444444444,0.47058823529411764,maximum_calibrated_patient_probability
vit_method2,3407,model_specific,18,1.0,0.5,maximum_calibrated_patient_probability
vit_method2,3407,standardized_resnet18,1,0.05555555555555555,0.0,maximum_calibrated_patient_probability
vit_method2,3407,standardized_resnet18,2,0.1111111111111111,0.5,maximum_calibrated_patient_probability
vit_method2,3407,standardized_resnet18,3,0.16666666666666666,0.3333333333333333,maximum_calibrated_patient_probability
vit_method2,3407,standardized_resnet18,4,0.2222222222222222,0.25,maximum_calibrated_patient_probability
vit_method2,3407,standardized_resnet18,5,0.2777777777777778,0.4,maximum_calibrated_patient_probability
vit_method2,3407,standardized_resnet18,6,0.3333333333333333,0.3333333333333333,maximum_calibrated_patient_probability
vit_method2,3407,standardized_resnet18,7,0.3888888888888889,0.2857142857142857,maximum_calibrated_patient_probability
vit_method2,3407,standardized_resnet18,8,0.4444444444444444,0.25,maximum_calibrated_patient_probability
vit_method2,3407,standardized_resnet18,9,0.5,0.3333333333333333,maximum_calibrated_patient_probability
vit_method2,3407,standardized_resnet18,10,0.5555555555555556,0.3,maximum_calibrated_patient_probability
vit_method2,3407,standardized_resnet18,11,0.6111111111111112,0.2727272727272727,maximum_calibrated_patient_probability
vit_method2,3407,standardized_resnet18,12,0.6666666666666666,0.3333333333333333,maximum_calibrated_patient_probability
vit_method2,3407,standardized_resnet18,13,0.7222222222222222,0.3076923076923077,maximum_calibrated_patient_probability
vit_method2,3407,standardized_resnet18,14,0.7777777777777778,0.35714285714285715,maximum_calibrated_patient_probability
vit_method2,3407,standardized_resnet18,15,0.8333333333333334,0.4,maximum_calibrated_patient_probability
vit_method2,3407,standardized_resnet18,16,0.8888888888888888,0.375,maximum_calibrated_patient_probability
vit_method2,3407,standardized_resnet18,17,0.9444444444444444,0.35294117647058826,maximum_calibrated_patient_probability
vit_method2,3407,standardized_resnet18,18,1.0,0.3888888888888889,maximum_calibrated_patient_probability
vit_method2,9103,model_specific,1,0.05555555555555555,0.0,maximum_calibrated_patient_probability
vit_method2,9103,model_specific,2,0.1111111111111111,0.0,maximum_calibrated_patient_probability
vit_method2,9103,model_specific,3,0.16666666666666666,0.0,maximum_calibrated_patient_probability
vit_method2,9103,model_specific,4,0.2222222222222222,0.0,maximum_calibrated_patient_probability
vit_method2,9103,model_specific,5,0.2777777777777778,0.0,maximum_calibrated_patient_probability
vit_method2,9103,model_specific,6,0.3333333333333333,0.0,maximum_calibrated_patient_probability
vit_method2,9103,model_specific,7,0.3888888888888889,0.0,maximum_calibrated_patient_probability
vit_method2,9103,model_specific,8,0.4444444444444444,0.0,maximum_calibrated_patient_probability
vit_method2,9103,model_specific,9,0.5,0.1111111111111111,maximum_calibrated_patient_probability
vit_method2,9103,model_specific,10,0.5555555555555556,0.2,maximum_calibrated_patient_probability
vit_method2,9103,model_specific,11,0.6111111111111112,0.18181818181818182,maximum_calibrated_patient_probability
vit_method2,9103,model_specific,12,0.6666666666666666,0.25,maximum_calibrated_patient_probability
vit_method2,9103,model_specific,13,0.7222222222222222,0.23076923076923078,maximum_calibrated_patient_probability
vit_method2,9103,model_specific,14,0.7777777777777778,0.21428571428571427,maximum_calibrated_patient_probability
vit_method2,9103,model_specific,15,0.8333333333333334,0.26666666666666666,maximum_calibrated_patient_probability
vit_method2,9103,model_specific,16,0.8888888888888888,0.25,maximum_calibrated_patient_probability
vit_method2,9103,model_specific,17,0.9444444444444444,0.29411764705882354,maximum_calibrated_patient_probability
vit_method2,9103,model_specific,18,1.0,0.2777777777777778,maximum_calibrated_patient_probability
vit_method2,9103,standardized_resnet18,1,0.05555555555555555,0.0,maximum_calibrated_patient_probability
vit_method2,9103,standardized_resnet18,2,0.1111111111111111,0.0,maximum_calibrated_patient_probability
vit_method2,9103,standardized_resnet18,3,0.16666666666666666,0.0,maximum_calibrated_patient_probability
vit_method2,9103,standardized_resnet18,4,0.2222222222222222,0.25,maximum_calibrated_patient_probability
vit_method2,9103,standardized_resnet18,5,0.2777777777777778,0.2,maximum_calibrated_patient_probability
vit_method2,9103,standardized_resnet18,6,0.3333333333333333,0.16666666666666666,maximum_calibrated_patient_probability
vit_method2,9103,standardized_resnet18,7,0.3888888888888889,0.14285714285714285,maximum_calibrated_patient_probability
vit_method2,9103,standardized_resnet18,8,0.4444444444444444,0.25,maximum_calibrated_patient_probability
vit_method2,9103,standardized_resnet18,9,0.5,0.2222222222222222,maximum_calibrated_patient_probability
vit_method2,9103,standardized_resnet18,10,0.5555555555555556,0.2,maximum_calibrated_patient_probability
vit_method2,9103,standardized_resnet18,11,0.6111111111111112,0.18181818181818182,maximum_calibrated_patient_probability
vit_method2,9103,standardized_resnet18,12,0.6666666666666666,0.25,maximum_calibrated_patient_probability
vit_method2,9103,standardized_resnet18,13,0.7222222222222222,0.3076923076923077,maximum_calibrated_patient_probability
vit_method2,9103,standardized_resnet18,14,0.7777777777777778,0.2857142857142857,maximum_calibrated_patient_probability
vit_method2,9103,standardized_resnet18,15,0.8333333333333334,0.26666666666666666,maximum_calibrated_patient_probability
vit_method2,9103,standardized_resnet18,16,0.8888888888888888,0.25,maximum_calibrated_patient_probability
vit_method2,9103,standardized_resnet18,17,0.9444444444444444,0.29411764705882354,maximum_calibrated_patient_probability
vit_method2,9103,standardized_resnet18,18,1.0,0.2777777777777778,maximum_calibrated_patient_probability
emcad,17,model_specific,1,0.05555555555555555,0.0,maximum_calibrated_patient_probability
emcad,17,model_specific,2,0.1111111111111111,0.0,maximum_calibrated_patient_probability
emcad,17,model_specific,3,0.16666666666666666,0.0,maximum_calibrated_patient_probability
emcad,17,model_specific,4,0.2222222222222222,0.0,maximum_calibrated_patient_probability
emcad,17,model_specific,5,0.2777777777777778,0.0,maximum_calibrated_patient_probability
emcad,17,model_specific,6,0.3333333333333333,0.16666666666666666,maximum_calibrated_patient_probability
emcad,17,model_specific,7,0.3888888888888889,0.14285714285714285,maximum_calibrated_patient_probability
emcad,17,model_specific,8,0.4444444444444444,0.125,maximum_calibrated_patient_probability
emcad,17,model_specific,9,0.5,0.2222222222222222,maximum_calibrated_patient_probability
emcad,17,model_specific,10,0.5555555555555556,0.3,maximum_calibrated_patient_probability
emcad,17,model_specific,11,0.6111111111111112,0.2727272727272727,maximum_calibrated_patient_probability
emcad,17,model_specific,12,0.6666666666666666,0.25,maximum_calibrated_patient_probability
emcad,17,model_specific,13,0.7222222222222222,0.3076923076923077,maximum_calibrated_patient_probability
emcad,17,model_specific,14,0.7777777777777778,0.35714285714285715,maximum_calibrated_patient_probability
emcad,17,model_specific,15,0.8333333333333334,0.3333333333333333,maximum_calibrated_patient_probability
emcad,17,model_specific,16,0.8888888888888888,0.375,maximum_calibrated_patient_probability
emcad,17,model_specific,17,0.9444444444444444,0.35294117647058826,maximum_calibrated_patient_probability
emcad,17,model_specific,18,1.0,0.3333333333333333,maximum_calibrated_patient_probability
emcad,17,standardized_resnet18,1,0.05555555555555555,0.0,maximum_calibrated_patient_probability
emcad,17,standardized_resnet18,2,0.1111111111111111,0.0,maximum_calibrated_patient_probability
emcad,17,standardized_resnet18,3,0.16666666666666666,0.0,maximum_calibrated_patient_probability
emcad,17,standardized_resnet18,4,0.2222222222222222,0.0,maximum_calibrated_patient_probability
emcad,17,standardized_resnet18,5,0.2777777777777778,0.2,maximum_calibrated_patient_probability
emcad,17,standardized_resnet18,6,0.3333333333333333,0.16666666666666666,maximum_calibrated_patient_probability
emcad,17,standardized_resnet18,7,0.3888888888888889,0.14285714285714285,maximum_calibrated_patient_probability
emcad,17,standardized_resnet18,8,0.4444444444444444,0.125,maximum_calibrated_patient_probability
emcad,17,standardized_resnet18,9,0.5,0.1111111111111111,maximum_calibrated_patient_probability
emcad,17,standardized_resnet18,10,0.5555555555555556,0.1,maximum_calibrated_patient_probability
emcad,17,standardized_resnet18,11,0.6111111111111112,0.09090909090909091,maximum_calibrated_patient_probability
emcad,17,standardized_resnet18,12,0.6666666666666666,0.16666666666666666,maximum_calibrated_patient_probability
emcad,17,standardized_resnet18,13,0.7222222222222222,0.15384615384615385,maximum_calibrated_patient_probability
emcad,17,standardized_resnet18,14,0.7777777777777778,0.14285714285714285,maximum_calibrated_patient_probability
emcad,17,standardized_resnet18,15,0.8333333333333334,0.2,maximum_calibrated_patient_probability
emcad,17,standardized_resnet18,16,0.8888888888888888,0.25,maximum_calibrated_patient_probability
emcad,17,standardized_resnet18,17,0.9444444444444444,0.29411764705882354,maximum_calibrated_patient_probability
emcad,17,standardized_resnet18,18,1.0,0.3333333333333333,maximum_calibrated_patient_probability
emcad,42,model_specific,1,0.05555555555555555,0.0,maximum_calibrated_patient_probability
emcad,42,model_specific,2,0.1111111111111111,0.0,maximum_calibrated_patient_probability
emcad,42,model_specific,3,0.16666666666666666,0.0,maximum_calibrated_patient_probability
emcad,42,model_specific,4,0.2222222222222222,0.0,maximum_calibrated_patient_probability
emcad,42,model_specific,5,0.2777777777777778,0.2,maximum_calibrated_patient_probability
emcad,42,model_specific,6,0.3333333333333333,0.16666666666666666,maximum_calibrated_patient_probability
emcad,42,model_specific,7,0.3888888888888889,0.14285714285714285,maximum_calibrated_patient_probability
emcad,42,model_specific,8,0.4444444444444444,0.125,maximum_calibrated_patient_probability
emcad,42,model_specific,9,0.5,0.2222222222222222,maximum_calibrated_patient_probability
emcad,42,model_specific,10,0.5555555555555556,0.2,maximum_calibrated_patient_probability
emcad,42,model_specific,11,0.6111111111111112,0.18181818181818182,maximum_calibrated_patient_probability
emcad,42,model_specific,12,0.6666666666666666,0.16666666666666666,maximum_calibrated_patient_probability
emcad,42,model_specific,13,0.7222222222222222,0.15384615384615385,maximum_calibrated_patient_probability
emcad,42,model_specific,14,0.7777777777777778,0.14285714285714285,maximum_calibrated_patient_probability
emcad,42,model_specific,15,0.8333333333333334,0.2,maximum_calibrated_patient_probability
emcad,42,model_specific,16,0.8888888888888888,0.25,maximum_calibrated_patient_probability
emcad,42,model_specific,17,0.9444444444444444,0.23529411764705882,maximum_calibrated_patient_probability
emcad,42,model_specific,18,1.0,0.2222222222222222,maximum_calibrated_patient_probability
emcad,42,standardized_resnet18,1,0.05555555555555555,0.0,maximum_calibrated_patient_probability
emcad,42,standardized_resnet18,2,0.1111111111111111,0.0,maximum_calibrated_patient_probability
emcad,42,standardized_resnet18,3,0.16666666666666666,0.0,maximum_calibrated_patient_probability
emcad,42,standardized_resnet18,4,0.2222222222222222,0.25,maximum_calibrated_patient_probability
emcad,42,standardized_resnet18,5,0.2777777777777778,0.2,maximum_calibrated_patient_probability
emcad,42,standardized_resnet18,6,0.3333333333333333,0.3333333333333333,maximum_calibrated_patient_probability
emcad,42,standardized_resnet18,7,0.3888888888888889,0.2857142857142857,maximum_calibrated_patient_probability
emcad,42,standardized_resnet18,8,0.4444444444444444,0.25,maximum_calibrated_patient_probability
emcad,42,standardized_resnet18,9,0.5,0.2222222222222222,maximum_calibrated_patient_probability
emcad,42,standardized_resnet18,10,0.5555555555555556,0.2,maximum_calibrated_patient_probability
emcad,42,standardized_resnet18,11,0.6111111111111112,0.18181818181818182,maximum_calibrated_patient_probability
emcad,42,standardized_resnet18,12,0.6666666666666666,0.16666666666666666,maximum_calibrated_patient_probability
emcad,42,standardized_resnet18,13,0.7222222222222222,0.23076923076923078,maximum_calibrated_patient_probability
emcad,42,standardized_resnet18,14,0.7777777777777778,0.21428571428571427,maximum_calibrated_patient_probability
emcad,42,standardized_resnet18,15,0.8333333333333334,0.2,maximum_calibrated_patient_probability
emcad,42,standardized_resnet18,16,0.8888888888888888,0.1875,maximum_calibrated_patient_probability
emcad,42,standardized_resnet18,17,0.9444444444444444,0.23529411764705882,maximum_calibrated_patient_probability
emcad,42,standardized_resnet18,18,1.0,0.2222222222222222,maximum_calibrated_patient_probability
emcad,2026,model_specific,1,0.05555555555555555,0.0,maximum_calibrated_patient_probability
emcad,2026,model_specific,2,0.1111111111111111,0.5,maximum_calibrated_patient_probability
emcad,2026,model_specific,3,0.16666666666666666,0.3333333333333333,maximum_calibrated_patient_probability
emcad,2026,model_specific,4,0.2222222222222222,0.25,maximum_calibrated_patient_probability
emcad,2026,model_specific,5,0.2777777777777778,0.2,maximum_calibrated_patient_probability
emcad,2026,model_specific,6,0.3333333333333333,0.16666666666666666,maximum_calibrated_patient_probability
emcad,2026,model_specific,7,0.3888888888888889,0.14285714285714285,maximum_calibrated_patient_probability
emcad,2026,model_specific,8,0.4444444444444444,0.125,maximum_calibrated_patient_probability
emcad,2026,model_specific,9,0.5,0.2222222222222222,maximum_calibrated_patient_probability
emcad,2026,model_specific,10,0.5555555555555556,0.2,maximum_calibrated_patient_probability
emcad,2026,model_specific,11,0.6111111111111112,0.18181818181818182,maximum_calibrated_patient_probability
emcad,2026,model_specific,12,0.6666666666666666,0.25,maximum_calibrated_patient_probability
emcad,2026,model_specific,13,0.7222222222222222,0.23076923076923078,maximum_calibrated_patient_probability
emcad,2026,model_specific,14,0.7777777777777778,0.2857142857142857,maximum_calibrated_patient_probability
emcad,2026,model_specific,15,0.8333333333333334,0.26666666666666666,maximum_calibrated_patient_probability
emcad,2026,model_specific,16,0.8888888888888888,0.3125,maximum_calibrated_patient_probability
emcad,2026,model_specific,17,0.9444444444444444,0.35294117647058826,maximum_calibrated_patient_probability
emcad,2026,model_specific,18,1.0,0.3888888888888889,maximum_calibrated_patient_probability
emcad,2026,standardized_resnet18,1,0.05555555555555555,0.0,maximum_calibrated_patient_probability
emcad,2026,standardized_resnet18,2,0.1111111111111111,0.0,maximum_calibrated_patient_probability
emcad,2026,standardized_resnet18,3,0.16666666666666666,0.0,maximum_calibrated_patient_probability
emcad,2026,standardized_resnet18,4,0.2222222222222222,0.0,maximum_calibrated_patient_probability
emcad,2026,standardized_resnet18,5,0.2777777777777778,0.2,maximum_calibrated_patient_probability
emcad,2026,standardized_resnet18,6,0.3333333333333333,0.16666666666666666,maximum_calibrated_patient_probability
emcad,2026,standardized_resnet18,7,0.3888888888888889,0.14285714285714285,maximum_calibrated_patient_probability
emcad,2026,standardized_resnet18,8,0.4444444444444444,0.125,maximum_calibrated_patient_probability
emcad,2026,standardized_resnet18,9,0.5,0.1111111111111111,maximum_calibrated_patient_probability
emcad,2026,standardized_resnet18,10,0.5555555555555556,0.1,maximum_calibrated_patient_probability
emcad,2026,standardized_resnet18,11,0.6111111111111112,0.09090909090909091,maximum_calibrated_patient_probability
emcad,2026,standardized_resnet18,12,0.6666666666666666,0.16666666666666666,maximum_calibrated_patient_probability
emcad,2026,standardized_resnet18,13,0.7222222222222222,0.15384615384615385,maximum_calibrated_patient_probability
emcad,2026,standardized_resnet18,14,0.7777777777777778,0.21428571428571427,maximum_calibrated_patient_probability
emcad,2026,standardized_resnet18,15,0.8333333333333334,0.2,maximum_calibrated_patient_probability
emcad,2026,standardized_resnet18,16,0.8888888888888888,0.25,maximum_calibrated_patient_probability
emcad,2026,standardized_resnet18,17,0.9444444444444444,0.29411764705882354,maximum_calibrated_patient_probability
emcad,2026,standardized_resnet18,18,1.0,0.3333333333333333,maximum_calibrated_patient_probability
emcad,3407,model_specific,1,0.05555555555555555,0.0,maximum_calibrated_patient_probability
emcad,3407,model_specific,2,0.1111111111111111,0.0,maximum_calibrated_patient_probability
emcad,3407,model_specific,3,0.16666666666666666,0.3333333333333333,maximum_calibrated_patient_probability
emcad,3407,model_specific,4,0.2222222222222222,0.25,maximum_calibrated_patient_probability
emcad,3407,model_specific,5,0.2777777777777778,0.2,maximum_calibrated_patient_probability
emcad,3407,model_specific,6,0.3333333333333333,0.3333333333333333,maximum_calibrated_patient_probability
emcad,3407,model_specific,7,0.3888888888888889,0.2857142857142857,maximum_calibrated_patient_probability
emcad,3407,model_specific,8,0.4444444444444444,0.25,maximum_calibrated_patient_probability
emcad,3407,model_specific,9,0.5,0.3333333333333333,maximum_calibrated_patient_probability
emcad,3407,model_specific,10,0.5555555555555556,0.4,maximum_calibrated_patient_probability
emcad,3407,model_specific,11,0.6111111111111112,0.45454545454545453,maximum_calibrated_patient_probability
emcad,3407,model_specific,12,0.6666666666666666,0.4166666666666667,maximum_calibrated_patient_probability
emcad,3407,model_specific,13,0.7222222222222222,0.46153846153846156,maximum_calibrated_patient_probability
emcad,3407,model_specific,14,0.7777777777777778,0.5,maximum_calibrated_patient_probability
emcad,3407,model_specific,15,0.8333333333333334,0.5333333333333333,maximum_calibrated_patient_probability
emcad,3407,model_specific,16,0.8888888888888888,0.5625,maximum_calibrated_patient_probability
emcad,3407,model_specific,17,0.9444444444444444,0.5882352941176471,maximum_calibrated_patient_probability
emcad,3407,model_specific,18,1.0,0.6111111111111112,maximum_calibrated_patient_probability
emcad,3407,standardized_resnet18,1,0.05555555555555555,1.0,maximum_calibrated_patient_probability
emcad,3407,standardized_resnet18,2,0.1111111111111111,0.5,maximum_calibrated_patient_probability
emcad,3407,standardized_resnet18,3,0.16666666666666666,0.3333333333333333,maximum_calibrated_patient_probability
emcad,3407,standardized_resnet18,4,0.2222222222222222,0.25,maximum_calibrated_patient_probability
emcad,3407,standardized_resnet18,5,0.2777777777777778,0.2,maximum_calibrated_patient_probability
emcad,3407,standardized_resnet18,6,0.3333333333333333,0.3333333333333333,maximum_calibrated_patient_probability
emcad,3407,standardized_resnet18,7,0.3888888888888889,0.2857142857142857,maximum_calibrated_patient_probability
emcad,3407,standardized_resnet18,8,0.4444444444444444,0.375,maximum_calibrated_patient_probability
emcad,3407,standardized_resnet18,9,0.5,0.3333333333333333,maximum_calibrated_patient_probability
emcad,3407,standardized_resnet18,10,0.5555555555555556,0.3,maximum_calibrated_patient_probability
emcad,3407,standardized_resnet18,11,0.6111111111111112,0.36363636363636365,maximum_calibrated_patient_probability
emcad,3407,standardized_resnet18,12,0.6666666666666666,0.4166666666666667,maximum_calibrated_patient_probability
emcad,3407,standardized_resnet18,13,0.7222222222222222,0.46153846153846156,maximum_calibrated_patient_probability
emcad,3407,standardized_resnet18,14,0.7777777777777778,0.42857142857142855,maximum_calibrated_patient_probability
emcad,3407,standardized_resnet18,15,0.8333333333333334,0.4,maximum_calibrated_patient_probability
emcad,3407,standardized_resnet18,16,0.8888888888888888,0.4375,maximum_calibrated_patient_probability
emcad,3407,standardized_resnet18,17,0.9444444444444444,0.47058823529411764,maximum_calibrated_patient_probability
emcad,3407,standardized_resnet18,18,1.0,0.5,maximum_calibrated_patient_probability
emcad,9103,model_specific,1,0.05555555555555555,0.0,maximum_calibrated_patient_probability
emcad,9103,model_specific,2,0.1111111111111111,0.0,maximum_calibrated_patient_probability
emcad,9103,model_specific,3,0.16666666666666666,0.0,maximum_calibrated_patient_probability
emcad,9103,model_specific,4,0.2222222222222222,0.0,maximum_calibrated_patient_probability
emcad,9103,model_specific,5,0.2777777777777778,0.0,maximum_calibrated_patient_probability
emcad,9103,model_specific,6,0.3333333333333333,0.16666666666666666,maximum_calibrated_patient_probability
emcad,9103,model_specific,7,0.3888888888888889,0.14285714285714285,maximum_calibrated_patient_probability
emcad,9103,model_specific,8,0.4444444444444444,0.125,maximum_calibrated_patient_probability
emcad,9103,model_specific,9,0.5,0.1111111111111111,maximum_calibrated_patient_probability
emcad,9103,model_specific,10,0.5555555555555556,0.1,maximum_calibrated_patient_probability
emcad,9103,model_specific,11,0.6111111111111112,0.09090909090909091,maximum_calibrated_patient_probability
emcad,9103,model_specific,12,0.6666666666666666,0.16666666666666666,maximum_calibrated_patient_probability
emcad,9103,model_specific,13,0.7222222222222222,0.23076923076923078,maximum_calibrated_patient_probability
emcad,9103,model_specific,14,0.7777777777777778,0.2857142857142857,maximum_calibrated_patient_probability
emcad,9103,model_specific,15,0.8333333333333334,0.26666666666666666,maximum_calibrated_patient_probability
emcad,9103,model_specific,16,0.8888888888888888,0.3125,maximum_calibrated_patient_probability
emcad,9103,model_specific,17,0.9444444444444444,0.35294117647058826,maximum_calibrated_patient_probability
emcad,9103,model_specific,18,1.0,0.3888888888888889,maximum_calibrated_patient_probability
emcad,9103,standardized_resnet18,1,0.05555555555555555,0.0,maximum_calibrated_patient_probability
emcad,9103,standardized_resnet18,2,0.1111111111111111,0.0,maximum_calibrated_patient_probability
emcad,9103,standardized_resnet18,3,0.16666666666666666,0.0,maximum_calibrated_patient_probability
emcad,9103,standardized_resnet18,4,0.2222222222222222,0.0,maximum_calibrated_patient_probability
emcad,9103,standardized_resnet18,5,0.2777777777777778,0.2,maximum_calibrated_patient_probability
emcad,9103,standardized_resnet18,6,0.3333333333333333,0.16666666666666666,maximum_calibrated_patient_probability
emcad,9103,standardized_resnet18,7,0.3888888888888889,0.14285714285714285,maximum_calibrated_patient_probability
emcad,9103,standardized_resnet18,8,0.4444444444444444,0.125,maximum_calibrated_patient_probability
emcad,9103,standardized_resnet18,9,0.5,0.1111111111111111,maximum_calibrated_patient_probability
emcad,9103,standardized_resnet18,10,0.5555555555555556,0.1,maximum_calibrated_patient_probability
emcad,9103,standardized_resnet18,11,0.6111111111111112,0.18181818181818182,maximum_calibrated_patient_probability
emcad,9103,standardized_resnet18,12,0.6666666666666666,0.25,maximum_calibrated_patient_probability
emcad,9103,standardized_resnet18,13,0.7222222222222222,0.3076923076923077,maximum_calibrated_patient_probability
emcad,9103,standardized_resnet18,14,0.7777777777777778,0.35714285714285715,maximum_calibrated_patient_probability
emcad,9103,standardized_resnet18,15,0.8333333333333334,0.3333333333333333,maximum_calibrated_patient_probability
emcad,9103,standardized_resnet18,16,0.8888888888888888,0.375,maximum_calibrated_patient_probability
emcad,9103,standardized_resnet18,17,0.9444444444444444,0.4117647058823529,maximum_calibrated_patient_probability
emcad,9103,standardized_resnet18,18,1.0,0.4444444444444444,maximum_calibrated_patient_probability
sam2_unet,17,model_specific,1,0.05555555555555555,0.0,maximum_calibrated_patient_probability
sam2_unet,17,model_specific,2,0.1111111111111111,0.0,maximum_calibrated_patient_probability
sam2_unet,17,model_specific,3,0.16666666666666666,0.0,maximum_calibrated_patient_probability
sam2_unet,17,model_specific,4,0.2222222222222222,0.25,maximum_calibrated_patient_probability
sam2_unet,17,model_specific,5,0.2777777777777778,0.2,maximum_calibrated_patient_probability
sam2_unet,17,model_specific,6,0.3333333333333333,0.16666666666666666,maximum_calibrated_patient_probability
sam2_unet,17,model_specific,7,0.3888888888888889,0.14285714285714285,maximum_calibrated_patient_probability
sam2_unet,17,model_specific,8,0.4444444444444444,0.25,maximum_calibrated_patient_probability
sam2_unet,17,model_specific,9,0.5,0.2222222222222222,maximum_calibrated_patient_probability
sam2_unet,17,model_specific,10,0.5555555555555556,0.2,maximum_calibrated_patient_probability
sam2_unet,17,model_specific,11,0.6111111111111112,0.2727272727272727,maximum_calibrated_patient_probability
sam2_unet,17,model_specific,12,0.6666666666666666,0.25,maximum_calibrated_patient_probability
sam2_unet,17,model_specific,13,0.7222222222222222,0.23076923076923078,maximum_calibrated_patient_probability
sam2_unet,17,model_specific,14,0.7777777777777778,0.2857142857142857,maximum_calibrated_patient_probability
sam2_unet,17,model_specific,15,0.8333333333333334,0.26666666666666666,maximum_calibrated_patient_probability
sam2_unet,17,model_specific,16,0.8888888888888888,0.3125,maximum_calibrated_patient_probability
sam2_unet,17,model_specific,17,0.9444444444444444,0.29411764705882354,maximum_calibrated_patient_probability
sam2_unet,17,model_specific,18,1.0,0.2777777777777778,maximum_calibrated_patient_probability
sam2_unet,17,standardized_resnet18,1,0.05555555555555555,0.0,maximum_calibrated_patient_probability
sam2_unet,17,standardized_resnet18,2,0.1111111111111111,0.0,maximum_calibrated_patient_probability
sam2_unet,17,standardized_resnet18,3,0.16666666666666666,0.0,maximum_calibrated_patient_probability
sam2_unet,17,standardized_resnet18,4,0.2222222222222222,0.0,maximum_calibrated_patient_probability
sam2_unet,17,standardized_resnet18,5,0.2777777777777778,0.2,maximum_calibrated_patient_probability
sam2_unet,17,standardized_resnet18,6,0.3333333333333333,0.16666666666666666,maximum_calibrated_patient_probability
sam2_unet,17,standardized_resnet18,7,0.3888888888888889,0.2857142857142857,maximum_calibrated_patient_probability
sam2_unet,17,standardized_resnet18,8,0.4444444444444444,0.25,maximum_calibrated_patient_probability
sam2_unet,17,standardized_resnet18,9,0.5,0.3333333333333333,maximum_calibrated_patient_probability
sam2_unet,17,standardized_resnet18,10,0.5555555555555556,0.3,maximum_calibrated_patient_probability
sam2_unet,17,standardized_resnet18,11,0.6111111111111112,0.2727272727272727,maximum_calibrated_patient_probability
sam2_unet,17,standardized_resnet18,12,0.6666666666666666,0.3333333333333333,maximum_calibrated_patient_probability
sam2_unet,17,standardized_resnet18,13,0.7222222222222222,0.3076923076923077,maximum_calibrated_patient_probability
sam2_unet,17,standardized_resnet18,14,0.7777777777777778,0.2857142857142857,maximum_calibrated_patient_probability
sam2_unet,17,standardized_resnet18,15,0.8333333333333334,0.26666666666666666,maximum_calibrated_patient_probability
sam2_unet,17,standardized_resnet18,16,0.8888888888888888,0.25,maximum_calibrated_patient_probability
sam2_unet,17,standardized_resnet18,17,0.9444444444444444,0.29411764705882354,maximum_calibrated_patient_probability
sam2_unet,17,standardized_resnet18,18,1.0,0.2777777777777778,maximum_calibrated_patient_probability
sam2_unet,42,model_specific,1,0.05555555555555555,0.0,maximum_calibrated_patient_probability
sam2_unet,42,model_specific,2,0.1111111111111111,0.0,maximum_calibrated_patient_probability
sam2_unet,42,model_specific,3,0.16666666666666666,0.0,maximum_calibrated_patient_probability
sam2_unet,42,model_specific,4,0.2222222222222222,0.0,maximum_calibrated_patient_probability
sam2_unet,42,model_specific,5,0.2777777777777778,0.0,maximum_calibrated_patient_probability
sam2_unet,42,model_specific,6,0.3333333333333333,0.16666666666666666,maximum_calibrated_patient_probability
sam2_unet,42,model_specific,7,0.3888888888888889,0.14285714285714285,maximum_calibrated_patient_probability
sam2_unet,42,model_specific,8,0.4444444444444444,0.25,maximum_calibrated_patient_probability
sam2_unet,42,model_specific,9,0.5,0.2222222222222222,maximum_calibrated_patient_probability
sam2_unet,42,model_specific,10,0.5555555555555556,0.2,maximum_calibrated_patient_probability
sam2_unet,42,model_specific,11,0.6111111111111112,0.18181818181818182,maximum_calibrated_patient_probability
sam2_unet,42,model_specific,12,0.6666666666666666,0.16666666666666666,maximum_calibrated_patient_probability
sam2_unet,42,model_specific,13,0.7222222222222222,0.23076923076923078,maximum_calibrated_patient_probability
sam2_unet,42,model_specific,14,0.7777777777777778,0.2857142857142857,maximum_calibrated_patient_probability
sam2_unet,42,model_specific,15,0.8333333333333334,0.26666666666666666,maximum_calibrated_patient_probability
sam2_unet,42,model_specific,16,0.8888888888888888,0.3125,maximum_calibrated_patient_probability
sam2_unet,42,model_specific,17,0.9444444444444444,0.29411764705882354,maximum_calibrated_patient_probability
sam2_unet,42,model_specific,18,1.0,0.2777777777777778,maximum_calibrated_patient_probability
sam2_unet,42,standardized_resnet18,1,0.05555555555555555,1.0,maximum_calibrated_patient_probability
sam2_unet,42,standardized_resnet18,2,0.1111111111111111,0.5,maximum_calibrated_patient_probability
sam2_unet,42,standardized_resnet18,3,0.16666666666666666,0.3333333333333333,maximum_calibrated_patient_probability
sam2_unet,42,standardized_resnet18,4,0.2222222222222222,0.25,maximum_calibrated_patient_probability
sam2_unet,42,standardized_resnet18,5,0.2777777777777778,0.2,maximum_calibrated_patient_probability
sam2_unet,42,standardized_resnet18,6,0.3333333333333333,0.16666666666666666,maximum_calibrated_patient_probability
sam2_unet,42,standardized_resnet18,7,0.3888888888888889,0.14285714285714285,maximum_calibrated_patient_probability
sam2_unet,42,standardized_resnet18,8,0.4444444444444444,0.125,maximum_calibrated_patient_probability
sam2_unet,42,standardized_resnet18,9,0.5,0.1111111111111111,maximum_calibrated_patient_probability
sam2_unet,42,standardized_resnet18,10,0.5555555555555556,0.2,maximum_calibrated_patient_probability
sam2_unet,42,standardized_resnet18,11,0.6111111111111112,0.18181818181818182,maximum_calibrated_patient_probability
sam2_unet,42,standardized_resnet18,12,0.6666666666666666,0.16666666666666666,maximum_calibrated_patient_probability
sam2_unet,42,standardized_resnet18,13,0.7222222222222222,0.15384615384615385,maximum_calibrated_patient_probability
sam2_unet,42,standardized_resnet18,14,0.7777777777777778,0.21428571428571427,maximum_calibrated_patient_probability
sam2_unet,42,standardized_resnet18,15,0.8333333333333334,0.2,maximum_calibrated_patient_probability
sam2_unet,42,standardized_resnet18,16,0.8888888888888888,0.1875,maximum_calibrated_patient_probability
sam2_unet,42,standardized_resnet18,17,0.9444444444444444,0.23529411764705882,maximum_calibrated_patient_probability
sam2_unet,42,standardized_resnet18,18,1.0,0.2777777777777778,maximum_calibrated_patient_probability
sam2_unet,2026,model_specific,1,0.05555555555555555,0.0,maximum_calibrated_patient_probability
sam2_unet,2026,model_specific,2,0.1111111111111111,0.0,maximum_calibrated_patient_probability
sam2_unet,2026,model_specific,3,0.16666666666666666,0.0,maximum_calibrated_patient_probability
sam2_unet,2026,model_specific,4,0.2222222222222222,0.0,maximum_calibrated_patient_probability
sam2_unet,2026,model_specific,5,0.2777777777777778,0.0,maximum_calibrated_patient_probability
sam2_unet,2026,model_specific,6,0.3333333333333333,0.16666666666666666,maximum_calibrated_patient_probability
sam2_unet,2026,model_specific,7,0.3888888888888889,0.2857142857142857,maximum_calibrated_patient_probability
sam2_unet,2026,model_specific,8,0.4444444444444444,0.375,maximum_calibrated_patient_probability
sam2_unet,2026,model_specific,9,0.5,0.3333333333333333,maximum_calibrated_patient_probability
sam2_unet,2026,model_specific,10,0.5555555555555556,0.3,maximum_calibrated_patient_probability
sam2_unet,2026,model_specific,11,0.6111111111111112,0.36363636363636365,maximum_calibrated_patient_probability
sam2_unet,2026,model_specific,12,0.6666666666666666,0.3333333333333333,maximum_calibrated_patient_probability
sam2_unet,2026,model_specific,13,0.7222222222222222,0.38461538461538464,maximum_calibrated_patient_probability
sam2_unet,2026,model_specific,14,0.7777777777777778,0.35714285714285715,maximum_calibrated_patient_probability
sam2_unet,2026,model_specific,15,0.8333333333333334,0.3333333333333333,maximum_calibrated_patient_probability
sam2_unet,2026,model_specific,16,0.8888888888888888,0.3125,maximum_calibrated_patient_probability
sam2_unet,2026,model_specific,17,0.9444444444444444,0.35294117647058826,maximum_calibrated_patient_probability
sam2_unet,2026,model_specific,18,1.0,0.3333333333333333,maximum_calibrated_patient_probability
sam2_unet,2026,standardized_resnet18,1,0.05555555555555555,1.0,maximum_calibrated_patient_probability
sam2_unet,2026,standardized_resnet18,2,0.1111111111111111,0.5,maximum_calibrated_patient_probability
sam2_unet,2026,standardized_resnet18,3,0.16666666666666666,0.3333333333333333,maximum_calibrated_patient_probability
sam2_unet,2026,standardized_resnet18,4,0.2222222222222222,0.25,maximum_calibrated_patient_probability
sam2_unet,2026,standardized_resnet18,5,0.2777777777777778,0.4,maximum_calibrated_patient_probability
sam2_unet,2026,standardized_resnet18,6,0.3333333333333333,0.3333333333333333,maximum_calibrated_patient_probability
sam2_unet,2026,standardized_resnet18,7,0.3888888888888889,0.2857142857142857,maximum_calibrated_patient_probability
sam2_unet,2026,standardized_resnet18,8,0.4444444444444444,0.25,maximum_calibrated_patient_probability
sam2_unet,2026,standardized_resnet18,9,0.5,0.2222222222222222,maximum_calibrated_patient_probability
sam2_unet,2026,standardized_resnet18,10,0.5555555555555556,0.2,maximum_calibrated_patient_probability
sam2_unet,2026,standardized_resnet18,11,0.6111111111111112,0.2727272727272727,maximum_calibrated_patient_probability
sam2_unet,2026,standardized_resnet18,12,0.6666666666666666,0.25,maximum_calibrated_patient_probability
sam2_unet,2026,standardized_resnet18,13,0.7222222222222222,0.23076923076923078,maximum_calibrated_patient_probability
sam2_unet,2026,standardized_resnet18,14,0.7777777777777778,0.21428571428571427,maximum_calibrated_patient_probability
sam2_unet,2026,standardized_resnet18,15,0.8333333333333334,0.2,maximum_calibrated_patient_probability
sam2_unet,2026,standardized_resnet18,16,0.8888888888888888,0.1875,maximum_calibrated_patient_probability
sam2_unet,2026,standardized_resnet18,17,0.9444444444444444,0.23529411764705882,maximum_calibrated_patient_probability
sam2_unet,2026,standardized_resnet18,18,1.0,0.2222222222222222,maximum_calibrated_patient_probability
sam2_unet,3407,model_specific,1,0.05555555555555555,0.0,maximum_calibrated_patient_probability
sam2_unet,3407,model_specific,2,0.1111111111111111,0.0,maximum_calibrated_patient_probability
sam2_unet,3407,model_specific,3,0.16666666666666666,0.3333333333333333,maximum_calibrated_patient_probability
sam2_unet,3407,model_specific,4,0.2222222222222222,0.25,maximum_calibrated_patient_probability
sam2_unet,3407,model_specific,5,0.2777777777777778,0.4,maximum_calibrated_patient_probability
sam2_unet,3407,model_specific,6,0.3333333333333333,0.3333333333333333,maximum_calibrated_patient_probability
sam2_unet,3407,model_specific,7,0.3888888888888889,0.2857142857142857,maximum_calibrated_patient_probability
sam2_unet,3407,model_specific,8,0.4444444444444444,0.25,maximum_calibrated_patient_probability
sam2_unet,3407,model_specific,9,0.5,0.2222222222222222,maximum_calibrated_patient_probability
sam2_unet,3407,model_specific,10,0.5555555555555556,0.2,maximum_calibrated_patient_probability
sam2_unet,3407,model_specific,11,0.6111111111111112,0.18181818181818182,maximum_calibrated_patient_probability
sam2_unet,3407,model_specific,12,0.6666666666666666,0.25,maximum_calibrated_patient_probability
sam2_unet,3407,model_specific,13,0.7222222222222222,0.3076923076923077,maximum_calibrated_patient_probability
sam2_unet,3407,model_specific,14,0.7777777777777778,0.2857142857142857,maximum_calibrated_patient_probability
sam2_unet,3407,model_specific,15,0.8333333333333334,0.3333333333333333,maximum_calibrated_patient_probability
sam2_unet,3407,model_specific,16,0.8888888888888888,0.3125,maximum_calibrated_patient_probability
sam2_unet,3407,model_specific,17,0.9444444444444444,0.35294117647058826,maximum_calibrated_patient_probability
sam2_unet,3407,model_specific,18,1.0,0.3888888888888889,maximum_calibrated_patient_probability
sam2_unet,3407,standardized_resnet18,1,0.05555555555555555,0.0,maximum_calibrated_patient_probability
sam2_unet,3407,standardized_resnet18,2,0.1111111111111111,0.5,maximum_calibrated_patient_probability
sam2_unet,3407,standardized_resnet18,3,0.16666666666666666,0.3333333333333333,maximum_calibrated_patient_probability
sam2_unet,3407,standardized_resnet18,4,0.2222222222222222,0.25,maximum_calibrated_patient_probability
sam2_unet,3407,standardized_resnet18,5,0.2777777777777778,0.4,maximum_calibrated_patient_probability
sam2_unet,3407,standardized_resnet18,6,0.3333333333333333,0.5,maximum_calibrated_patient_probability
sam2_unet,3407,standardized_resnet18,7,0.3888888888888889,0.42857142857142855,maximum_calibrated_patient_probability
sam2_unet,3407,standardized_resnet18,8,0.4444444444444444,0.375,maximum_calibrated_patient_probability
sam2_unet,3407,standardized_resnet18,9,0.5,0.3333333333333333,maximum_calibrated_patient_probability
sam2_unet,3407,standardized_resnet18,10,0.5555555555555556,0.4,maximum_calibrated_patient_probability
sam2_unet,3407,standardized_resnet18,11,0.6111111111111112,0.45454545454545453,maximum_calibrated_patient_probability
sam2_unet,3407,standardized_resnet18,12,0.6666666666666666,0.5,maximum_calibrated_patient_probability
sam2_unet,3407,standardized_resnet18,13,0.7222222222222222,0.5384615384615384,maximum_calibrated_patient_probability
sam2_unet,3407,standardized_resnet18,14,0.7777777777777778,0.5,maximum_calibrated_patient_probability
sam2_unet,3407,standardized_resnet18,15,0.8333333333333334,0.4666666666666667,maximum_calibrated_patient_probability
sam2_unet,3407,standardized_resnet18,16,0.8888888888888888,0.5,maximum_calibrated_patient_probability
sam2_unet,3407,standardized_resnet18,17,0.9444444444444444,0.5294117647058824,maximum_calibrated_patient_probability
sam2_unet,3407,standardized_resnet18,18,1.0,0.5555555555555556,maximum_calibrated_patient_probability
sam2_unet,9103,model_specific,1,0.05555555555555555,0.0,maximum_calibrated_patient_probability
sam2_unet,9103,model_specific,2,0.1111111111111111,0.0,maximum_calibrated_patient_probability
sam2_unet,9103,model_specific,3,0.16666666666666666,0.0,maximum_calibrated_patient_probability
sam2_unet,9103,model_specific,4,0.2222222222222222,0.0,maximum_calibrated_patient_probability
sam2_unet,9103,model_specific,5,0.2777777777777778,0.0,maximum_calibrated_patient_probability
sam2_unet,9103,model_specific,6,0.3333333333333333,0.0,maximum_calibrated_patient_probability
sam2_unet,9103,model_specific,7,0.3888888888888889,0.14285714285714285,maximum_calibrated_patient_probability
sam2_unet,9103,model_specific,8,0.4444444444444444,0.125,maximum_calibrated_patient_probability
sam2_unet,9103,model_specific,9,0.5,0.2222222222222222,maximum_calibrated_patient_probability
sam2_unet,9103,model_specific,10,0.5555555555555556,0.2,maximum_calibrated_patient_probability
sam2_unet,9103,model_specific,11,0.6111111111111112,0.18181818181818182,maximum_calibrated_patient_probability
sam2_unet,9103,model_specific,12,0.6666666666666666,0.16666666666666666,maximum_calibrated_patient_probability
sam2_unet,9103,model_specific,13,0.7222222222222222,0.23076923076923078,maximum_calibrated_patient_probability
sam2_unet,9103,model_specific,14,0.7777777777777778,0.2857142857142857,maximum_calibrated_patient_probability
sam2_unet,9103,model_specific,15,0.8333333333333334,0.3333333333333333,maximum_calibrated_patient_probability
sam2_unet,9103,model_specific,16,0.8888888888888888,0.375,maximum_calibrated_patient_probability
sam2_unet,9103,model_specific,17,0.9444444444444444,0.4117647058823529,maximum_calibrated_patient_probability
sam2_unet,9103,model_specific,18,1.0,0.4444444444444444,maximum_calibrated_patient_probability
sam2_unet,9103,standardized_resnet18,1,0.05555555555555555,0.0,maximum_calibrated_patient_probability
sam2_unet,9103,standardized_resnet18,2,0.1111111111111111,0.0,maximum_calibrated_patient_probability
sam2_unet,9103,standardized_resnet18,3,0.16666666666666666,0.0,maximum_calibrated_patient_probability
sam2_unet,9103,standardized_resnet18,4,0.2222222222222222,0.0,maximum_calibrated_patient_probability
sam2_unet,9103,standardized_resnet18,5,0.2777777777777778,0.2,maximum_calibrated_patient_probability
sam2_unet,9103,standardized_resnet18,6,0.3333333333333333,0.3333333333333333,maximum_calibrated_patient_probability
sam2_unet,9103,standardized_resnet18,7,0.3888888888888889,0.42857142857142855,maximum_calibrated_patient_probability
sam2_unet,9103,standardized_resnet18,8,0.4444444444444444,0.375,maximum_calibrated_patient_probability
sam2_unet,9103,standardized_resnet18,9,0.5,0.3333333333333333,maximum_calibrated_patient_probability
sam2_unet,9103,standardized_resnet18,10,0.5555555555555556,0.4,maximum_calibrated_patient_probability
sam2_unet,9103,standardized_resnet18,11,0.6111111111111112,0.36363636363636365,maximum_calibrated_patient_probability
sam2_unet,9103,standardized_resnet18,12,0.6666666666666666,0.3333333333333333,maximum_calibrated_patient_probability
sam2_unet,9103,standardized_resnet18,13,0.7222222222222222,0.3076923076923077,maximum_calibrated_patient_probability
sam2_unet,9103,standardized_resnet18,14,0.7777777777777778,0.2857142857142857,maximum_calibrated_patient_probability
sam2_unet,9103,standardized_resnet18,15,0.8333333333333334,0.26666666666666666,maximum_calibrated_patient_probability
sam2_unet,9103,standardized_resnet18,16,0.8888888888888888,0.25,maximum_calibrated_patient_probability
sam2_unet,9103,standardized_resnet18,17,0.9444444444444444,0.23529411764705882,maximum_calibrated_patient_probability
sam2_unet,9103,standardized_resnet18,18,1.0,0.2777777777777778,maximum_calibrated_patient_probability
