model,class_index,class_name,seeds,roi_coverage,roi_coverage_sd,dice_all_mean,dice_all_sd,iou_all_mean,roi_hit_all_mean
emcad,0,normal,5,0.9842857142857142,0.03513821107499673,0.8277409462882938,0.03180915514478372,0.7207900411936794,0.96
emcad,1,papilledema,5,0.95,0.11180339887498947,0.7889016095828804,0.09011727804389041,0.6804057663502034,0.9285714285714286
emcad,2,pseudopapilledema,5,0.9642857142857142,0.07030364173224832,0.8097271145938091,0.07661865336164946,0.7046023363578214,0.9178571428571429
sam2_unet,0,normal,5,1.0,0.0,0.8733631308382213,0.014368484497271976,0.7803658314420823,0.9914285714285714
sam2_unet,1,papilledema,5,1.0,0.0,0.8269298286929277,0.018450849573085213,0.7108835184641524,0.9607142857142857
sam2_unet,2,pseudopapilledema,5,1.0,0.0,0.8466156937726135,0.01626756633224349,0.7391646789832311,1.0
vit_method2,0,normal,5,1.0,0.0,0.814979734722397,0.025653872595090933,0.6982187110224842,0.93
vit_method2,1,papilledema,5,0.9642857142857142,0.05503941074079444,0.7390319801999959,0.08002252673128313,0.6117896091371238,0.7607142857142857
vit_method2,2,pseudopapilledema,5,0.9571428571428571,0.05445696672134612,0.7571908832443508,0.0875870753718139,0.6369048085262741,0.8142857142857143
yolo26,0,normal,5,0.9514285714285714,0.07716269586175081,0.8088154484131858,0.06397265335681096,0.7094955134643196,0.93
yolo26,1,papilledema,5,0.8464285714285715,0.04824734316466531,0.6903210837822943,0.05074909384221313,0.5906431191652148,0.7857142857142858
yolo26,2,pseudopapilledema,5,0.8821428571428571,0.08432656395083993,0.7339037933030784,0.07625910097752124,0.6337325234939337,0.8607142857142858
